id,date,year_month,country,currency,currency_name,rate,frequency,source,created_at
1,2025_01_02,2025_01,China,CNY,중국 위안,7.19,Daily,State Administration of Foreign Exchange (SAFE) / People's Bank of China (PBOC),2026-10-01 01:53:36
2,2025_01_03,2025_01,China,CNY,중국 위안,7.19,Daily,State Administration of Foreign Exchange (SAFE) / People's Bank of China (PBOC),2026-10-01 01:53:36
3,2025_01_06,2025_01,China,CNY,중국 위안,7.19,Daily,State Administration of Foreign Exchange (SAFE) / People's Bank of China (PBOC),2026-10-01 01:53:36
4,2025_01_07,2025_01,China,CNY,중국 위안,7.19,Daily,State Administration of Foreign Exchange (SAFE) / People's Bank of China (PBOC),2026-10-01 01:53:36
5,2025_01_08,2025_01,China,CNY,중국 위안,7.19,Daily,State Administration of Foreign Exchange (SAFE) / People's Bank of China (PBOC),2026-10-01 01:53:36
6,2025_01_09,2025_01,China,CNY,중국 위안,7.19,Daily,State Administration of Foreign Exchange (SAFE) / People's Bank of China (PBOC),2026-10-01 01:53:36
7,2025_01_10,2025_01,China,CNY,중국 위안,7.19,Daily,State Administration of Foreign Exchange (SAFE) / People's Bank of China (PBOC),2026-10-01 01:53:36
8,2025_01_13,2025_01,China,CNY,중국 위안,7.19,Daily,State Administration of Foreign Exchange (SAFE) / People's Bank of China (PBOC),2026-10-01 01:53:36
9,2025_01_14,2025_01,China,CNY,중국 위안,7.19,Daily,State Administration of Foreign Exchange (SAFE) / People's Bank of China (PBOC),2026-10-01 01:53:36
10,2025_01_15,2025_01,China,CNY,중국 위안,7.19,Daily,State Administration of Foreign Exchange (SAFE) / People's Bank of China (PBOC),2026-10-01 01:53:36
11,2025_01_16,2025_01,China,CNY,중국 위안,7.19,Daily,State Administration of Foreign Exchange (SAFE) / People's Bank of China (PBOC),2026-10-01 01:53:36
12,2025_01_17,2025_01,China,CNY,중국 위안,7.19,Daily,State Administration of Foreign Exchange (SAFE) / People's Bank of China (PBOC),2026-10-01 01:53:36
13,2025_01_20,2025_01,China,CNY,중국 위안,7.19,Daily,State Administration of Foreign Exchange (SAFE) / People's Bank of China (PBOC),2026-10-01 01:53:36
14,2025_01_21,2025_01,China,CNY,중국 위안,7.17,Daily,State Administration of Foreign Exchange (SAFE) / People's Bank of China (PBOC),2026-10-01 01:53:36
15,2025_01_22,2025_01,China,CNY,중국 위안,7.17,Daily,State Administration of Foreign Exchange (SAFE) / People's Bank of China (PBOC),2026-10-01 01:53:36
16,2025_01_23,2025_01,China,CNY,중국 위안,7.17,Daily,State Administration of Foreign Exchange (SAFE) / People's Bank of China (PBOC),2026-10-01 01:53:36
17,2025_01_24,2025_01,China,CNY,중국 위안,7.17,Daily,State Administration of Foreign Exchange (SAFE) / People's Bank of China (PBOC),2026-10-01 01:53:36
18,2025_01_27,2025_01,China,CNY,중국 위안,7.17,Daily,State Administration of Foreign Exchange (SAFE) / People's Bank of China (PBOC),2026-10-01 01:53:36
19,2025_02_05,2025_02,China,CNY,중국 위안,7.17,Daily,State Administration of Foreign Exchange (SAFE) / People's Bank of China (PBOC),2026-10-01 01:53:36
20,2025_02_06,2025_02,China,CNY,중국 위안,7.17,Daily,State Administration of Foreign Exchange (SAFE) / People's Bank of China (PBOC),2026-10-01 01:53:36
21,2025_02_07,2025_02,China,CNY,중국 위안,7.17,Daily,State Administration of Foreign Exchange (SAFE) / People's Bank of China (PBOC),2026-10-01 01:53:36
22,2025_02_10,2025_02,China,CNY,중국 위안,7.17,Daily,State Administration of Foreign Exchange (SAFE) / People's Bank of China (PBOC),2026-10-01 01:53:36
23,2025_02_11,2025_02,China,CNY,중국 위안,7.17,Daily,State Administration of Foreign Exchange (SAFE) / People's Bank of China (PBOC),2026-10-01 01:53:36
24,2025_02_12,2025_02,China,CNY,중국 위안,7.17,Daily,State Administration of Foreign Exchange (SAFE) / People's Bank of China (PBOC),2026-10-01 01:53:36
25,2025_02_13,2025_02,China,CNY,중국 위안,7.17,Daily,State Administration of Foreign Exchange (SAFE) / People's Bank of China (PBOC),2026-10-01 01:53:36
26,2025_02_14,2025_02,China,CNY,중국 위안,7.17,Daily,State Administration of Foreign Exchange (SAFE) / People's Bank of China (PBOC),2026-10-01 01:53:36
27,2025_02_17,2025_02,China,CNY,중국 위안,7.17,Daily,State Administration of Foreign Exchange (SAFE) / People's Bank of China (PBOC),2026-10-01 01:53:36
28,2025_02_18,2025_02,China,CNY,중국 위안,7.17,Daily,State Administration of Foreign Exchange (SAFE) / People's Bank of China (PBOC),2026-10-01 01:53:36
29,2025_02_19,2025_02,China,CNY,중국 위안,7.17,Daily,State Administration of Foreign Exchange (SAFE) / People's Bank of China (PBOC),2026-10-01 01:53:36
30,2025_02_20,2025_02,China,CNY,중국 위안,7.17,Daily,State Administration of Foreign Exchange (SAFE) / People's Bank of China (PBOC),2026-10-01 01:53:36
31,2025_02_21,2025_02,China,CNY,중국 위안,7.17,Daily,State Administration of Foreign Exchange (SAFE) / People's Bank of China (PBOC),2026-10-01 01:53:36
32,2025_02_24,2025_02,China,CNY,중국 위안,7.17,Daily,State Administration of Foreign Exchange (SAFE) / People's Bank of China (PBOC),2026-10-01 01:53:36
33,2025_02_25,2025_02,China,CNY,중국 위안,7.17,Daily,State Administration of Foreign Exchange (SAFE) / People's Bank of China (PBOC),2026-10-01 01:53:36
34,2025_02_26,2025_02,China,CNY,중국 위안,7.17,Daily,State Administration of Foreign Exchange (SAFE) / People's Bank of China (PBOC),2026-10-01 01:53:36
35,2025_02_27,2025_02,China,CNY,중국 위안,7.17,Daily,State Administration of Foreign Exchange (SAFE) / People's Bank of China (PBOC),2026-10-01 01:53:36
36,2025_02_28,2025_02,China,CNY,중국 위안,7.17,Daily,State Administration of Foreign Exchange (SAFE) / People's Bank of China (PBOC),2026-10-01 01:53:36
37,2025_03_03,2025_03,China,CNY,중국 위안,7.17,Daily,State Administration of Foreign Exchange (SAFE) / People's Bank of China (PBOC),2026-10-01 01:53:36
38,2025_03_04,2025_03,China,CNY,중국 위안,7.17,Daily,State Administration of Foreign Exchange (SAFE) / People's Bank of China (PBOC),2026-10-01 01:53:36
39,2025_03_05,2025_03,China,CNY,중국 위안,7.17,Daily,State Administration of Foreign Exchange (SAFE) / People's Bank of China (PBOC),2026-10-01 01:53:36
40,2025_03_06,2025_03,China,CNY,중국 위안,7.17,Daily,State Administration of Foreign Exchange (SAFE) / People's Bank of China (PBOC),2026-10-01 01:53:36
41,2025_03_07,2025_03,China,CNY,중국 위안,7.17,Daily,State Administration of Foreign Exchange (SAFE) / People's Bank of China (PBOC),2026-10-01 01:53:36
42,2025_03_10,2025_03,China,CNY,중국 위안,7.17,Daily,State Administration of Foreign Exchange (SAFE) / People's Bank of China (PBOC),2026-10-01 01:53:36
43,2025_03_11,2025_03,China,CNY,중국 위안,7.17,Daily,State Administration of Foreign Exchange (SAFE) / People's Bank of China (PBOC),2026-10-01 01:53:36
44,2025_03_12,2025_03,China,CNY,중국 위안,7.17,Daily,State Administration of Foreign Exchange (SAFE) / People's Bank of China (PBOC),2026-10-01 01:53:36
45,2025_03_13,2025_03,China,CNY,중국 위안,7.17,Daily,State Administration of Foreign Exchange (SAFE) / People's Bank of China (PBOC),2026-10-01 01:53:36
46,2025_03_14,2025_03,China,CNY,중국 위안,7.17,Daily,State Administration of Foreign Exchange (SAFE) / People's Bank of China (PBOC),2026-10-01 01:53:36
47,2025_03_17,2025_03,China,CNY,중국 위안,7.17,Daily,State Administration of Foreign Exchange (SAFE) / People's Bank of China (PBOC),2026-10-01 01:53:36
48,2025_03_18,2025_03,China,CNY,중국 위안,7.17,Daily,State Administration of Foreign Exchange (SAFE) / People's Bank of China (PBOC),2026-10-01 01:53:36
49,2025_03_19,2025_03,China,CNY,중국 위안,7.17,Daily,State Administration of Foreign Exchange (SAFE) / People's Bank of China (PBOC),2026-10-01 01:53:36
50,2025_03_20,2025_03,China,CNY,중국 위안,7.18,Daily,State Administration of Foreign Exchange (SAFE) / People's Bank of China (PBOC),2026-10-01 01:53:36
51,2025_03_21,2025_03,China,CNY,중국 위안,7.18,Daily,State Administration of Foreign Exchange (SAFE) / People's Bank of China (PBOC),2026-10-01 01:53:36
52,2025_03_24,2025_03,China,CNY,중국 위안,7.18,Daily,State Administration of Foreign Exchange (SAFE) / People's Bank of China (PBOC),2026-10-01 01:53:36
53,2025_03_25,2025_03,China,CNY,중국 위안,7.18,Daily,State Administration of Foreign Exchange (SAFE) / People's Bank of China (PBOC),2026-10-01 01:53:36
54,2025_03_26,2025_03,China,CNY,중국 위안,7.18,Daily,State Administration of Foreign Exchange (SAFE) / People's Bank of China (PBOC),2026-10-01 01:53:36
55,2025_03_27,2025_03,China,CNY,중국 위안,7.18,Daily,State Administration of Foreign Exchange (SAFE) / People's Bank of China (PBOC),2026-10-01 01:53:36
56,2025_03_28,2025_03,China,CNY,중국 위안,7.18,Daily,State Administration of Foreign Exchange (SAFE) / People's Bank of China (PBOC),2026-10-01 01:53:36
57,2025_03_31,2025_03,China,CNY,중국 위안,7.18,Daily,State Administration of Foreign Exchange (SAFE) / People's Bank of China (PBOC),2026-10-01 01:53:36
58,2025_04_01,2025_04,China,CNY,중국 위안,7.18,Daily,State Administration of Foreign Exchange (SAFE) / People's Bank of China (PBOC),2026-10-01 01:53:36
59,2025_04_02,2025_04,China,CNY,중국 위안,7.18,Daily,State Administration of Foreign Exchange (SAFE) / People's Bank of China (PBOC),2026-10-01 01:53:36
60,2025_04_03,2025_04,China,CNY,중국 위안,7.19,Daily,State Administration of Foreign Exchange (SAFE) / People's Bank of China (PBOC),2026-10-01 01:53:36
61,2025_04_07,2025_04,China,CNY,중국 위안,7.2,Daily,State Administration of Foreign Exchange (SAFE) / People's Bank of China (PBOC),2026-10-01 01:53:36
62,2025_04_08,2025_04,China,CNY,중국 위안,7.2,Daily,State Administration of Foreign Exchange (SAFE) / People's Bank of China (PBOC),2026-10-01 01:53:36
63,2025_04_09,2025_04,China,CNY,중국 위안,7.21,Daily,State Administration of Foreign Exchange (SAFE) / People's Bank of China (PBOC),2026-10-01 01:53:36
64,2025_04_10,2025_04,China,CNY,중국 위안,7.21,Daily,State Administration of Foreign Exchange (SAFE) / People's Bank of China (PBOC),2026-10-01 01:53:36
65,2025_04_11,2025_04,China,CNY,중국 위안,7.21,Daily,State Administration of Foreign Exchange (SAFE) / People's Bank of China (PBOC),2026-10-01 01:53:36
66,2025_04_14,2025_04,China,CNY,중국 위안,7.21,Daily,State Administration of Foreign Exchange (SAFE) / People's Bank of China (PBOC),2026-10-01 01:53:36
67,2025_04_15,2025_04,China,CNY,중국 위안,7.21,Daily,State Administration of Foreign Exchange (SAFE) / People's Bank of China (PBOC),2026-10-01 01:53:36
68,2025_04_16,2025_04,China,CNY,중국 위안,7.21,Daily,State Administration of Foreign Exchange (SAFE) / People's Bank of China (PBOC),2026-10-01 01:53:36
69,2025_04_17,2025_04,China,CNY,중국 위안,7.21,Daily,State Administration of Foreign Exchange (SAFE) / People's Bank of China (PBOC),2026-10-01 01:53:36
70,2025_04_18,2025_04,China,CNY,중국 위안,7.21,Daily,State Administration of Foreign Exchange (SAFE) / People's Bank of China (PBOC),2026-10-01 01:53:36
71,2025_04_21,2025_04,China,CNY,중국 위안,7.21,Daily,State Administration of Foreign Exchange (SAFE) / People's Bank of China (PBOC),2026-10-01 01:53:36
72,2025_04_22,2025_04,China,CNY,중국 위안,7.21,Daily,State Administration of Foreign Exchange (SAFE) / People's Bank of China (PBOC),2026-10-01 01:53:36
73,2025_04_23,2025_04,China,CNY,중국 위안,7.21,Daily,State Administration of Foreign Exchange (SAFE) / People's Bank of China (PBOC),2026-10-01 01:53:36
74,2025_04_24,2025_04,China,CNY,중국 위안,7.21,Daily,State Administration of Foreign Exchange (SAFE) / People's Bank of China (PBOC),2026-10-01 01:53:36
75,2025_04_25,2025_04,China,CNY,중국 위안,7.21,Daily,State Administration of Foreign Exchange (SAFE) / People's Bank of China (PBOC),2026-10-01 01:53:36
76,2025_04_28,2025_04,China,CNY,중국 위안,7.2,Daily,State Administration of Foreign Exchange (SAFE) / People's Bank of China (PBOC),2026-10-01 01:53:36
77,2025_04_29,2025_04,China,CNY,중국 위안,7.2,Daily,State Administration of Foreign Exchange (SAFE) / People's Bank of China (PBOC),2026-10-01 01:53:36
78,2025_04_30,2025_04,China,CNY,중국 위안,7.2,Daily,State Administration of Foreign Exchange (SAFE) / People's Bank of China (PBOC),2026-10-01 01:53:36
79,2025_05_06,2025_05,China,CNY,중국 위안,7.2,Daily,State Administration of Foreign Exchange (SAFE) / People's Bank of China (PBOC),2026-10-01 01:53:36
80,2025_05_07,2025_05,China,CNY,중국 위안,7.2,Daily,State Administration of Foreign Exchange (SAFE) / People's Bank of China (PBOC),2026-10-01 01:53:36
81,2025_05_08,2025_05,China,CNY,중국 위안,7.21,Daily,State Administration of Foreign Exchange (SAFE) / People's Bank of China (PBOC),2026-10-01 01:53:36
82,2025_05_09,2025_05,China,CNY,중국 위안,7.21,Daily,State Administration of Foreign Exchange (SAFE) / People's Bank of China (PBOC),2026-10-01 01:53:36
83,2025_05_12,2025_05,China,CNY,중국 위안,7.21,Daily,State Administration of Foreign Exchange (SAFE) / People's Bank of China (PBOC),2026-10-01 01:53:36
84,2025_05_13,2025_05,China,CNY,중국 위안,7.2,Daily,State Administration of Foreign Exchange (SAFE) / People's Bank of China (PBOC),2026-10-01 01:53:36
85,2025_05_14,2025_05,China,CNY,중국 위안,7.2,Daily,State Administration of Foreign Exchange (SAFE) / People's Bank of China (PBOC),2026-10-01 01:53:36
86,2025_05_15,2025_05,China,CNY,중국 위안,7.2,Daily,State Administration of Foreign Exchange (SAFE) / People's Bank of China (PBOC),2026-10-01 01:53:36
87,2025_05_16,2025_05,China,CNY,중국 위안,7.19,Daily,State Administration of Foreign Exchange (SAFE) / People's Bank of China (PBOC),2026-10-01 01:53:36
88,2025_05_19,2025_05,China,CNY,중국 위안,7.19,Daily,State Administration of Foreign Exchange (SAFE) / People's Bank of China (PBOC),2026-10-01 01:53:36
89,2025_05_20,2025_05,China,CNY,중국 위안,7.19,Daily,State Administration of Foreign Exchange (SAFE) / People's Bank of China (PBOC),2026-10-01 01:53:36
90,2025_05_21,2025_05,China,CNY,중국 위안,7.19,Daily,State Administration of Foreign Exchange (SAFE) / People's Bank of China (PBOC),2026-10-01 01:53:36
91,2025_05_22,2025_05,China,CNY,중국 위안,7.19,Daily,State Administration of Foreign Exchange (SAFE) / People's Bank of China (PBOC),2026-10-01 01:53:36
92,2025_05_23,2025_05,China,CNY,중국 위안,7.19,Daily,State Administration of Foreign Exchange (SAFE) / People's Bank of China (PBOC),2026-10-01 01:53:36
93,2025_05_26,2025_05,China,CNY,중국 위안,7.18,Daily,State Administration of Foreign Exchange (SAFE) / People's Bank of China (PBOC),2026-10-01 01:53:36
94,2025_05_27,2025_05,China,CNY,중국 위안,7.19,Daily,State Administration of Foreign Exchange (SAFE) / People's Bank of China (PBOC),2026-10-01 01:53:36
95,2025_05_28,2025_05,China,CNY,중국 위안,7.19,Daily,State Administration of Foreign Exchange (SAFE) / People's Bank of China (PBOC),2026-10-01 01:53:36
96,2025_05_29,2025_05,China,CNY,중국 위안,7.19,Daily,State Administration of Foreign Exchange (SAFE) / People's Bank of China (PBOC),2026-10-01 01:53:36
97,2025_05_30,2025_05,China,CNY,중국 위안,7.18,Daily,State Administration of Foreign Exchange (SAFE) / People's Bank of China (PBOC),2026-10-01 01:53:36
98,2025_06_03,2025_06,China,CNY,중국 위안,7.19,Daily,State Administration of Foreign Exchange (SAFE) / People's Bank of China (PBOC),2026-10-01 01:53:36
99,2025_06_04,2025_06,China,CNY,중국 위안,7.19,Daily,State Administration of Foreign Exchange (SAFE) / People's Bank of China (PBOC),2026-10-01 01:53:36
100,2025_06_05,2025_06,China,CNY,중국 위안,7.19,Daily,State Administration of Foreign Exchange (SAFE) / People's Bank of China (PBOC),2026-10-01 01:53:36
101,2025_06_06,2025_06,China,CNY,중국 위안,7.18,Daily,State Administration of Foreign Exchange (SAFE) / People's Bank of China (PBOC),2026-10-01 01:53:36
102,2025_06_09,2025_06,China,CNY,중국 위안,7.19,Daily,State Administration of Foreign Exchange (SAFE) / People's Bank of China (PBOC),2026-10-01 01:53:36
103,2025_06_10,2025_06,China,CNY,중국 위안,7.18,Daily,State Administration of Foreign Exchange (SAFE) / People's Bank of China (PBOC),2026-10-01 01:53:36
104,2025_06_11,2025_06,China,CNY,중국 위안,7.18,Daily,State Administration of Foreign Exchange (SAFE) / People's Bank of China (PBOC),2026-10-01 01:53:36
105,2025_06_12,2025_06,China,CNY,중국 위안,7.18,Daily,State Administration of Foreign Exchange (SAFE) / People's Bank of China (PBOC),2026-10-01 01:53:36
106,2025_06_13,2025_06,China,CNY,중국 위안,7.18,Daily,State Administration of Foreign Exchange (SAFE) / People's Bank of China (PBOC),2026-10-01 01:53:36
107,2025_06_16,2025_06,China,CNY,중국 위안,7.18,Daily,State Administration of Foreign Exchange (SAFE) / People's Bank of China (PBOC),2026-10-01 01:53:36
108,2025_06_17,2025_06,China,CNY,중국 위안,7.17,Daily,State Administration of Foreign Exchange (SAFE) / People's Bank of China (PBOC),2026-10-01 01:53:36
109,2025_06_18,2025_06,China,CNY,중국 위안,7.18,Daily,State Administration of Foreign Exchange (SAFE) / People's Bank of China (PBOC),2026-10-01 01:53:36
110,2025_06_19,2025_06,China,CNY,중국 위안,7.17,Daily,State Administration of Foreign Exchange (SAFE) / People's Bank of China (PBOC),2026-10-01 01:53:36
111,2025_06_20,2025_06,China,CNY,중국 위안,7.17,Daily,State Administration of Foreign Exchange (SAFE) / People's Bank of China (PBOC),2026-10-01 01:53:36
112,2025_06_23,2025_06,China,CNY,중국 위안,7.17,Daily,State Administration of Foreign Exchange (SAFE) / People's Bank of China (PBOC),2026-10-01 01:53:36
113,2025_06_24,2025_06,China,CNY,중국 위안,7.17,Daily,State Administration of Foreign Exchange (SAFE) / People's Bank of China (PBOC),2026-10-01 01:53:36
114,2025_06_25,2025_06,China,CNY,중국 위안,7.17,Daily,State Administration of Foreign Exchange (SAFE) / People's Bank of China (PBOC),2026-10-01 01:53:36
115,2025_06_26,2025_06,China,CNY,중국 위안,7.16,Daily,State Administration of Foreign Exchange (SAFE) / People's Bank of China (PBOC),2026-10-01 01:53:36
116,2025_06_27,2025_06,China,CNY,중국 위안,7.16,Daily,State Administration of Foreign Exchange (SAFE) / People's Bank of China (PBOC),2026-10-01 01:53:36
117,2025_06_30,2025_06,China,CNY,중국 위안,7.16,Daily,State Administration of Foreign Exchange (SAFE) / People's Bank of China (PBOC),2026-10-01 01:53:36
118,2025_07_01,2025_07,China,CNY,중국 위안,7.15,Daily,State Administration of Foreign Exchange (SAFE) / People's Bank of China (PBOC),2026-10-01 01:53:36
119,2025_07_02,2025_07,China,CNY,중국 위안,7.15,Daily,State Administration of Foreign Exchange (SAFE) / People's Bank of China (PBOC),2026-10-01 01:53:36
120,2025_07_03,2025_07,China,CNY,중국 위안,7.15,Daily,State Administration of Foreign Exchange (SAFE) / People's Bank of China (PBOC),2026-10-01 01:53:36
121,2025_07_04,2025_07,China,CNY,중국 위안,7.15,Daily,State Administration of Foreign Exchange (SAFE) / People's Bank of China (PBOC),2026-10-01 01:53:36
122,2025_07_07,2025_07,China,CNY,중국 위안,7.15,Daily,State Administration of Foreign Exchange (SAFE) / People's Bank of China (PBOC),2026-10-01 01:53:36
123,2025_07_08,2025_07,China,CNY,중국 위안,7.15,Daily,State Administration of Foreign Exchange (SAFE) / People's Bank of China (PBOC),2026-10-01 01:53:36
124,2025_07_09,2025_07,China,CNY,중국 위안,7.15,Daily,State Administration of Foreign Exchange (SAFE) / People's Bank of China (PBOC),2026-10-01 01:53:36
125,2025_07_10,2025_07,China,CNY,중국 위안,7.15,Daily,State Administration of Foreign Exchange (SAFE) / People's Bank of China (PBOC),2026-10-01 01:53:36
126,2025_07_11,2025_07,China,CNY,중국 위안,7.15,Daily,State Administration of Foreign Exchange (SAFE) / People's Bank of China (PBOC),2026-10-01 01:53:36
127,2025_07_14,2025_07,China,CNY,중국 위안,7.15,Daily,State Administration of Foreign Exchange (SAFE) / People's Bank of China (PBOC),2026-10-01 01:53:36
128,2025_07_15,2025_07,China,CNY,중국 위안,7.15,Daily,State Administration of Foreign Exchange (SAFE) / People's Bank of China (PBOC),2026-10-01 01:53:36
129,2025_07_16,2025_07,China,CNY,중국 위안,7.15,Daily,State Administration of Foreign Exchange (SAFE) / People's Bank of China (PBOC),2026-10-01 01:53:36
130,2025_07_17,2025_07,China,CNY,중국 위안,7.15,Daily,State Administration of Foreign Exchange (SAFE) / People's Bank of China (PBOC),2026-10-01 01:53:36
131,2025_07_18,2025_07,China,CNY,중국 위안,7.15,Daily,State Administration of Foreign Exchange (SAFE) / People's Bank of China (PBOC),2026-10-01 01:53:36
132,2025_07_21,2025_07,China,CNY,중국 위안,7.15,Daily,State Administration of Foreign Exchange (SAFE) / People's Bank of China (PBOC),2026-10-01 01:53:36
133,2025_07_22,2025_07,China,CNY,중국 위안,7.15,Daily,State Administration of Foreign Exchange (SAFE) / People's Bank of China (PBOC),2026-10-01 01:53:36
134,2025_07_23,2025_07,China,CNY,중국 위안,7.14,Daily,State Administration of Foreign Exchange (SAFE) / People's Bank of China (PBOC),2026-10-01 01:53:36
135,2025_07_24,2025_07,China,CNY,중국 위안,7.14,Daily,State Administration of Foreign Exchange (SAFE) / People's Bank of China (PBOC),2026-10-01 01:53:36
136,2025_07_25,2025_07,China,CNY,중국 위안,7.14,Daily,State Administration of Foreign Exchange (SAFE) / People's Bank of China (PBOC),2026-10-01 01:53:36
137,2025_07_28,2025_07,China,CNY,중국 위안,7.15,Daily,State Administration of Foreign Exchange (SAFE) / People's Bank of China (PBOC),2026-10-01 01:53:36
138,2025_07_29,2025_07,China,CNY,중국 위안,7.15,Daily,State Administration of Foreign Exchange (SAFE) / People's Bank of China (PBOC),2026-10-01 01:53:36
139,2025_07_30,2025_07,China,CNY,중국 위안,7.14,Daily,State Administration of Foreign Exchange (SAFE) / People's Bank of China (PBOC),2026-10-01 01:53:36
140,2025_07_31,2025_07,China,CNY,중국 위안,7.15,Daily,State Administration of Foreign Exchange (SAFE) / People's Bank of China (PBOC),2026-10-01 01:53:36
141,2025_08_01,2025_08,China,CNY,중국 위안,7.15,Daily,State Administration of Foreign Exchange (SAFE) / People's Bank of China (PBOC),2026-10-01 01:53:36
142,2025_08_04,2025_08,China,CNY,중국 위안,7.14,Daily,State Administration of Foreign Exchange (SAFE) / People's Bank of China (PBOC),2026-10-01 01:53:36
143,2025_08_05,2025_08,China,CNY,중국 위안,7.14,Daily,State Administration of Foreign Exchange (SAFE) / People's Bank of China (PBOC),2026-10-01 01:53:36
144,2025_08_06,2025_08,China,CNY,중국 위안,7.14,Daily,State Administration of Foreign Exchange (SAFE) / People's Bank of China (PBOC),2026-10-01 01:53:36
145,2025_08_07,2025_08,China,CNY,중국 위안,7.13,Daily,State Administration of Foreign Exchange (SAFE) / People's Bank of China (PBOC),2026-10-01 01:53:36
146,2025_08_08,2025_08,China,CNY,중국 위안,7.14,Daily,State Administration of Foreign Exchange (SAFE) / People's Bank of China (PBOC),2026-10-01 01:53:36
147,2025_08_11,2025_08,China,CNY,중국 위안,7.14,Daily,State Administration of Foreign Exchange (SAFE) / People's Bank of China (PBOC),2026-10-01 01:53:36
148,2025_08_12,2025_08,China,CNY,중국 위안,7.14,Daily,State Administration of Foreign Exchange (SAFE) / People's Bank of China (PBOC),2026-10-01 01:53:36
149,2025_08_13,2025_08,China,CNY,중국 위안,7.13,Daily,State Administration of Foreign Exchange (SAFE) / People's Bank of China (PBOC),2026-10-01 01:53:36
150,2025_08_14,2025_08,China,CNY,중국 위안,7.13,Daily,State Administration of Foreign Exchange (SAFE) / People's Bank of China (PBOC),2026-10-01 01:53:36
151,2025_08_15,2025_08,China,CNY,중국 위안,7.14,Daily,State Administration of Foreign Exchange (SAFE) / People's Bank of China (PBOC),2026-10-01 01:53:36
152,2025_08_18,2025_08,China,CNY,중국 위안,7.13,Daily,State Administration of Foreign Exchange (SAFE) / People's Bank of China (PBOC),2026-10-01 01:53:36
153,2025_08_19,2025_08,China,CNY,중국 위안,7.14,Daily,State Administration of Foreign Exchange (SAFE) / People's Bank of China (PBOC),2026-10-01 01:53:36
154,2025_08_20,2025_08,China,CNY,중국 위안,7.14,Daily,State Administration of Foreign Exchange (SAFE) / People's Bank of China (PBOC),2026-10-01 01:53:36
155,2025_08_21,2025_08,China,CNY,중국 위안,7.13,Daily,State Administration of Foreign Exchange (SAFE) / People's Bank of China (PBOC),2026-10-01 01:53:36
156,2025_08_22,2025_08,China,CNY,중국 위안,7.13,Daily,State Administration of Foreign Exchange (SAFE) / People's Bank of China (PBOC),2026-10-01 01:53:36
157,2025_08_25,2025_08,China,CNY,중국 위안,7.12,Daily,State Administration of Foreign Exchange (SAFE) / People's Bank of China (PBOC),2026-10-01 01:53:36
158,2025_08_26,2025_08,China,CNY,중국 위안,7.12,Daily,State Administration of Foreign Exchange (SAFE) / People's Bank of China (PBOC),2026-10-01 01:53:36
159,2025_08_27,2025_08,China,CNY,중국 위안,7.11,Daily,State Administration of Foreign Exchange (SAFE) / People's Bank of China (PBOC),2026-10-01 01:53:36
160,2025_08_28,2025_08,China,CNY,중국 위안,7.11,Daily,State Administration of Foreign Exchange (SAFE) / People's Bank of China (PBOC),2026-10-01 01:53:36
161,2025_08_29,2025_08,China,CNY,중국 위안,7.1,Daily,State Administration of Foreign Exchange (SAFE) / People's Bank of China (PBOC),2026-10-01 01:53:36
162,2025_09_01,2025_09,China,CNY,중국 위안,7.11,Daily,State Administration of Foreign Exchange (SAFE) / People's Bank of China (PBOC),2026-10-01 01:53:36
163,2025_09_02,2025_09,China,CNY,중국 위안,7.11,Daily,State Administration of Foreign Exchange (SAFE) / People's Bank of China (PBOC),2026-10-01 01:53:36
164,2025_09_03,2025_09,China,CNY,중국 위안,7.11,Daily,State Administration of Foreign Exchange (SAFE) / People's Bank of China (PBOC),2026-10-01 01:53:36
165,2025_09_04,2025_09,China,CNY,중국 위안,7.11,Daily,State Administration of Foreign Exchange (SAFE) / People's Bank of China (PBOC),2026-10-01 01:53:36
166,2025_09_05,2025_09,China,CNY,중국 위안,7.11,Daily,State Administration of Foreign Exchange (SAFE) / People's Bank of China (PBOC),2026-10-01 01:53:36
167,2025_09_08,2025_09,China,CNY,중국 위안,7.1,Daily,State Administration of Foreign Exchange (SAFE) / People's Bank of China (PBOC),2026-10-01 01:53:36
168,2025_09_09,2025_09,China,CNY,중국 위안,7.1,Daily,State Administration of Foreign Exchange (SAFE) / People's Bank of China (PBOC),2026-10-01 01:53:36
169,2025_09_10,2025_09,China,CNY,중국 위안,7.11,Daily,State Administration of Foreign Exchange (SAFE) / People's Bank of China (PBOC),2026-10-01 01:53:36
170,2025_09_11,2025_09,China,CNY,중국 위안,7.1,Daily,State Administration of Foreign Exchange (SAFE) / People's Bank of China (PBOC),2026-10-01 01:53:36
171,2025_09_12,2025_09,China,CNY,중국 위안,7.1,Daily,State Administration of Foreign Exchange (SAFE) / People's Bank of China (PBOC),2026-10-01 01:53:36
172,2025_09_15,2025_09,China,CNY,중국 위안,7.11,Daily,State Administration of Foreign Exchange (SAFE) / People's Bank of China (PBOC),2026-10-01 01:53:36
173,2025_09_16,2025_09,China,CNY,중국 위안,7.1,Daily,State Administration of Foreign Exchange (SAFE) / People's Bank of China (PBOC),2026-10-01 01:53:36
174,2025_09_17,2025_09,China,CNY,중국 위안,7.1,Daily,State Administration of Foreign Exchange (SAFE) / People's Bank of China (PBOC),2026-10-01 01:53:36
175,2025_09_18,2025_09,China,CNY,중국 위안,7.11,Daily,State Administration of Foreign Exchange (SAFE) / People's Bank of China (PBOC),2026-10-01 01:53:36
176,2025_09_19,2025_09,China,CNY,중국 위안,7.11,Daily,State Administration of Foreign Exchange (SAFE) / People's Bank of China (PBOC),2026-10-01 01:53:36
177,2025_09_22,2025_09,China,CNY,중국 위안,7.11,Daily,State Administration of Foreign Exchange (SAFE) / People's Bank of China (PBOC),2026-10-01 01:53:36
178,2025_09_23,2025_09,China,CNY,중국 위안,7.11,Daily,State Administration of Foreign Exchange (SAFE) / People's Bank of China (PBOC),2026-10-01 01:53:36
179,2025_09_24,2025_09,China,CNY,중국 위안,7.11,Daily,State Administration of Foreign Exchange (SAFE) / People's Bank of China (PBOC),2026-10-01 01:53:36
180,2025_09_25,2025_09,China,CNY,중국 위안,7.11,Daily,State Administration of Foreign Exchange (SAFE) / People's Bank of China (PBOC),2026-10-01 01:53:36
181,2025_09_26,2025_09,China,CNY,중국 위안,7.12,Daily,State Administration of Foreign Exchange (SAFE) / People's Bank of China (PBOC),2026-10-01 01:53:36
182,2025_09_29,2025_09,China,CNY,중국 위안,7.11,Daily,State Administration of Foreign Exchange (SAFE) / People's Bank of China (PBOC),2026-10-01 01:53:36
183,2025_09_30,2025_09,China,CNY,중국 위안,7.11,Daily,State Administration of Foreign Exchange (SAFE) / People's Bank of China (PBOC),2026-10-01 01:53:36
184,2025_10_09,2025_10,China,CNY,중국 위안,7.11,Daily,State Administration of Foreign Exchange (SAFE) / People's Bank of China (PBOC),2026-10-01 01:53:36
185,2025_10_10,2025_10,China,CNY,중국 위안,7.1,Daily,State Administration of Foreign Exchange (SAFE) / People's Bank of China (PBOC),2026-10-01 01:53:36
186,2025_10_13,2025_10,China,CNY,중국 위안,7.1,Daily,State Administration of Foreign Exchange (SAFE) / People's Bank of China (PBOC),2026-10-01 01:53:36
187,2025_10_14,2025_10,China,CNY,중국 위안,7.1,Daily,State Administration of Foreign Exchange (SAFE) / People's Bank of China (PBOC),2026-10-01 01:53:36
188,2025_10_15,2025_10,China,CNY,중국 위안,7.1,Daily,State Administration of Foreign Exchange (SAFE) / People's Bank of China (PBOC),2026-10-01 01:53:36
189,2025_10_16,2025_10,China,CNY,중국 위안,7.1,Daily,State Administration of Foreign Exchange (SAFE) / People's Bank of China (PBOC),2026-10-01 01:53:36
190,2025_10_17,2025_10,China,CNY,중국 위안,7.09,Daily,State Administration of Foreign Exchange (SAFE) / People's Bank of China (PBOC),2026-10-01 01:53:36
191,2025_10_20,2025_10,China,CNY,중국 위안,7.1,Daily,State Administration of Foreign Exchange (SAFE) / People's Bank of China (PBOC),2026-10-01 01:53:36
192,2025_10_21,2025_10,China,CNY,중국 위안,7.09,Daily,State Administration of Foreign Exchange (SAFE) / People's Bank of China (PBOC),2026-10-01 01:53:36
193,2025_10_22,2025_10,China,CNY,중국 위안,7.1,Daily,State Administration of Foreign Exchange (SAFE) / People's Bank of China (PBOC),2026-10-01 01:53:36
194,2025_10_23,2025_10,China,CNY,중국 위안,7.09,Daily,State Administration of Foreign Exchange (SAFE) / People's Bank of China (PBOC),2026-10-01 01:53:36
195,2025_10_24,2025_10,China,CNY,중국 위안,7.09,Daily,State Administration of Foreign Exchange (SAFE) / People's Bank of China (PBOC),2026-10-01 01:53:36
196,2025_10_27,2025_10,China,CNY,중국 위안,7.09,Daily,State Administration of Foreign Exchange (SAFE) / People's Bank of China (PBOC),2026-10-01 01:53:36
197,2025_10_28,2025_10,China,CNY,중국 위안,7.09,Daily,State Administration of Foreign Exchange (SAFE) / People's Bank of China (PBOC),2026-10-01 01:53:36
198,2025_10_29,2025_10,China,CNY,중국 위안,7.08,Daily,State Administration of Foreign Exchange (SAFE) / People's Bank of China (PBOC),2026-10-01 01:53:36
199,2025_10_30,2025_10,China,CNY,중국 위안,7.09,Daily,State Administration of Foreign Exchange (SAFE) / People's Bank of China (PBOC),2026-10-01 01:53:36
200,2025_10_31,2025_10,China,CNY,중국 위안,7.09,Daily,State Administration of Foreign Exchange (SAFE) / People's Bank of China (PBOC),2026-10-01 01:53:36
201,2025_11_03,2025_11,China,CNY,중국 위안,7.09,Daily,State Administration of Foreign Exchange (SAFE) / People's Bank of China (PBOC),2026-10-01 01:53:36
202,2025_11_04,2025_11,China,CNY,중국 위안,7.09,Daily,State Administration of Foreign Exchange (SAFE) / People's Bank of China (PBOC),2026-10-01 01:53:36
203,2025_11_05,2025_11,China,CNY,중국 위안,7.09,Daily,State Administration of Foreign Exchange (SAFE) / People's Bank of China (PBOC),2026-10-01 01:53:36
204,2025_11_06,2025_11,China,CNY,중국 위안,7.09,Daily,State Administration of Foreign Exchange (SAFE) / People's Bank of China (PBOC),2026-10-01 01:53:36
205,2025_11_07,2025_11,China,CNY,중국 위안,7.08,Daily,State Administration of Foreign Exchange (SAFE) / People's Bank of China (PBOC),2026-10-01 01:53:36
206,2025_11_10,2025_11,China,CNY,중국 위안,7.09,Daily,State Administration of Foreign Exchange (SAFE) / People's Bank of China (PBOC),2026-10-01 01:53:36
207,2025_11_11,2025_11,China,CNY,중국 위안,7.09,Daily,State Administration of Foreign Exchange (SAFE) / People's Bank of China (PBOC),2026-10-01 01:53:36
208,2025_11_12,2025_11,China,CNY,중국 위안,7.08,Daily,State Administration of Foreign Exchange (SAFE) / People's Bank of China (PBOC),2026-10-01 01:53:36
209,2025_11_13,2025_11,China,CNY,중국 위안,7.09,Daily,State Administration of Foreign Exchange (SAFE) / People's Bank of China (PBOC),2026-10-01 01:53:36
210,2025_11_14,2025_11,China,CNY,중국 위안,7.08,Daily,State Administration of Foreign Exchange (SAFE) / People's Bank of China (PBOC),2026-10-01 01:53:36
211,2025_11_17,2025_11,China,CNY,중국 위안,7.08,Daily,State Administration of Foreign Exchange (SAFE) / People's Bank of China (PBOC),2026-10-01 01:53:36
212,2025_11_18,2025_11,China,CNY,중국 위안,7.09,Daily,State Administration of Foreign Exchange (SAFE) / People's Bank of China (PBOC),2026-10-01 01:53:36
213,2025_11_19,2025_11,China,CNY,중국 위안,7.09,Daily,State Administration of Foreign Exchange (SAFE) / People's Bank of China (PBOC),2026-10-01 01:53:36
214,2025_11_20,2025_11,China,CNY,중국 위안,7.09,Daily,State Administration of Foreign Exchange (SAFE) / People's Bank of China (PBOC),2026-10-01 01:53:36
215,2025_11_21,2025_11,China,CNY,중국 위안,7.09,Daily,State Administration of Foreign Exchange (SAFE) / People's Bank of China (PBOC),2026-10-01 01:53:36
216,2025_11_24,2025_11,China,CNY,중국 위안,7.08,Daily,State Administration of Foreign Exchange (SAFE) / People's Bank of China (PBOC),2026-10-01 01:53:36
217,2025_11_25,2025_11,China,CNY,중국 위안,7.08,Daily,State Administration of Foreign Exchange (SAFE) / People's Bank of China (PBOC),2026-10-01 01:53:36
218,2025_11_26,2025_11,China,CNY,중국 위안,7.08,Daily,State Administration of Foreign Exchange (SAFE) / People's Bank of China (PBOC),2026-10-01 01:53:36
219,2025_11_27,2025_11,China,CNY,중국 위안,7.08,Daily,State Administration of Foreign Exchange (SAFE) / People's Bank of China (PBOC),2026-10-01 01:53:36
220,2025_11_28,2025_11,China,CNY,중국 위안,7.08,Daily,State Administration of Foreign Exchange (SAFE) / People's Bank of China (PBOC),2026-10-01 01:53:36
221,2025_12_01,2025_12,China,CNY,중국 위안,7.08,Daily,State Administration of Foreign Exchange (SAFE) / People's Bank of China (PBOC),2026-10-01 01:53:36
222,2025_12_02,2025_12,China,CNY,중국 위안,7.08,Daily,State Administration of Foreign Exchange (SAFE) / People's Bank of China (PBOC),2026-10-01 01:53:36
223,2025_12_03,2025_12,China,CNY,중국 위안,7.08,Daily,State Administration of Foreign Exchange (SAFE) / People's Bank of China (PBOC),2026-10-01 01:53:36
224,2025_12_04,2025_12,China,CNY,중국 위안,7.07,Daily,State Administration of Foreign Exchange (SAFE) / People's Bank of China (PBOC),2026-10-01 01:53:36
225,2025_12_05,2025_12,China,CNY,중국 위안,7.07,Daily,State Administration of Foreign Exchange (SAFE) / People's Bank of China (PBOC),2026-10-01 01:53:36
226,2025_12_08,2025_12,China,CNY,중국 위안,7.08,Daily,State Administration of Foreign Exchange (SAFE) / People's Bank of China (PBOC),2026-10-01 01:53:36
227,2025_12_09,2025_12,China,CNY,중국 위안,7.08,Daily,State Administration of Foreign Exchange (SAFE) / People's Bank of China (PBOC),2026-10-01 01:53:36
228,2025_12_10,2025_12,China,CNY,중국 위안,7.08,Daily,State Administration of Foreign Exchange (SAFE) / People's Bank of China (PBOC),2026-10-01 01:53:36
229,2025_12_11,2025_12,China,CNY,중국 위안,7.07,Daily,State Administration of Foreign Exchange (SAFE) / People's Bank of China (PBOC),2026-10-01 01:53:36
230,2025_12_12,2025_12,China,CNY,중국 위안,7.06,Daily,State Administration of Foreign Exchange (SAFE) / People's Bank of China (PBOC),2026-10-01 01:53:36
231,2025_12_15,2025_12,China,CNY,중국 위안,7.07,Daily,State Administration of Foreign Exchange (SAFE) / People's Bank of China (PBOC),2026-10-01 01:53:36
232,2025_12_16,2025_12,China,CNY,중국 위안,7.06,Daily,State Administration of Foreign Exchange (SAFE) / People's Bank of China (PBOC),2026-10-01 01:53:36
233,2025_12_17,2025_12,China,CNY,중국 위안,7.06,Daily,State Administration of Foreign Exchange (SAFE) / People's Bank of China (PBOC),2026-10-01 01:53:36
234,2025_12_18,2025_12,China,CNY,중국 위안,7.06,Daily,State Administration of Foreign Exchange (SAFE) / People's Bank of China (PBOC),2026-10-01 01:53:36
235,2025_12_19,2025_12,China,CNY,중국 위안,7.05,Daily,State Administration of Foreign Exchange (SAFE) / People's Bank of China (PBOC),2026-10-01 01:53:36
236,2025_12_22,2025_12,China,CNY,중국 위안,7.06,Daily,State Administration of Foreign Exchange (SAFE) / People's Bank of China (PBOC),2026-10-01 01:53:36
237,2025_12_23,2025_12,China,CNY,중국 위안,7.05,Daily,State Administration of Foreign Exchange (SAFE) / People's Bank of China (PBOC),2026-10-01 01:53:36
238,2025_12_24,2025_12,China,CNY,중국 위안,7.05,Daily,State Administration of Foreign Exchange (SAFE) / People's Bank of China (PBOC),2026-10-01 01:53:36
239,2025_12_25,2025_12,China,CNY,중국 위안,7.04,Daily,State Administration of Foreign Exchange (SAFE) / People's Bank of China (PBOC),2026-10-01 01:53:36
240,2025_12_26,2025_12,China,CNY,중국 위안,7.04,Daily,State Administration of Foreign Exchange (SAFE) / People's Bank of China (PBOC),2026-10-01 01:53:36
241,2025_12_29,2025_12,China,CNY,중국 위안,7.03,Daily,State Administration of Foreign Exchange (SAFE) / People's Bank of China (PBOC),2026-10-01 01:53:36
242,2025_12_30,2025_12,China,CNY,중국 위안,7.03,Daily,State Administration of Foreign Exchange (SAFE) / People's Bank of China (PBOC),2026-10-01 01:53:36
243,2025_12_31,2025_12,China,CNY,중국 위안,7.03,Daily,State Administration of Foreign Exchange (SAFE) / People's Bank of China (PBOC),2026-10-01 01:53:36
244,2026_01_05,2026_01,China,CNY,중국 위안,7.02,Daily,State Administration of Foreign Exchange (SAFE) / People's Bank of China (PBOC),2026-10-01 01:53:36
245,2026_01_06,2026_01,China,CNY,중국 위안,7.02,Daily,State Administration of Foreign Exchange (SAFE) / People's Bank of China (PBOC),2026-10-01 01:53:36
246,2026_01_07,2026_01,China,CNY,중국 위안,7.02,Daily,State Administration of Foreign Exchange (SAFE) / People's Bank of China (PBOC),2026-10-01 01:53:36
247,2026_01_08,2026_01,China,CNY,중국 위안,7.02,Daily,State Administration of Foreign Exchange (SAFE) / People's Bank of China (PBOC),2026-10-01 01:53:36
248,2026_01_09,2026_01,China,CNY,중국 위안,7.01,Daily,State Administration of Foreign Exchange (SAFE) / People's Bank of China (PBOC),2026-10-01 01:53:36
249,2026_01_12,2026_01,China,CNY,중국 위안,7.01,Daily,State Administration of Foreign Exchange (SAFE) / People's Bank of China (PBOC),2026-10-01 01:53:36
250,2026_01_13,2026_01,China,CNY,중국 위안,7.01,Daily,State Administration of Foreign Exchange (SAFE) / People's Bank of China (PBOC),2026-10-01 01:53:36
251,2026_01_14,2026_01,China,CNY,중국 위안,7.01,Daily,State Administration of Foreign Exchange (SAFE) / People's Bank of China (PBOC),2026-10-01 01:53:36
252,2026_01_15,2026_01,China,CNY,중국 위안,7.01,Daily,State Administration of Foreign Exchange (SAFE) / People's Bank of China (PBOC),2026-10-01 01:53:36
253,2026_01_16,2026_01,China,CNY,중국 위안,7.01,Daily,State Administration of Foreign Exchange (SAFE) / People's Bank of China (PBOC),2026-10-01 01:53:36
254,2026_01_19,2026_01,China,CNY,중국 위안,7.01,Daily,State Administration of Foreign Exchange (SAFE) / People's Bank of China (PBOC),2026-10-01 01:53:36
255,2026_01_20,2026_01,China,CNY,중국 위안,7.0,Daily,State Administration of Foreign Exchange (SAFE) / People's Bank of China (PBOC),2026-10-01 01:53:36
256,2026_01_21,2026_01,China,CNY,중국 위안,7.0,Daily,State Administration of Foreign Exchange (SAFE) / People's Bank of China (PBOC),2026-10-01 01:53:36
257,2026_01_22,2026_01,China,CNY,중국 위안,7.0,Daily,State Administration of Foreign Exchange (SAFE) / People's Bank of China (PBOC),2026-10-01 01:53:36
258,2026_01_23,2026_01,China,CNY,중국 위안,6.99,Daily,State Administration of Foreign Exchange (SAFE) / People's Bank of China (PBOC),2026-10-01 01:53:36
259,2026_01_26,2026_01,China,CNY,중국 위안,6.98,Daily,State Administration of Foreign Exchange (SAFE) / People's Bank of China (PBOC),2026-10-01 01:53:36
260,2026_01_27,2026_01,China,CNY,중국 위안,6.99,Daily,State Administration of Foreign Exchange (SAFE) / People's Bank of China (PBOC),2026-10-01 01:53:36
261,2026_01_28,2026_01,China,CNY,중국 위안,6.98,Daily,State Administration of Foreign Exchange (SAFE) / People's Bank of China (PBOC),2026-10-01 01:53:36
262,2026_01_29,2026_01,China,CNY,중국 위안,6.98,Daily,State Administration of Foreign Exchange (SAFE) / People's Bank of China (PBOC),2026-10-01 01:53:36
263,2026_01_30,2026_01,China,CNY,중국 위안,6.97,Daily,State Administration of Foreign Exchange (SAFE) / People's Bank of China (PBOC),2026-10-01 01:53:36
264,2026_02_02,2026_02,China,CNY,중국 위안,6.97,Daily,State Administration of Foreign Exchange (SAFE) / People's Bank of China (PBOC),2026-10-01 01:53:36
265,2026_02_03,2026_02,China,CNY,중국 위안,6.96,Daily,State Administration of Foreign Exchange (SAFE) / People's Bank of China (PBOC),2026-10-01 01:53:36
266,2026_02_04,2026_02,China,CNY,중국 위안,6.95,Daily,State Administration of Foreign Exchange (SAFE) / People's Bank of China (PBOC),2026-10-01 01:53:36
267,2026_02_05,2026_02,China,CNY,중국 위안,6.96,Daily,State Administration of Foreign Exchange (SAFE) / People's Bank of China (PBOC),2026-10-01 01:53:36
268,2026_02_06,2026_02,China,CNY,중국 위안,6.96,Daily,State Administration of Foreign Exchange (SAFE) / People's Bank of China (PBOC),2026-10-01 01:53:36
269,2026_02_09,2026_02,China,CNY,중국 위안,6.95,Daily,State Administration of Foreign Exchange (SAFE) / People's Bank of China (PBOC),2026-10-01 01:53:36
270,2026_02_10,2026_02,China,CNY,중국 위안,6.95,Daily,State Administration of Foreign Exchange (SAFE) / People's Bank of China (PBOC),2026-10-01 01:53:36
271,2026_02_11,2026_02,China,CNY,중국 위안,6.94,Daily,State Administration of Foreign Exchange (SAFE) / People's Bank of China (PBOC),2026-10-01 01:53:36
272,2026_02_12,2026_02,China,CNY,중국 위안,6.95,Daily,State Administration of Foreign Exchange (SAFE) / People's Bank of China (PBOC),2026-10-01 01:53:36
273,2026_02_13,2026_02,China,CNY,중국 위안,6.94,Daily,State Administration of Foreign Exchange (SAFE) / People's Bank of China (PBOC),2026-10-01 01:53:36
274,2026_02_24,2026_02,China,CNY,중국 위안,6.94,Daily,State Administration of Foreign Exchange (SAFE) / People's Bank of China (PBOC),2026-10-01 01:53:36
275,2026_02_25,2026_02,China,CNY,중국 위안,6.93,Daily,State Administration of Foreign Exchange (SAFE) / People's Bank of China (PBOC),2026-10-01 01:53:36
276,2026_02_26,2026_02,China,CNY,중국 위안,6.92,Daily,State Administration of Foreign Exchange (SAFE) / People's Bank of China (PBOC),2026-10-01 01:53:36
277,2026_02_27,2026_02,China,CNY,중국 위안,6.92,Daily,State Administration of Foreign Exchange (SAFE) / People's Bank of China (PBOC),2026-10-01 01:53:36
278,2026_03_02,2026_03,China,CNY,중국 위안,6.92,Daily,State Administration of Foreign Exchange (SAFE) / People's Bank of China (PBOC),2026-10-01 01:53:36
279,2026_03_03,2026_03,China,CNY,중국 위안,6.91,Daily,State Administration of Foreign Exchange (SAFE) / People's Bank of China (PBOC),2026-10-01 01:53:36
280,2026_03_04,2026_03,China,CNY,중국 위안,6.91,Daily,State Administration of Foreign Exchange (SAFE) / People's Bank of China (PBOC),2026-10-01 01:53:36
281,2026_03_05,2026_03,China,CNY,중국 위안,6.9,Daily,State Administration of Foreign Exchange (SAFE) / People's Bank of China (PBOC),2026-10-01 01:53:36
282,2026_03_06,2026_03,China,CNY,중국 위안,6.9,Daily,State Administration of Foreign Exchange (SAFE) / People's Bank of China (PBOC),2026-10-01 01:53:36
283,2026_03_09,2026_03,China,CNY,중국 위안,6.92,Daily,State Administration of Foreign Exchange (SAFE) / People's Bank of China (PBOC),2026-10-01 01:53:36
284,2026_03_10,2026_03,China,CNY,중국 위안,6.9,Daily,State Administration of Foreign Exchange (SAFE) / People's Bank of China (PBOC),2026-10-01 01:53:36
285,2026_03_11,2026_03,China,CNY,중국 위안,6.89,Daily,State Administration of Foreign Exchange (SAFE) / People's Bank of China (PBOC),2026-10-01 01:53:36
286,2026_03_12,2026_03,China,CNY,중국 위안,6.9,Daily,State Administration of Foreign Exchange (SAFE) / People's Bank of China (PBOC),2026-10-01 01:53:36
287,2026_03_13,2026_03,China,CNY,중국 위안,6.9,Daily,State Administration of Foreign Exchange (SAFE) / People's Bank of China (PBOC),2026-10-01 01:53:36
288,2026_03_16,2026_03,China,CNY,중국 위안,6.91,Daily,State Administration of Foreign Exchange (SAFE) / People's Bank of China (PBOC),2026-10-01 01:53:36
289,2026_03_17,2026_03,China,CNY,중국 위안,6.9,Daily,State Administration of Foreign Exchange (SAFE) / People's Bank of China (PBOC),2026-10-01 01:53:36
290,2026_03_18,2026_03,China,CNY,중국 위안,6.89,Daily,State Administration of Foreign Exchange (SAFE) / People's Bank of China (PBOC),2026-10-01 01:53:36
291,2026_03_19,2026_03,China,CNY,중국 위안,6.9,Daily,State Administration of Foreign Exchange (SAFE) / People's Bank of China (PBOC),2026-10-01 01:53:36
292,2026_03_20,2026_03,China,CNY,중국 위안,6.89,Daily,State Administration of Foreign Exchange (SAFE) / People's Bank of China (PBOC),2026-10-01 01:53:36
293,2026_03_23,2026_03,China,CNY,중국 위안,6.9,Daily,State Administration of Foreign Exchange (SAFE) / People's Bank of China (PBOC),2026-10-01 01:53:36
294,2026_03_24,2026_03,China,CNY,중국 위안,6.89,Daily,State Administration of Foreign Exchange (SAFE) / People's Bank of China (PBOC),2026-10-01 01:53:36
295,2026_03_25,2026_03,China,CNY,중국 위안,6.89,Daily,State Administration of Foreign Exchange (SAFE) / People's Bank of China (PBOC),2026-10-01 01:53:36
296,2026_03_26,2026_03,China,CNY,중국 위안,6.91,Daily,State Administration of Foreign Exchange (SAFE) / People's Bank of China (PBOC),2026-10-01 01:53:36
297,2026_03_27,2026_03,China,CNY,중국 위안,6.91,Daily,State Administration of Foreign Exchange (SAFE) / People's Bank of China (PBOC),2026-10-01 01:53:36
298,2026_03_30,2026_03,China,CNY,중국 위안,6.92,Daily,State Administration of Foreign Exchange (SAFE) / People's Bank of China (PBOC),2026-10-01 01:53:36
299,2026_03_31,2026_03,China,CNY,중국 위안,6.92,Daily,State Administration of Foreign Exchange (SAFE) / People's Bank of China (PBOC),2026-10-01 01:53:36
300,2026_04_01,2026_04,China,CNY,중국 위안,6.9,Daily,State Administration of Foreign Exchange (SAFE) / People's Bank of China (PBOC),2026-10-01 01:53:36
301,2026_04_02,2026_04,China,CNY,중국 위안,6.89,Daily,State Administration of Foreign Exchange (SAFE) / People's Bank of China (PBOC),2026-10-01 01:53:36
302,2026_04_03,2026_04,China,CNY,중국 위안,6.89,Daily,State Administration of Foreign Exchange (SAFE) / People's Bank of China (PBOC),2026-10-01 01:53:36
303,2026_04_07,2026_04,China,CNY,중국 위안,6.89,Daily,State Administration of Foreign Exchange (SAFE) / People's Bank of China (PBOC),2026-10-01 01:53:36
304,2026_04_08,2026_04,China,CNY,중국 위안,6.87,Daily,State Administration of Foreign Exchange (SAFE) / People's Bank of China (PBOC),2026-10-01 01:53:36
305,2026_04_09,2026_04,China,CNY,중국 위안,6.86,Daily,State Administration of Foreign Exchange (SAFE) / People's Bank of China (PBOC),2026-10-01 01:53:36
306,2026_04_10,2026_04,China,CNY,중국 위안,6.87,Daily,State Administration of Foreign Exchange (SAFE) / People's Bank of China (PBOC),2026-10-01 01:53:36
307,2026_04_13,2026_04,China,CNY,중국 위안,6.87,Daily,State Administration of Foreign Exchange (SAFE) / People's Bank of China (PBOC),2026-10-01 01:53:36
308,2026_04_14,2026_04,China,CNY,중국 위안,6.86,Daily,State Administration of Foreign Exchange (SAFE) / People's Bank of China (PBOC),2026-10-01 01:53:36
309,2026_04_15,2026_04,China,CNY,중국 위안,6.86,Daily,State Administration of Foreign Exchange (SAFE) / People's Bank of China (PBOC),2026-10-01 01:53:36
310,2026_04_16,2026_04,China,CNY,중국 위안,6.86,Daily,State Administration of Foreign Exchange (SAFE) / People's Bank of China (PBOC),2026-10-01 01:53:36
311,2026_04_17,2026_04,China,CNY,중국 위안,6.86,Daily,State Administration of Foreign Exchange (SAFE) / People's Bank of China (PBOC),2026-10-01 01:53:36
312,2026_04_20,2026_04,China,CNY,중국 위안,6.86,Daily,State Administration of Foreign Exchange (SAFE) / People's Bank of China (PBOC),2026-10-01 01:53:36
313,2026_04_21,2026_04,China,CNY,중국 위안,6.86,Daily,State Administration of Foreign Exchange (SAFE) / People's Bank of China (PBOC),2026-10-01 01:53:36
314,2026_04_22,2026_04,China,CNY,중국 위안,6.86,Daily,State Administration of Foreign Exchange (SAFE) / People's Bank of China (PBOC),2026-10-01 01:53:36
315,2026_04_23,2026_04,China,CNY,중국 위안,6.87,Daily,State Administration of Foreign Exchange (SAFE) / People's Bank of China (PBOC),2026-10-01 01:53:36
316,2026_04_24,2026_04,China,CNY,중국 위안,6.87,Daily,State Administration of Foreign Exchange (SAFE) / People's Bank of China (PBOC),2026-10-01 01:53:36
317,2026_04_27,2026_04,China,CNY,중국 위안,6.86,Daily,State Administration of Foreign Exchange (SAFE) / People's Bank of China (PBOC),2026-10-01 01:53:36
318,2026_04_28,2026_04,China,CNY,중국 위안,6.86,Daily,State Administration of Foreign Exchange (SAFE) / People's Bank of China (PBOC),2026-10-01 01:53:36
319,2026_04_29,2026_04,China,CNY,중국 위안,6.86,Daily,State Administration of Foreign Exchange (SAFE) / People's Bank of China (PBOC),2026-10-01 01:53:36
320,2026_04_30,2026_04,China,CNY,중국 위안,6.86,Daily,State Administration of Foreign Exchange (SAFE) / People's Bank of China (PBOC),2026-10-01 01:53:36
321,2026_05_06,2026_05,China,CNY,중국 위안,6.86,Daily,State Administration of Foreign Exchange (SAFE) / People's Bank of China (PBOC),2026-10-01 01:53:36
322,2026_05_07,2026_05,China,CNY,중국 위안,6.85,Daily,State Administration of Foreign Exchange (SAFE) / People's Bank of China (PBOC),2026-10-01 01:53:36
323,2026_05_08,2026_05,China,CNY,중국 위안,6.85,Daily,State Administration of Foreign Exchange (SAFE) / People's Bank of China (PBOC),2026-10-01 01:53:36
324,2026_05_11,2026_05,China,CNY,중국 위안,6.85,Daily,State Administration of Foreign Exchange (SAFE) / People's Bank of China (PBOC),2026-10-01 01:53:36
325,2026_05_12,2026_05,China,CNY,중국 위안,6.84,Daily,State Administration of Foreign Exchange (SAFE) / People's Bank of China (PBOC),2026-10-01 01:53:36
326,2026_05_13,2026_05,China,CNY,중국 위안,6.84,Daily,State Administration of Foreign Exchange (SAFE) / People's Bank of China (PBOC),2026-10-01 01:53:36
327,2026_05_14,2026_05,China,CNY,중국 위안,6.84,Daily,State Administration of Foreign Exchange (SAFE) / People's Bank of China (PBOC),2026-10-01 01:53:36
328,2026_05_15,2026_05,China,CNY,중국 위안,6.84,Daily,State Administration of Foreign Exchange (SAFE) / People's Bank of China (PBOC),2026-10-01 01:53:36
329,2026_05_18,2026_05,China,CNY,중국 위안,6.84,Daily,State Administration of Foreign Exchange (SAFE) / People's Bank of China (PBOC),2026-10-01 01:53:36
330,2026_05_19,2026_05,China,CNY,중국 위안,6.84,Daily,State Administration of Foreign Exchange (SAFE) / People's Bank of China (PBOC),2026-10-01 01:53:36
331,2026_05_20,2026_05,China,CNY,중국 위안,6.84,Daily,State Administration of Foreign Exchange (SAFE) / People's Bank of China (PBOC),2026-10-01 01:53:36
332,2026_05_21,2026_05,China,CNY,중국 위안,6.83,Daily,State Administration of Foreign Exchange (SAFE) / People's Bank of China (PBOC),2026-10-01 01:53:36
333,2026_05_22,2026_05,China,CNY,중국 위안,6.84,Daily,State Administration of Foreign Exchange (SAFE) / People's Bank of China (PBOC),2026-10-01 01:53:36
334,2026_05_25,2026_05,China,CNY,중국 위안,6.83,Daily,State Administration of Foreign Exchange (SAFE) / People's Bank of China (PBOC),2026-10-01 01:53:36
335,2026_05_26,2026_05,China,CNY,중국 위안,6.83,Daily,State Administration of Foreign Exchange (SAFE) / People's Bank of China (PBOC),2026-10-01 01:53:36
336,2026_05_27,2026_05,China,CNY,중국 위안,6.83,Daily,State Administration of Foreign Exchange (SAFE) / People's Bank of China (PBOC),2026-10-01 01:53:36
337,2026_05_28,2026_05,China,CNY,중국 위안,6.82,Daily,State Administration of Foreign Exchange (SAFE) / People's Bank of China (PBOC),2026-10-01 01:53:36
338,2026_05_29,2026_05,China,CNY,중국 위안,6.82,Daily,State Administration of Foreign Exchange (SAFE) / People's Bank of China (PBOC),2026-10-01 01:53:36
339,2026_06_01,2026_06,China,CNY,중국 위안,6.82,Daily,State Administration of Foreign Exchange (SAFE) / People's Bank of China (PBOC),2026-10-01 01:53:36
340,2026_06_02,2026_06,China,CNY,중국 위안,6.82,Daily,State Administration of Foreign Exchange (SAFE) / People's Bank of China (PBOC),2026-10-01 01:53:36
341,2026_06_03,2026_06,China,CNY,중국 위안,6.82,Daily,State Administration of Foreign Exchange (SAFE) / People's Bank of China (PBOC),2026-10-01 01:53:36
342,2026_06_04,2026_06,China,CNY,중국 위안,6.82,Daily,State Administration of Foreign Exchange (SAFE) / People's Bank of China (PBOC),2026-10-01 01:53:36
343,2026_06_05,2026_06,China,CNY,중국 위안,6.82,Daily,State Administration of Foreign Exchange (SAFE) / People's Bank of China (PBOC),2026-10-01 01:53:36
344,2026_06_08,2026_06,China,CNY,중국 위안,6.82,Daily,State Administration of Foreign Exchange (SAFE) / People's Bank of China (PBOC),2026-10-01 01:53:36
345,2026_06_09,2026_06,China,CNY,중국 위안,6.81,Daily,State Administration of Foreign Exchange (SAFE) / People's Bank of China (PBOC),2026-10-01 01:53:36
346,2026_06_10,2026_06,China,CNY,중국 위안,6.81,Daily,State Administration of Foreign Exchange (SAFE) / People's Bank of China (PBOC),2026-10-01 01:53:36
347,2026_06_11,2026_06,China,CNY,중국 위안,6.82,Daily,State Administration of Foreign Exchange (SAFE) / People's Bank of China (PBOC),2026-10-01 01:53:36
348,2026_06_12,2026_06,China,CNY,중국 위안,6.81,Daily,State Administration of Foreign Exchange (SAFE) / People's Bank of China (PBOC),2026-10-01 01:53:36
349,2026_06_15,2026_06,China,CNY,중국 위안,6.81,Daily,State Administration of Foreign Exchange (SAFE) / People's Bank of China (PBOC),2026-10-01 01:53:36
350,2026_06_16,2026_06,China,CNY,중국 위안,6.81,Daily,State Administration of Foreign Exchange (SAFE) / People's Bank of China (PBOC),2026-10-01 01:53:36
351,2026_06_17,2026_06,China,CNY,중국 위안,6.81,Daily,State Administration of Foreign Exchange (SAFE) / People's Bank of China (PBOC),2026-10-01 01:53:36
352,2026_06_18,2026_06,China,CNY,중국 위안,6.81,Daily,State Administration of Foreign Exchange (SAFE) / People's Bank of China (PBOC),2026-10-01 01:53:36
353,2026_06_22,2026_06,China,CNY,중국 위안,6.82,Daily,State Administration of Foreign Exchange (SAFE) / People's Bank of China (PBOC),2026-10-01 01:53:36
354,2026_06_23,2026_06,China,CNY,중국 위안,6.82,Daily,State Administration of Foreign Exchange (SAFE) / People's Bank of China (PBOC),2026-10-01 01:53:36
355,2026_06_24,2026_06,China,CNY,중국 위안,6.82,Daily,State Administration of Foreign Exchange (SAFE) / People's Bank of China (PBOC),2026-10-01 01:53:36
356,2026_06_25,2026_06,China,CNY,중국 위안,6.82,Daily,State Administration of Foreign Exchange (SAFE) / People's Bank of China (PBOC),2026-10-01 01:53:36
357,2026_06_26,2026_06,China,CNY,중국 위안,6.82,Daily,State Administration of Foreign Exchange (SAFE) / People's Bank of China (PBOC),2026-10-01 01:53:36
358,2026_06_29,2026_06,China,CNY,중국 위안,6.82,Daily,State Administration of Foreign Exchange (SAFE) / People's Bank of China (PBOC),2026-10-01 01:53:36
359,2026_06_30,2026_06,China,CNY,중국 위안,6.81,Daily,State Administration of Foreign Exchange (SAFE) / People's Bank of China (PBOC),2026-10-01 01:53:36
360,2026_07_01,2026_07,China,CNY,중국 위안,6.81,Daily,State Administration of Foreign Exchange (SAFE) / People's Bank of China (PBOC),2026-10-01 01:53:36
361,2026_07_02,2026_07,China,CNY,중국 위안,6.81,Daily,State Administration of Foreign Exchange (SAFE) / People's Bank of China (PBOC),2026-10-01 01:53:36
362,2026_07_03,2026_07,China,CNY,중국 위안,6.8,Daily,State Administration of Foreign Exchange (SAFE) / People's Bank of China (PBOC),2026-10-01 01:53:36
363,2026_07_06,2026_07,China,CNY,중국 위안,6.81,Daily,State Administration of Foreign Exchange (SAFE) / People's Bank of China (PBOC),2026-10-01 01:53:36
364,2026_07_07,2026_07,China,CNY,중국 위안,6.81,Daily,State Administration of Foreign Exchange (SAFE) / People's Bank of China (PBOC),2026-10-01 01:53:36
365,2026_07_08,2026_07,China,CNY,중국 위안,6.81,Daily,State Administration of Foreign Exchange (SAFE) / People's Bank of China (PBOC),2026-10-01 01:53:36
366,2026_07_09,2026_07,China,CNY,중국 위안,6.8,Daily,State Administration of Foreign Exchange (SAFE) / People's Bank of China (PBOC),2026-10-01 01:53:36
367,2026_07_10,2026_07,China,CNY,중국 위안,6.8,Daily,State Administration of Foreign Exchange (SAFE) / People's Bank of China (PBOC),2026-10-01 01:53:36
368,2026_07_13,2026_07,China,CNY,중국 위안,6.8,Daily,State Administration of Foreign Exchange (SAFE) / People's Bank of China (PBOC),2026-10-01 01:53:36
369,2026_07_14,2026_07,China,CNY,중국 위안,6.8,Daily,State Administration of Foreign Exchange (SAFE) / People's Bank of China (PBOC),2026-10-01 01:53:36
370,2026_07_15,2026_07,China,CNY,중국 위안,6.79,Daily,State Administration of Foreign Exchange (SAFE) / People's Bank of China (PBOC),2026-10-01 01:53:36
371,2026_07_16,2026_07,China,CNY,중국 위안,6.79,Daily,State Administration of Foreign Exchange (SAFE) / People's Bank of China (PBOC),2026-10-01 01:53:36
372,2026_07_17,2026_07,China,CNY,중국 위안,6.79,Daily,State Administration of Foreign Exchange (SAFE) / People's Bank of China (PBOC),2026-10-01 01:53:36
373,2026_07_20,2026_07,China,CNY,중국 위안,6.79,Daily,State Administration of Foreign Exchange (SAFE) / People's Bank of China (PBOC),2026-10-01 01:53:36
374,2026_07_21,2026_07,China,CNY,중국 위안,6.79,Daily,State Administration of Foreign Exchange (SAFE) / People's Bank of China (PBOC),2026-10-01 01:53:36
375,2026_07_22,2026_07,China,CNY,중국 위안,6.79,Daily,State Administration of Foreign Exchange (SAFE) / People's Bank of China (PBOC),2026-10-01 01:53:36
376,2026_07_23,2026_07,China,CNY,중국 위안,6.79,Daily,State Administration of Foreign Exchange (SAFE) / People's Bank of China (PBOC),2026-10-01 01:53:36
377,2026_07_24,2026_07,China,CNY,중국 위안,6.79,Daily,State Administration of Foreign Exchange (SAFE) / People's Bank of China (PBOC),2026-10-01 01:53:36
378,2026_07_27,2026_07,China,CNY,중국 위안,6.79,Daily,State Administration of Foreign Exchange (SAFE) / People's Bank of China (PBOC),2026-10-01 01:53:36
379,2026_07_28,2026_07,China,CNY,중국 위안,6.79,Daily,State Administration of Foreign Exchange (SAFE) / People's Bank of China (PBOC),2026-10-01 01:53:36
380,2026_07_29,2026_07,China,CNY,중국 위안,6.79,Daily,State Administration of Foreign Exchange (SAFE) / People's Bank of China (PBOC),2026-10-01 01:53:36
381,2026_07_30,2026_07,China,CNY,중국 위안,6.79,Daily,State Administration of Foreign Exchange (SAFE) / People's Bank of China (PBOC),2026-10-01 01:53:36
382,2026_07_31,2026_07,China,CNY,중국 위안,6.79,Daily,State Administration of Foreign Exchange (SAFE) / People's Bank of China (PBOC),2026-10-01 01:53:36
383,2026_08_03,2026_08,China,CNY,중국 위안,6.79,Daily,State Administration of Foreign Exchange (SAFE) / People's Bank of China (PBOC),2026-10-01 01:53:36
384,2026_08_04,2026_08,China,CNY,중국 위안,6.79,Daily,State Administration of Foreign Exchange (SAFE) / People's Bank of China (PBOC),2026-10-01 01:53:36
385,2026_08_05,2026_08,China,CNY,중국 위안,6.79,Daily,State Administration of Foreign Exchange (SAFE) / People's Bank of China (PBOC),2026-10-01 01:53:36
386,2026_08_06,2026_08,China,CNY,중국 위안,6.79,Daily,State Administration of Foreign Exchange (SAFE) / People's Bank of China (PBOC),2026-10-01 01:53:36
387,2026_08_07,2026_08,China,CNY,중국 위안,6.79,Daily,State Administration of Foreign Exchange (SAFE) / People's Bank of China (PBOC),2026-10-01 01:53:36
388,2026_08_10,2026_08,China,CNY,중국 위안,6.79,Daily,State Administration of Foreign Exchange (SAFE) / People's Bank of China (PBOC),2026-10-01 01:53:36
389,2026_08_11,2026_08,China,CNY,중국 위안,6.79,Daily,State Administration of Foreign Exchange (SAFE) / People's Bank of China (PBOC),2026-10-01 01:53:36
390,2026_08_12,2026_08,China,CNY,중국 위안,6.79,Daily,State Administration of Foreign Exchange (SAFE) / People's Bank of China (PBOC),2026-10-01 01:53:36
391,2026_08_13,2026_08,China,CNY,중국 위안,6.79,Daily,State Administration of Foreign Exchange (SAFE) / People's Bank of China (PBOC),2026-10-01 01:53:36
392,2026_08_14,2026_08,China,CNY,중국 위안,6.79,Daily,State Administration of Foreign Exchange (SAFE) / People's Bank of China (PBOC),2026-10-01 01:53:36
393,2026_08_17,2026_08,China,CNY,중국 위안,6.79,Daily,State Administration of Foreign Exchange (SAFE) / People's Bank of China (PBOC),2026-10-01 01:53:36
394,2026_08_18,2026_08,China,CNY,중국 위안,6.79,Daily,State Administration of Foreign Exchange (SAFE) / People's Bank of China (PBOC),2026-10-01 01:53:36
395,2026_08_19,2026_08,China,CNY,중국 위안,6.79,Daily,State Administration of Foreign Exchange (SAFE) / People's Bank of China (PBOC),2026-10-01 01:53:36
396,2026_08_20,2026_08,China,CNY,중국 위안,6.78,Daily,State Administration of Foreign Exchange (SAFE) / People's Bank of China (PBOC),2026-10-01 01:53:36
397,2026_08_21,2026_08,China,CNY,중국 위안,6.78,Daily,State Administration of Foreign Exchange (SAFE) / People's Bank of China (PBOC),2026-10-01 01:53:36
398,2026_08_24,2026_08,China,CNY,중국 위안,6.78,Daily,State Administration of Foreign Exchange (SAFE) / People's Bank of China (PBOC),2026-10-01 01:53:36
399,2026_08_25,2026_08,China,CNY,중국 위안,6.79,Daily,State Administration of Foreign Exchange (SAFE) / People's Bank of China (PBOC),2026-10-01 01:53:36
400,2026_08_26,2026_08,China,CNY,중국 위안,6.78,Daily,State Administration of Foreign Exchange (SAFE) / People's Bank of China (PBOC),2026-10-01 01:53:36
401,2026_08_27,2026_08,China,CNY,중국 위안,6.78,Daily,State Administration of Foreign Exchange (SAFE) / People's Bank of China (PBOC),2026-10-01 01:53:36
402,2026_08_28,2026_08,China,CNY,중국 위안,6.78,Daily,State Administration of Foreign Exchange (SAFE) / People's Bank of China (PBOC),2026-10-01 01:53:36
403,2026_08_31,2026_08,China,CNY,중국 위안,6.78,Daily,State Administration of Foreign Exchange (SAFE) / People's Bank of China (PBOC),2026-10-01 01:53:36
404,2026_09_01,2026_09,China,CNY,중국 위안,6.78,Daily,State Administration of Foreign Exchange (SAFE) / People's Bank of China (PBOC),2026-10-01 01:53:36
405,2026_09_02,2026_09,China,CNY,중국 위안,6.78,Daily,State Administration of Foreign Exchange (SAFE) / People's Bank of China (PBOC),2026-10-01 01:53:36
406,2026_09_03,2026_09,China,CNY,중국 위안,6.78,Daily,State Administration of Foreign Exchange (SAFE) / People's Bank of China (PBOC),2026-10-01 01:53:36
407,2026_09_04,2026_09,China,CNY,중국 위안,6.78,Daily,State Administration of Foreign Exchange (SAFE) / People's Bank of China (PBOC),2026-10-01 01:53:36
408,2026_09_07,2026_09,China,CNY,중국 위안,6.78,Daily,State Administration of Foreign Exchange (SAFE) / People's Bank of China (PBOC),2026-10-01 01:53:36
409,2026_09_08,2026_09,China,CNY,중국 위안,6.78,Daily,State Administration of Foreign Exchange (SAFE) / People's Bank of China (PBOC),2026-10-01 01:53:36
410,2026_09_09,2026_09,China,CNY,중국 위안,6.78,Daily,State Administration of Foreign Exchange (SAFE) / People's Bank of China (PBOC),2026-10-01 01:53:36
411,2026_09_10,2026_09,China,CNY,중국 위안,6.78,Daily,State Administration of Foreign Exchange (SAFE) / People's Bank of China (PBOC),2026-10-01 01:53:36
412,2026_09_11,2026_09,China,CNY,중국 위안,6.77,Daily,State Administration of Foreign Exchange (SAFE) / People's Bank of China (PBOC),2026-10-01 01:53:36
413,2026_09_14,2026_09,China,CNY,중국 위안,6.77,Daily,State Administration of Foreign Exchange (SAFE) / People's Bank of China (PBOC),2026-10-01 01:53:36
414,2026_09_15,2026_09,China,CNY,중국 위안,6.77,Daily,State Administration of Foreign Exchange (SAFE) / People's Bank of China (PBOC),2026-10-01 01:53:36
415,2026_09_16,2026_09,China,CNY,중국 위안,6.76,Daily,State Administration of Foreign Exchange (SAFE) / People's Bank of China (PBOC),2026-10-01 01:53:36
416,2026_09_17,2026_09,China,CNY,중국 위안,6.76,Daily,State Administration of Foreign Exchange (SAFE) / People's Bank of China (PBOC),2026-10-01 01:53:36
417,2026_09_18,2026_09,China,CNY,중국 위안,6.75,Daily,State Administration of Foreign Exchange (SAFE) / People's Bank of China (PBOC),2026-10-01 01:53:36
418,2026_09_21,2026_09,China,CNY,중국 위안,6.75,Daily,State Administration of Foreign Exchange (SAFE) / People's Bank of China (PBOC),2026-10-01 01:53:36
419,2026_09_22,2026_09,China,CNY,중국 위안,6.75,Daily,State Administration of Foreign Exchange (SAFE) / People's Bank of China (PBOC),2026-10-01 01:53:36
420,2026_09_23,2026_09,China,CNY,중국 위안,6.75,Daily,State Administration of Foreign Exchange (SAFE) / People's Bank of China (PBOC),2026-10-01 01:53:36
421,2026_09_24,2026_09,China,CNY,중국 위안,6.75,Daily,State Administration of Foreign Exchange (SAFE) / People's Bank of China (PBOC),2026-10-01 01:53:36
422,2026_09_28,2026_09,China,CNY,중국 위안,6.74,Daily,State Administration of Foreign Exchange (SAFE) / People's Bank of China (PBOC),2026-10-01 01:53:36
423,2026_09_29,2026_09,China,CNY,중국 위안,6.74,Daily,State Administration of Foreign Exchange (SAFE) / People's Bank of China (PBOC),2026-10-01 01:53:36
424,2026_09_30,2026_09,China,CNY,중국 위안,6.74,Daily,State Administration of Foreign Exchange (SAFE) / People's Bank of China (PBOC),2026-10-01 01:53:36
3006,2025_01_02,2025_01,Egypt,EGP,이집트 파운드,50.77,Daily,Central Bank of Egypt (cbe.org.eg Official Portal),2026-10-01 04:20:07
3005,2025_01_05,2025_01,Egypt,EGP,이집트 파운드,50.7,Daily,Central Bank of Egypt (cbe.org.eg Official Portal),2026-10-01 04:20:07
3004,2025_01_06,2025_01,Egypt,EGP,이집트 파운드,50.66,Daily,Central Bank of Egypt (cbe.org.eg Official Portal),2026-10-01 04:20:07
3003,2025_01_08,2025_01,Egypt,EGP,이집트 파운드,50.6,Daily,Central Bank of Egypt (cbe.org.eg Official Portal),2026-10-01 04:20:07
3002,2025_01_09,2025_01,Egypt,EGP,이집트 파운드,50.57,Daily,Central Bank of Egypt (cbe.org.eg Official Portal),2026-10-01 04:20:07
3001,2025_01_12,2025_01,Egypt,EGP,이집트 파운드,50.57,Daily,Central Bank of Egypt (cbe.org.eg Official Portal),2026-10-01 04:20:07
3000,2025_01_13,2025_01,Egypt,EGP,이집트 파운드,50.51,Daily,Central Bank of Egypt (cbe.org.eg Official Portal),2026-10-01 04:20:07
2999,2025_01_14,2025_01,Egypt,EGP,이집트 파운드,50.46,Daily,Central Bank of Egypt (cbe.org.eg Official Portal),2026-10-01 04:20:07
2998,2025_01_15,2025_01,Egypt,EGP,이집트 파운드,50.44,Daily,Central Bank of Egypt (cbe.org.eg Official Portal),2026-10-01 04:20:07
2997,2025_01_16,2025_01,Egypt,EGP,이집트 파운드,50.38,Daily,Central Bank of Egypt (cbe.org.eg Official Portal),2026-10-01 04:20:07
2996,2025_01_19,2025_01,Egypt,EGP,이집트 파운드,50.35,Daily,Central Bank of Egypt (cbe.org.eg Official Portal),2026-10-01 04:20:07
2995,2025_01_20,2025_01,Egypt,EGP,이집트 파운드,50.31,Daily,Central Bank of Egypt (cbe.org.eg Official Portal),2026-10-01 04:20:07
2994,2025_01_21,2025_01,Egypt,EGP,이집트 파운드,50.29,Daily,Central Bank of Egypt (cbe.org.eg Official Portal),2026-10-01 04:20:07
2993,2025_01_22,2025_01,Egypt,EGP,이집트 파운드,50.32,Daily,Central Bank of Egypt (cbe.org.eg Official Portal),2026-10-01 04:20:07
2992,2025_01_23,2025_01,Egypt,EGP,이집트 파운드,50.29,Daily,Central Bank of Egypt (cbe.org.eg Official Portal),2026-10-01 04:20:07
2991,2025_01_26,2025_01,Egypt,EGP,이집트 파운드,50.25,Daily,Central Bank of Egypt (cbe.org.eg Official Portal),2026-10-01 04:20:07
2990,2025_01_27,2025_01,Egypt,EGP,이집트 파운드,50.25,Daily,Central Bank of Egypt (cbe.org.eg Official Portal),2026-10-01 04:20:07
2989,2025_01_28,2025_01,Egypt,EGP,이집트 파운드,50.2,Daily,Central Bank of Egypt (cbe.org.eg Official Portal),2026-10-01 04:20:07
2988,2025_01_29,2025_01,Egypt,EGP,이집트 파운드,50.24,Daily,Central Bank of Egypt (cbe.org.eg Official Portal),2026-10-01 04:20:07
2987,2025_01_30,2025_01,Egypt,EGP,이집트 파운드,50.24,Daily,Central Bank of Egypt (cbe.org.eg Official Portal),2026-10-01 04:20:07
2986,2025_02_02,2025_02,Egypt,EGP,이집트 파운드,50.23,Daily,Central Bank of Egypt (cbe.org.eg Official Portal),2026-10-01 04:20:07
2985,2025_02_03,2025_02,Egypt,EGP,이집트 파운드,50.35,Daily,Central Bank of Egypt (cbe.org.eg Official Portal),2026-10-01 04:20:07
2984,2025_02_04,2025_02,Egypt,EGP,이집트 파운드,50.31,Daily,Central Bank of Egypt (cbe.org.eg Official Portal),2026-10-01 04:20:07
2983,2025_02_05,2025_02,Egypt,EGP,이집트 파운드,50.32,Daily,Central Bank of Egypt (cbe.org.eg Official Portal),2026-10-01 04:20:07
2982,2025_02_06,2025_02,Egypt,EGP,이집트 파운드,50.3,Daily,Central Bank of Egypt (cbe.org.eg Official Portal),2026-10-01 04:20:07
2981,2025_02_09,2025_02,Egypt,EGP,이집트 파운드,50.28,Daily,Central Bank of Egypt (cbe.org.eg Official Portal),2026-10-01 04:20:07
2980,2025_02_10,2025_02,Egypt,EGP,이집트 파운드,50.29,Daily,Central Bank of Egypt (cbe.org.eg Official Portal),2026-10-01 04:20:07
2979,2025_02_11,2025_02,Egypt,EGP,이집트 파운드,50.46,Daily,Central Bank of Egypt (cbe.org.eg Official Portal),2026-10-01 04:20:07
2978,2025_02_12,2025_02,Egypt,EGP,이집트 파운드,50.63,Daily,Central Bank of Egypt (cbe.org.eg Official Portal),2026-10-01 04:20:07
2977,2025_02_13,2025_02,Egypt,EGP,이집트 파운드,50.65,Daily,Central Bank of Egypt (cbe.org.eg Official Portal),2026-10-01 04:20:07
2976,2025_02_16,2025_02,Egypt,EGP,이집트 파운드,50.63,Daily,Central Bank of Egypt (cbe.org.eg Official Portal),2026-10-01 04:20:07
2975,2025_02_17,2025_02,Egypt,EGP,이집트 파운드,50.61,Daily,Central Bank of Egypt (cbe.org.eg Official Portal),2026-10-01 04:20:07
2974,2025_02_18,2025_02,Egypt,EGP,이집트 파운드,50.66,Daily,Central Bank of Egypt (cbe.org.eg Official Portal),2026-10-01 04:20:07
2973,2025_02_19,2025_02,Egypt,EGP,이집트 파운드,50.61,Daily,Central Bank of Egypt (cbe.org.eg Official Portal),2026-10-01 04:20:07
2972,2025_02_20,2025_02,Egypt,EGP,이집트 파운드,50.57,Daily,Central Bank of Egypt (cbe.org.eg Official Portal),2026-10-01 04:20:07
2971,2025_02_23,2025_02,Egypt,EGP,이집트 파운드,50.57,Daily,Central Bank of Egypt (cbe.org.eg Official Portal),2026-10-01 04:20:07
2970,2025_02_24,2025_02,Egypt,EGP,이집트 파운드,50.62,Daily,Central Bank of Egypt (cbe.org.eg Official Portal),2026-10-01 04:20:07
2969,2025_02_25,2025_02,Egypt,EGP,이집트 파운드,50.6,Daily,Central Bank of Egypt (cbe.org.eg Official Portal),2026-10-01 04:20:07
2968,2025_02_26,2025_02,Egypt,EGP,이집트 파운드,50.59,Daily,Central Bank of Egypt (cbe.org.eg Official Portal),2026-10-01 04:20:07
2967,2025_02_27,2025_02,Egypt,EGP,이집트 파운드,50.66,Daily,Central Bank of Egypt (cbe.org.eg Official Portal),2026-10-01 04:20:07
2966,2025_03_02,2025_03,Egypt,EGP,이집트 파운드,50.66,Daily,Central Bank of Egypt (cbe.org.eg Official Portal),2026-10-01 04:20:07
2965,2025_03_03,2025_03,Egypt,EGP,이집트 파운드,50.66,Daily,Central Bank of Egypt (cbe.org.eg Official Portal),2026-10-01 04:20:07
2964,2025_03_04,2025_03,Egypt,EGP,이집트 파운드,50.65,Daily,Central Bank of Egypt (cbe.org.eg Official Portal),2026-10-01 04:20:07
2963,2025_03_05,2025_03,Egypt,EGP,이집트 파운드,50.68,Daily,Central Bank of Egypt (cbe.org.eg Official Portal),2026-10-01 04:20:07
2962,2025_03_06,2025_03,Egypt,EGP,이집트 파운드,50.71,Daily,Central Bank of Egypt (cbe.org.eg Official Portal),2026-10-01 04:20:07
2961,2025_03_09,2025_03,Egypt,EGP,이집트 파운드,50.64,Daily,Central Bank of Egypt (cbe.org.eg Official Portal),2026-10-01 04:20:07
2960,2025_03_10,2025_03,Egypt,EGP,이집트 파운드,50.61,Daily,Central Bank of Egypt (cbe.org.eg Official Portal),2026-10-01 04:20:07
2959,2025_03_11,2025_03,Egypt,EGP,이집트 파운드,50.61,Daily,Central Bank of Egypt (cbe.org.eg Official Portal),2026-10-01 04:20:07
2958,2025_03_12,2025_03,Egypt,EGP,이집트 파운드,50.69,Daily,Central Bank of Egypt (cbe.org.eg Official Portal),2026-10-01 04:20:07
2957,2025_03_13,2025_03,Egypt,EGP,이집트 파운드,50.65,Daily,Central Bank of Egypt (cbe.org.eg Official Portal),2026-10-01 04:20:07
2956,2025_03_16,2025_03,Egypt,EGP,이집트 파운드,50.59,Daily,Central Bank of Egypt (cbe.org.eg Official Portal),2026-10-01 04:20:07
2955,2025_03_17,2025_03,Egypt,EGP,이집트 파운드,50.51,Daily,Central Bank of Egypt (cbe.org.eg Official Portal),2026-10-01 04:20:07
2954,2025_03_18,2025_03,Egypt,EGP,이집트 파운드,50.48,Daily,Central Bank of Egypt (cbe.org.eg Official Portal),2026-10-01 04:20:07
2953,2025_03_19,2025_03,Egypt,EGP,이집트 파운드,50.64,Daily,Central Bank of Egypt (cbe.org.eg Official Portal),2026-10-01 04:20:07
2952,2025_03_20,2025_03,Egypt,EGP,이집트 파운드,50.56,Daily,Central Bank of Egypt (cbe.org.eg Official Portal),2026-10-01 04:20:07
2951,2025_03_23,2025_03,Egypt,EGP,이집트 파운드,50.65,Daily,Central Bank of Egypt (cbe.org.eg Official Portal),2026-10-01 04:20:07
2950,2025_03_24,2025_03,Egypt,EGP,이집트 파운드,50.61,Daily,Central Bank of Egypt (cbe.org.eg Official Portal),2026-10-01 04:20:07
2949,2025_03_25,2025_03,Egypt,EGP,이집트 파운드,50.58,Daily,Central Bank of Egypt (cbe.org.eg Official Portal),2026-10-01 04:20:07
2948,2025_03_26,2025_03,Egypt,EGP,이집트 파운드,50.55,Daily,Central Bank of Egypt (cbe.org.eg Official Portal),2026-10-01 04:20:07
2947,2025_03_27,2025_03,Egypt,EGP,이집트 파운드,50.58,Daily,Central Bank of Egypt (cbe.org.eg Official Portal),2026-10-01 04:20:07
2946,2025_04_03,2025_04,Egypt,EGP,이집트 파운드,50.6,Daily,Central Bank of Egypt (cbe.org.eg Official Portal),2026-10-01 04:20:07
2945,2025_04_06,2025_04,Egypt,EGP,이집트 파운드,51.13,Daily,Central Bank of Egypt (cbe.org.eg Official Portal),2026-10-01 04:20:07
2944,2025_04_07,2025_04,Egypt,EGP,이집트 파운드,51.4,Daily,Central Bank of Egypt (cbe.org.eg Official Portal),2026-10-01 04:20:07
2943,2025_04_08,2025_04,Egypt,EGP,이집트 파운드,51.26,Daily,Central Bank of Egypt (cbe.org.eg Official Portal),2026-10-01 04:20:07
2942,2025_04_09,2025_04,Egypt,EGP,이집트 파운드,51.68,Daily,Central Bank of Egypt (cbe.org.eg Official Portal),2026-10-01 04:20:07
2941,2025_04_10,2025_04,Egypt,EGP,이집트 파운드,51.34,Daily,Central Bank of Egypt (cbe.org.eg Official Portal),2026-10-01 04:20:07
2940,2025_04_13,2025_04,Egypt,EGP,이집트 파운드,51.24,Daily,Central Bank of Egypt (cbe.org.eg Official Portal),2026-10-01 04:20:07
2939,2025_04_14,2025_04,Egypt,EGP,이집트 파운드,51.0,Daily,Central Bank of Egypt (cbe.org.eg Official Portal),2026-10-01 04:20:07
2938,2025_04_15,2025_04,Egypt,EGP,이집트 파운드,50.99,Daily,Central Bank of Egypt (cbe.org.eg Official Portal),2026-10-01 04:20:07
2937,2025_04_16,2025_04,Egypt,EGP,이집트 파운드,51.1,Daily,Central Bank of Egypt (cbe.org.eg Official Portal),2026-10-01 04:20:07
2936,2025_04_17,2025_04,Egypt,EGP,이집트 파운드,51.12,Daily,Central Bank of Egypt (cbe.org.eg Official Portal),2026-10-01 04:20:07
2935,2025_04_22,2025_04,Egypt,EGP,이집트 파운드,51.03,Daily,Central Bank of Egypt (cbe.org.eg Official Portal),2026-10-01 04:20:07
2934,2025_04_23,2025_04,Egypt,EGP,이집트 파운드,50.95,Daily,Central Bank of Egypt (cbe.org.eg Official Portal),2026-10-01 04:20:07
2933,2025_04_27,2025_04,Egypt,EGP,이집트 파운드,50.93,Daily,Central Bank of Egypt (cbe.org.eg Official Portal),2026-10-01 04:20:07
2932,2025_04_28,2025_04,Egypt,EGP,이집트 파운드,50.81,Daily,Central Bank of Egypt (cbe.org.eg Official Portal),2026-10-01 04:20:07
2931,2025_04_29,2025_04,Egypt,EGP,이집트 파운드,50.81,Daily,Central Bank of Egypt (cbe.org.eg Official Portal),2026-10-01 04:20:07
2930,2025_04_30,2025_04,Egypt,EGP,이집트 파운드,50.81,Daily,Central Bank of Egypt (cbe.org.eg Official Portal),2026-10-01 04:20:07
2929,2025_05_04,2025_05,Egypt,EGP,이집트 파운드,50.72,Daily,Central Bank of Egypt (cbe.org.eg Official Portal),2026-10-01 04:20:07
2928,2025_05_05,2025_05,Egypt,EGP,이집트 파운드,50.68,Daily,Central Bank of Egypt (cbe.org.eg Official Portal),2026-10-01 04:20:07
2927,2025_05_06,2025_05,Egypt,EGP,이집트 파운드,50.67,Daily,Central Bank of Egypt (cbe.org.eg Official Portal),2026-10-01 04:20:07
2926,2025_05_07,2025_05,Egypt,EGP,이집트 파운드,50.64,Daily,Central Bank of Egypt (cbe.org.eg Official Portal),2026-10-01 04:20:07
2925,2025_05_08,2025_05,Egypt,EGP,이집트 파운드,50.62,Daily,Central Bank of Egypt (cbe.org.eg Official Portal),2026-10-01 04:20:07
2924,2025_05_11,2025_05,Egypt,EGP,이집트 파운드,50.61,Daily,Central Bank of Egypt (cbe.org.eg Official Portal),2026-10-01 04:20:07
2923,2025_05_12,2025_05,Egypt,EGP,이집트 파운드,50.5,Daily,Central Bank of Egypt (cbe.org.eg Official Portal),2026-10-01 04:20:07
2922,2025_05_13,2025_05,Egypt,EGP,이집트 파운드,50.44,Daily,Central Bank of Egypt (cbe.org.eg Official Portal),2026-10-01 04:20:07
2921,2025_05_14,2025_05,Egypt,EGP,이집트 파운드,50.39,Daily,Central Bank of Egypt (cbe.org.eg Official Portal),2026-10-01 04:20:07
2920,2025_05_15,2025_05,Egypt,EGP,이집트 파운드,50.15,Daily,Central Bank of Egypt (cbe.org.eg Official Portal),2026-10-01 04:20:07
2919,2025_05_18,2025_05,Egypt,EGP,이집트 파운드,50.11,Daily,Central Bank of Egypt (cbe.org.eg Official Portal),2026-10-01 04:20:07
2918,2025_05_19,2025_05,Egypt,EGP,이집트 파운드,50.05,Daily,Central Bank of Egypt (cbe.org.eg Official Portal),2026-10-01 04:20:07
2917,2025_05_20,2025_05,Egypt,EGP,이집트 파운드,49.89,Daily,Central Bank of Egypt (cbe.org.eg Official Portal),2026-10-01 04:20:07
2916,2025_05_21,2025_05,Egypt,EGP,이집트 파운드,49.86,Daily,Central Bank of Egypt (cbe.org.eg Official Portal),2026-10-01 04:20:07
2915,2025_05_22,2025_05,Egypt,EGP,이집트 파운드,49.9,Daily,Central Bank of Egypt (cbe.org.eg Official Portal),2026-10-01 04:20:07
2914,2025_05_25,2025_05,Egypt,EGP,이집트 파운드,49.9,Daily,Central Bank of Egypt (cbe.org.eg Official Portal),2026-10-01 04:20:07
2913,2025_05_26,2025_05,Egypt,EGP,이집트 파운드,49.83,Daily,Central Bank of Egypt (cbe.org.eg Official Portal),2026-10-01 04:20:07
2912,2025_05_27,2025_05,Egypt,EGP,이집트 파운드,49.79,Daily,Central Bank of Egypt (cbe.org.eg Official Portal),2026-10-01 04:20:07
2911,2025_05_28,2025_05,Egypt,EGP,이집트 파운드,49.8,Daily,Central Bank of Egypt (cbe.org.eg Official Portal),2026-10-01 04:20:07
2910,2025_05_29,2025_05,Egypt,EGP,이집트 파운드,49.74,Daily,Central Bank of Egypt (cbe.org.eg Official Portal),2026-10-01 04:20:07
2909,2025_06_01,2025_06,Egypt,EGP,이집트 파운드,49.7,Daily,Central Bank of Egypt (cbe.org.eg Official Portal),2026-10-01 04:20:07
2908,2025_06_02,2025_06,Egypt,EGP,이집트 파운드,49.69,Daily,Central Bank of Egypt (cbe.org.eg Official Portal),2026-10-01 04:20:07
2907,2025_06_03,2025_06,Egypt,EGP,이집트 파운드,49.68,Daily,Central Bank of Egypt (cbe.org.eg Official Portal),2026-10-01 04:20:07
2906,2025_06_04,2025_06,Egypt,EGP,이집트 파운드,49.64,Daily,Central Bank of Egypt (cbe.org.eg Official Portal),2026-10-01 04:20:07
2905,2025_06_10,2025_06,Egypt,EGP,이집트 파운드,49.52,Daily,Central Bank of Egypt (cbe.org.eg Official Portal),2026-10-01 04:20:07
2904,2025_06_11,2025_06,Egypt,EGP,이집트 파운드,49.49,Daily,Central Bank of Egypt (cbe.org.eg Official Portal),2026-10-01 04:20:07
2903,2025_06_12,2025_06,Egypt,EGP,이집트 파운드,49.78,Daily,Central Bank of Egypt (cbe.org.eg Official Portal),2026-10-01 04:20:07
2902,2025_06_15,2025_06,Egypt,EGP,이집트 파운드,50.62,Daily,Central Bank of Egypt (cbe.org.eg Official Portal),2026-10-01 04:20:07
2901,2025_06_16,2025_06,Egypt,EGP,이집트 파운드,50.27,Daily,Central Bank of Egypt (cbe.org.eg Official Portal),2026-10-01 04:20:07
2900,2025_06_17,2025_06,Egypt,EGP,이집트 파운드,50.15,Daily,Central Bank of Egypt (cbe.org.eg Official Portal),2026-10-01 04:20:07
2899,2025_06_18,2025_06,Egypt,EGP,이집트 파운드,50.55,Daily,Central Bank of Egypt (cbe.org.eg Official Portal),2026-10-01 04:20:07
2898,2025_06_19,2025_06,Egypt,EGP,이집트 파운드,50.67,Daily,Central Bank of Egypt (cbe.org.eg Official Portal),2026-10-01 04:20:07
2897,2025_06_22,2025_06,Egypt,EGP,이집트 파운드,50.8,Daily,Central Bank of Egypt (cbe.org.eg Official Portal),2026-10-01 04:20:07
2896,2025_06_23,2025_06,Egypt,EGP,이집트 파운드,50.69,Daily,Central Bank of Egypt (cbe.org.eg Official Portal),2026-10-01 04:20:07
2895,2025_06_24,2025_06,Egypt,EGP,이집트 파운드,50.05,Daily,Central Bank of Egypt (cbe.org.eg Official Portal),2026-10-01 04:20:07
2894,2025_06_25,2025_06,Egypt,EGP,이집트 파운드,49.91,Daily,Central Bank of Egypt (cbe.org.eg Official Portal),2026-10-01 04:20:07
2893,2025_06_29,2025_06,Egypt,EGP,이집트 파운드,49.69,Daily,Central Bank of Egypt (cbe.org.eg Official Portal),2026-10-01 04:20:07
2892,2025_06_30,2025_06,Egypt,EGP,이집트 파운드,49.6,Daily,Central Bank of Egypt (cbe.org.eg Official Portal),2026-10-01 04:20:07
2891,2025_07_01,2025_07,Egypt,EGP,이집트 파운드,49.45,Daily,Central Bank of Egypt (cbe.org.eg Official Portal),2026-10-01 04:20:07
2890,2025_07_02,2025_07,Egypt,EGP,이집트 파운드,49.34,Daily,Central Bank of Egypt (cbe.org.eg Official Portal),2026-10-01 04:20:07
2889,2025_07_06,2025_07,Egypt,EGP,이집트 파운드,49.34,Daily,Central Bank of Egypt (cbe.org.eg Official Portal),2026-10-01 04:20:07
2888,2025_07_07,2025_07,Egypt,EGP,이집트 파운드,49.67,Daily,Central Bank of Egypt (cbe.org.eg Official Portal),2026-10-01 04:20:07
2887,2025_07_08,2025_07,Egypt,EGP,이집트 파운드,49.69,Daily,Central Bank of Egypt (cbe.org.eg Official Portal),2026-10-01 04:20:07
2886,2025_07_09,2025_07,Egypt,EGP,이집트 파운드,49.61,Daily,Central Bank of Egypt (cbe.org.eg Official Portal),2026-10-01 04:20:07
2885,2025_07_10,2025_07,Egypt,EGP,이집트 파운드,49.52,Daily,Central Bank of Egypt (cbe.org.eg Official Portal),2026-10-01 04:20:07
2884,2025_07_13,2025_07,Egypt,EGP,이집트 파운드,49.49,Daily,Central Bank of Egypt (cbe.org.eg Official Portal),2026-10-01 04:20:07
2883,2025_07_14,2025_07,Egypt,EGP,이집트 파운드,49.46,Daily,Central Bank of Egypt (cbe.org.eg Official Portal),2026-10-01 04:20:07
2882,2025_07_15,2025_07,Egypt,EGP,이집트 파운드,49.41,Daily,Central Bank of Egypt (cbe.org.eg Official Portal),2026-10-01 04:20:07
2881,2025_07_16,2025_07,Egypt,EGP,이집트 파운드,49.43,Daily,Central Bank of Egypt (cbe.org.eg Official Portal),2026-10-01 04:20:07
2880,2025_07_17,2025_07,Egypt,EGP,이집트 파운드,49.43,Daily,Central Bank of Egypt (cbe.org.eg Official Portal),2026-10-01 04:20:07
2879,2025_07_20,2025_07,Egypt,EGP,이집트 파운드,49.36,Daily,Central Bank of Egypt (cbe.org.eg Official Portal),2026-10-01 04:20:07
2878,2025_07_21,2025_07,Egypt,EGP,이집트 파운드,49.24,Daily,Central Bank of Egypt (cbe.org.eg Official Portal),2026-10-01 04:20:07
2877,2025_07_22,2025_07,Egypt,EGP,이집트 파운드,49.08,Daily,Central Bank of Egypt (cbe.org.eg Official Portal),2026-10-01 04:20:07
2876,2025_07_23,2025_07,Egypt,EGP,이집트 파운드,49.09,Daily,Central Bank of Egypt (cbe.org.eg Official Portal),2026-10-01 04:20:07
2875,2025_07_27,2025_07,Egypt,EGP,이집트 파운드,48.87,Daily,Central Bank of Egypt (cbe.org.eg Official Portal),2026-10-01 04:20:07
2874,2025_07_28,2025_07,Egypt,EGP,이집트 파운드,48.77,Daily,Central Bank of Egypt (cbe.org.eg Official Portal),2026-10-01 04:20:07
2873,2025_07_29,2025_07,Egypt,EGP,이집트 파운드,48.66,Daily,Central Bank of Egypt (cbe.org.eg Official Portal),2026-10-01 04:20:07
2872,2025_07_30,2025_07,Egypt,EGP,이집트 파운드,48.71,Daily,Central Bank of Egypt (cbe.org.eg Official Portal),2026-10-01 04:20:07
2871,2025_07_31,2025_07,Egypt,EGP,이집트 파운드,48.68,Daily,Central Bank of Egypt (cbe.org.eg Official Portal),2026-10-01 04:20:07
2870,2025_08_03,2025_08,Egypt,EGP,이집트 파운드,48.64,Daily,Central Bank of Egypt (cbe.org.eg Official Portal),2026-10-01 04:20:07
2869,2025_08_04,2025_08,Egypt,EGP,이집트 파운드,48.45,Daily,Central Bank of Egypt (cbe.org.eg Official Portal),2026-10-01 04:20:07
2868,2025_08_05,2025_08,Egypt,EGP,이집트 파운드,48.42,Daily,Central Bank of Egypt (cbe.org.eg Official Portal),2026-10-01 04:20:07
2867,2025_08_06,2025_08,Egypt,EGP,이집트 파운드,48.46,Daily,Central Bank of Egypt (cbe.org.eg Official Portal),2026-10-01 04:20:07
2866,2025_08_07,2025_08,Egypt,EGP,이집트 파운드,48.56,Daily,Central Bank of Egypt (cbe.org.eg Official Portal),2026-10-01 04:20:07
2865,2025_08_10,2025_08,Egypt,EGP,이집트 파운드,48.5,Daily,Central Bank of Egypt (cbe.org.eg Official Portal),2026-10-01 04:20:07
2864,2025_08_11,2025_08,Egypt,EGP,이집트 파운드,48.5,Daily,Central Bank of Egypt (cbe.org.eg Official Portal),2026-10-01 04:20:07
2863,2025_08_12,2025_08,Egypt,EGP,이집트 파운드,48.44,Daily,Central Bank of Egypt (cbe.org.eg Official Portal),2026-10-01 04:20:07
2862,2025_08_13,2025_08,Egypt,EGP,이집트 파운드,48.32,Daily,Central Bank of Egypt (cbe.org.eg Official Portal),2026-10-01 04:20:07
2861,2025_08_14,2025_08,Egypt,EGP,이집트 파운드,48.3,Daily,Central Bank of Egypt (cbe.org.eg Official Portal),2026-10-01 04:20:07
2860,2025_08_17,2025_08,Egypt,EGP,이집트 파운드,48.31,Daily,Central Bank of Egypt (cbe.org.eg Official Portal),2026-10-01 04:20:07
2859,2025_08_18,2025_08,Egypt,EGP,이집트 파운드,48.37,Daily,Central Bank of Egypt (cbe.org.eg Official Portal),2026-10-01 04:20:07
2858,2025_08_19,2025_08,Egypt,EGP,이집트 파운드,48.46,Daily,Central Bank of Egypt (cbe.org.eg Official Portal),2026-10-01 04:20:07
2857,2025_08_20,2025_08,Egypt,EGP,이집트 파운드,48.61,Daily,Central Bank of Egypt (cbe.org.eg Official Portal),2026-10-01 04:20:07
2856,2025_08_21,2025_08,Egypt,EGP,이집트 파운드,48.51,Daily,Central Bank of Egypt (cbe.org.eg Official Portal),2026-10-01 04:20:07
2855,2025_08_24,2025_08,Egypt,EGP,이집트 파운드,48.41,Daily,Central Bank of Egypt (cbe.org.eg Official Portal),2026-10-01 04:20:07
2854,2025_08_25,2025_08,Egypt,EGP,이집트 파운드,48.51,Daily,Central Bank of Egypt (cbe.org.eg Official Portal),2026-10-01 04:20:07
2853,2025_08_26,2025_08,Egypt,EGP,이집트 파운드,48.59,Daily,Central Bank of Egypt (cbe.org.eg Official Portal),2026-10-01 04:20:07
2852,2025_08_27,2025_08,Egypt,EGP,이집트 파운드,48.65,Daily,Central Bank of Egypt (cbe.org.eg Official Portal),2026-10-01 04:20:07
2851,2025_08_28,2025_08,Egypt,EGP,이집트 파운드,48.6,Daily,Central Bank of Egypt (cbe.org.eg Official Portal),2026-10-01 04:20:07
2850,2025_08_31,2025_08,Egypt,EGP,이집트 파운드,48.59,Daily,Central Bank of Egypt (cbe.org.eg Official Portal),2026-10-01 04:20:07
2849,2025_09_01,2025_09,Egypt,EGP,이집트 파운드,48.56,Daily,Central Bank of Egypt (cbe.org.eg Official Portal),2026-10-01 04:20:07
2848,2025_09_02,2025_09,Egypt,EGP,이집트 파운드,48.53,Daily,Central Bank of Egypt (cbe.org.eg Official Portal),2026-10-01 04:20:07
2847,2025_09_03,2025_09,Egypt,EGP,이집트 파운드,48.59,Daily,Central Bank of Egypt (cbe.org.eg Official Portal),2026-10-01 04:20:07
2846,2025_09_07,2025_09,Egypt,EGP,이집트 파운드,48.49,Daily,Central Bank of Egypt (cbe.org.eg Official Portal),2026-10-01 04:20:07
2845,2025_09_08,2025_09,Egypt,EGP,이집트 파운드,48.22,Daily,Central Bank of Egypt (cbe.org.eg Official Portal),2026-10-01 04:20:07
2844,2025_09_09,2025_09,Egypt,EGP,이집트 파운드,48.0,Daily,Central Bank of Egypt (cbe.org.eg Official Portal),2026-10-01 04:20:07
2843,2025_09_10,2025_09,Egypt,EGP,이집트 파운드,48.14,Daily,Central Bank of Egypt (cbe.org.eg Official Portal),2026-10-01 04:20:07
2842,2025_09_11,2025_09,Egypt,EGP,이집트 파운드,48.2,Daily,Central Bank of Egypt (cbe.org.eg Official Portal),2026-10-01 04:20:07
2841,2025_09_14,2025_09,Egypt,EGP,이집트 파운드,48.21,Daily,Central Bank of Egypt (cbe.org.eg Official Portal),2026-10-01 04:20:07
2840,2025_09_15,2025_09,Egypt,EGP,이집트 파운드,48.18,Daily,Central Bank of Egypt (cbe.org.eg Official Portal),2026-10-01 04:20:07
2839,2025_09_16,2025_09,Egypt,EGP,이집트 파운드,48.11,Daily,Central Bank of Egypt (cbe.org.eg Official Portal),2026-10-01 04:20:07
2838,2025_09_17,2025_09,Egypt,EGP,이집트 파운드,48.16,Daily,Central Bank of Egypt (cbe.org.eg Official Portal),2026-10-01 04:20:07
2837,2025_09_18,2025_09,Egypt,EGP,이집트 파운드,48.2,Daily,Central Bank of Egypt (cbe.org.eg Official Portal),2026-10-01 04:20:07
2836,2025_09_21,2025_09,Egypt,EGP,이집트 파운드,48.23,Daily,Central Bank of Egypt (cbe.org.eg Official Portal),2026-10-01 04:20:07
2835,2025_09_22,2025_09,Egypt,EGP,이집트 파운드,48.21,Daily,Central Bank of Egypt (cbe.org.eg Official Portal),2026-10-01 04:20:07
2834,2025_09_23,2025_09,Egypt,EGP,이집트 파운드,48.21,Daily,Central Bank of Egypt (cbe.org.eg Official Portal),2026-10-01 04:20:07
2833,2025_09_24,2025_09,Egypt,EGP,이집트 파운드,48.16,Daily,Central Bank of Egypt (cbe.org.eg Official Portal),2026-10-01 04:20:07
2832,2025_09_25,2025_09,Egypt,EGP,이집트 파운드,48.12,Daily,Central Bank of Egypt (cbe.org.eg Official Portal),2026-10-01 04:20:07
2831,2025_09_28,2025_09,Egypt,EGP,이집트 파운드,48.15,Daily,Central Bank of Egypt (cbe.org.eg Official Portal),2026-10-01 04:20:07
2830,2025_09_29,2025_09,Egypt,EGP,이집트 파운드,48.05,Daily,Central Bank of Egypt (cbe.org.eg Official Portal),2026-10-01 04:20:07
2829,2025_09_30,2025_09,Egypt,EGP,이집트 파운드,47.87,Daily,Central Bank of Egypt (cbe.org.eg Official Portal),2026-10-01 04:20:07
2828,2025_10_01,2025_10,Egypt,EGP,이집트 파운드,47.86,Daily,Central Bank of Egypt (cbe.org.eg Official Portal),2026-10-01 04:20:07
2827,2025_10_02,2025_10,Egypt,EGP,이집트 파운드,47.76,Daily,Central Bank of Egypt (cbe.org.eg Official Portal),2026-10-01 04:20:07
2826,2025_10_05,2025_10,Egypt,EGP,이집트 파운드,47.63,Daily,Central Bank of Egypt (cbe.org.eg Official Portal),2026-10-01 04:20:07
2825,2025_10_06,2025_10,Egypt,EGP,이집트 파운드,47.61,Daily,Central Bank of Egypt (cbe.org.eg Official Portal),2026-10-01 04:20:07
2824,2025_10_07,2025_10,Egypt,EGP,이집트 파운드,47.56,Daily,Central Bank of Egypt (cbe.org.eg Official Portal),2026-10-01 04:20:07
2823,2025_10_08,2025_10,Egypt,EGP,이집트 파운드,47.55,Daily,Central Bank of Egypt (cbe.org.eg Official Portal),2026-10-01 04:20:07
2822,2025_10_12,2025_10,Egypt,EGP,이집트 파운드,47.88,Daily,Central Bank of Egypt (cbe.org.eg Official Portal),2026-10-01 04:20:07
2821,2025_10_13,2025_10,Egypt,EGP,이집트 파운드,47.7,Daily,Central Bank of Egypt (cbe.org.eg Official Portal),2026-10-01 04:20:07
2820,2025_10_14,2025_10,Egypt,EGP,이집트 파운드,47.71,Daily,Central Bank of Egypt (cbe.org.eg Official Portal),2026-10-01 04:20:07
2819,2025_10_15,2025_10,Egypt,EGP,이집트 파운드,47.64,Daily,Central Bank of Egypt (cbe.org.eg Official Portal),2026-10-01 04:20:07
2818,2025_10_16,2025_10,Egypt,EGP,이집트 파운드,47.58,Daily,Central Bank of Egypt (cbe.org.eg Official Portal),2026-10-01 04:20:07
2817,2025_10_19,2025_10,Egypt,EGP,이집트 파운드,47.56,Daily,Central Bank of Egypt (cbe.org.eg Official Portal),2026-10-01 04:20:07
2816,2025_10_20,2025_10,Egypt,EGP,이집트 파운드,47.5,Daily,Central Bank of Egypt (cbe.org.eg Official Portal),2026-10-01 04:20:07
2815,2025_10_21,2025_10,Egypt,EGP,이집트 파운드,47.56,Daily,Central Bank of Egypt (cbe.org.eg Official Portal),2026-10-01 04:20:07
2814,2025_10_22,2025_10,Egypt,EGP,이집트 파운드,47.56,Daily,Central Bank of Egypt (cbe.org.eg Official Portal),2026-10-01 04:20:07
2813,2025_10_23,2025_10,Egypt,EGP,이집트 파운드,47.59,Daily,Central Bank of Egypt (cbe.org.eg Official Portal),2026-10-01 04:20:07
2812,2025_10_26,2025_10,Egypt,EGP,이집트 파운드,47.52,Daily,Central Bank of Egypt (cbe.org.eg Official Portal),2026-10-01 04:20:07
2811,2025_10_27,2025_10,Egypt,EGP,이집트 파운드,47.44,Daily,Central Bank of Egypt (cbe.org.eg Official Portal),2026-10-01 04:20:07
2810,2025_10_28,2025_10,Egypt,EGP,이집트 파운드,47.36,Daily,Central Bank of Egypt (cbe.org.eg Official Portal),2026-10-01 04:20:07
2809,2025_10_29,2025_10,Egypt,EGP,이집트 파운드,47.3,Daily,Central Bank of Egypt (cbe.org.eg Official Portal),2026-10-01 04:20:07
2808,2025_10_30,2025_10,Egypt,EGP,이집트 파운드,47.22,Daily,Central Bank of Egypt (cbe.org.eg Official Portal),2026-10-01 04:20:07
2807,2025_11_02,2025_11,Egypt,EGP,이집트 파운드,47.23,Daily,Central Bank of Egypt (cbe.org.eg Official Portal),2026-10-01 04:20:07
2806,2025_11_03,2025_11,Egypt,EGP,이집트 파운드,47.25,Daily,Central Bank of Egypt (cbe.org.eg Official Portal),2026-10-01 04:20:07
2805,2025_11_04,2025_11,Egypt,EGP,이집트 파운드,47.37,Daily,Central Bank of Egypt (cbe.org.eg Official Portal),2026-10-01 04:20:07
2804,2025_11_05,2025_11,Egypt,EGP,이집트 파운드,47.41,Daily,Central Bank of Egypt (cbe.org.eg Official Portal),2026-10-01 04:20:07
2803,2025_11_06,2025_11,Egypt,EGP,이집트 파운드,47.35,Daily,Central Bank of Egypt (cbe.org.eg Official Portal),2026-10-01 04:20:07
2802,2025_11_09,2025_11,Egypt,EGP,이집트 파운드,47.34,Daily,Central Bank of Egypt (cbe.org.eg Official Portal),2026-10-01 04:20:07
2801,2025_11_10,2025_11,Egypt,EGP,이집트 파운드,47.26,Daily,Central Bank of Egypt (cbe.org.eg Official Portal),2026-10-01 04:20:07
2800,2025_11_11,2025_11,Egypt,EGP,이집트 파운드,47.22,Daily,Central Bank of Egypt (cbe.org.eg Official Portal),2026-10-01 04:20:07
2799,2025_11_12,2025_11,Egypt,EGP,이집트 파운드,47.23,Daily,Central Bank of Egypt (cbe.org.eg Official Portal),2026-10-01 04:20:07
2798,2025_11_13,2025_11,Egypt,EGP,이집트 파운드,47.18,Daily,Central Bank of Egypt (cbe.org.eg Official Portal),2026-10-01 04:20:07
2797,2025_11_16,2025_11,Egypt,EGP,이집트 파운드,47.14,Daily,Central Bank of Egypt (cbe.org.eg Official Portal),2026-10-01 04:20:07
2796,2025_11_17,2025_11,Egypt,EGP,이집트 파운드,47.06,Daily,Central Bank of Egypt (cbe.org.eg Official Portal),2026-10-01 04:20:07
2795,2025_11_18,2025_11,Egypt,EGP,이집트 파운드,47.18,Daily,Central Bank of Egypt (cbe.org.eg Official Portal),2026-10-01 04:20:07
2794,2025_11_19,2025_11,Egypt,EGP,이집트 파운드,47.4,Daily,Central Bank of Egypt (cbe.org.eg Official Portal),2026-10-01 04:20:07
2793,2025_11_20,2025_11,Egypt,EGP,이집트 파운드,47.45,Daily,Central Bank of Egypt (cbe.org.eg Official Portal),2026-10-01 04:20:07
2792,2025_11_23,2025_11,Egypt,EGP,이집트 파운드,47.63,Daily,Central Bank of Egypt (cbe.org.eg Official Portal),2026-10-01 04:20:07
2791,2025_11_24,2025_11,Egypt,EGP,이집트 파운드,47.76,Daily,Central Bank of Egypt (cbe.org.eg Official Portal),2026-10-01 04:20:07
2790,2025_11_25,2025_11,Egypt,EGP,이집트 파운드,47.83,Daily,Central Bank of Egypt (cbe.org.eg Official Portal),2026-10-01 04:20:07
2789,2025_11_26,2025_11,Egypt,EGP,이집트 파운드,47.71,Daily,Central Bank of Egypt (cbe.org.eg Official Portal),2026-10-01 04:20:07
2788,2025_11_27,2025_11,Egypt,EGP,이집트 파운드,47.65,Daily,Central Bank of Egypt (cbe.org.eg Official Portal),2026-10-01 04:20:07
2787,2025_11_30,2025_11,Egypt,EGP,이집트 파운드,47.58,Daily,Central Bank of Egypt (cbe.org.eg Official Portal),2026-10-01 04:20:07
2786,2025_12_01,2025_12,Egypt,EGP,이집트 파운드,47.53,Daily,Central Bank of Egypt (cbe.org.eg Official Portal),2026-10-01 04:20:07
2785,2025_12_02,2025_12,Egypt,EGP,이집트 파운드,47.51,Daily,Central Bank of Egypt (cbe.org.eg Official Portal),2026-10-01 04:20:07
2784,2025_12_03,2025_12,Egypt,EGP,이집트 파운드,47.59,Daily,Central Bank of Egypt (cbe.org.eg Official Portal),2026-10-01 04:20:07
2783,2025_12_04,2025_12,Egypt,EGP,이집트 파운드,47.57,Daily,Central Bank of Egypt (cbe.org.eg Official Portal),2026-10-01 04:20:07
2782,2025_12_07,2025_12,Egypt,EGP,이집트 파운드,47.5,Daily,Central Bank of Egypt (cbe.org.eg Official Portal),2026-10-01 04:20:07
2781,2025_12_08,2025_12,Egypt,EGP,이집트 파운드,47.54,Daily,Central Bank of Egypt (cbe.org.eg Official Portal),2026-10-01 04:20:07
2780,2025_12_09,2025_12,Egypt,EGP,이집트 파운드,47.61,Daily,Central Bank of Egypt (cbe.org.eg Official Portal),2026-10-01 04:20:07
2779,2025_12_10,2025_12,Egypt,EGP,이집트 파운드,47.63,Daily,Central Bank of Egypt (cbe.org.eg Official Portal),2026-10-01 04:20:07
2778,2025_12_11,2025_12,Egypt,EGP,이집트 파운드,47.53,Daily,Central Bank of Egypt (cbe.org.eg Official Portal),2026-10-01 04:20:07
2777,2025_12_14,2025_12,Egypt,EGP,이집트 파운드,47.48,Daily,Central Bank of Egypt (cbe.org.eg Official Portal),2026-10-01 04:20:07
2776,2025_12_15,2025_12,Egypt,EGP,이집트 파운드,47.47,Daily,Central Bank of Egypt (cbe.org.eg Official Portal),2026-10-01 04:20:07
2775,2025_12_16,2025_12,Egypt,EGP,이집트 파운드,47.42,Daily,Central Bank of Egypt (cbe.org.eg Official Portal),2026-10-01 04:20:07
2774,2025_12_17,2025_12,Egypt,EGP,이집트 파운드,47.59,Daily,Central Bank of Egypt (cbe.org.eg Official Portal),2026-10-01 04:20:07
2773,2025_12_18,2025_12,Egypt,EGP,이집트 파운드,47.59,Daily,Central Bank of Egypt (cbe.org.eg Official Portal),2026-10-01 04:20:07
2772,2025_12_21,2025_12,Egypt,EGP,이집트 파운드,47.54,Daily,Central Bank of Egypt (cbe.org.eg Official Portal),2026-10-01 04:20:07
2771,2025_12_22,2025_12,Egypt,EGP,이집트 파운드,47.47,Daily,Central Bank of Egypt (cbe.org.eg Official Portal),2026-10-01 04:20:07
2770,2025_12_23,2025_12,Egypt,EGP,이집트 파운드,47.53,Daily,Central Bank of Egypt (cbe.org.eg Official Portal),2026-10-01 04:20:07
2769,2025_12_24,2025_12,Egypt,EGP,이집트 파운드,47.59,Daily,Central Bank of Egypt (cbe.org.eg Official Portal),2026-10-01 04:20:07
2768,2025_12_25,2025_12,Egypt,EGP,이집트 파운드,47.6,Daily,Central Bank of Egypt (cbe.org.eg Official Portal),2026-10-01 04:20:07
2767,2025_12_28,2025_12,Egypt,EGP,이집트 파운드,47.66,Daily,Central Bank of Egypt (cbe.org.eg Official Portal),2026-10-01 04:20:07
2766,2025_12_29,2025_12,Egypt,EGP,이집트 파운드,47.71,Daily,Central Bank of Egypt (cbe.org.eg Official Portal),2026-10-01 04:20:07
2765,2025_12_30,2025_12,Egypt,EGP,이집트 파운드,47.68,Daily,Central Bank of Egypt (cbe.org.eg Official Portal),2026-10-01 04:20:07
2764,2025_12_31,2025_12,Egypt,EGP,이집트 파운드,47.67,Daily,Central Bank of Egypt (cbe.org.eg Official Portal),2026-10-01 04:20:07
2763,2026_01_04,2026_01,Egypt,EGP,이집트 파운드,47.6,Daily,Central Bank of Egypt (cbe.org.eg Official Portal),2026-10-01 04:20:07
2762,2026_01_05,2026_01,Egypt,EGP,이집트 파운드,47.33,Daily,Central Bank of Egypt (cbe.org.eg Official Portal),2026-10-01 04:20:07
2761,2026_01_06,2026_01,Egypt,EGP,이집트 파운드,47.27,Daily,Central Bank of Egypt (cbe.org.eg Official Portal),2026-10-01 04:20:07
2760,2026_01_08,2026_01,Egypt,EGP,이집트 파운드,47.27,Daily,Central Bank of Egypt (cbe.org.eg Official Portal),2026-10-01 04:20:07
2759,2026_01_11,2026_01,Egypt,EGP,이집트 파운드,47.2,Daily,Central Bank of Egypt (cbe.org.eg Official Portal),2026-10-01 04:20:07
2758,2026_01_12,2026_01,Egypt,EGP,이집트 파운드,47.16,Daily,Central Bank of Egypt (cbe.org.eg Official Portal),2026-10-01 04:20:07
2757,2026_01_13,2026_01,Egypt,EGP,이집트 파운드,47.13,Daily,Central Bank of Egypt (cbe.org.eg Official Portal),2026-10-01 04:20:07
2756,2026_01_14,2026_01,Egypt,EGP,이집트 파운드,47.34,Daily,Central Bank of Egypt (cbe.org.eg Official Portal),2026-10-01 04:20:07
2755,2026_01_15,2026_01,Egypt,EGP,이집트 파운드,47.29,Daily,Central Bank of Egypt (cbe.org.eg Official Portal),2026-10-01 04:20:07
2754,2026_01_18,2026_01,Egypt,EGP,이집트 파운드,47.39,Daily,Central Bank of Egypt (cbe.org.eg Official Portal),2026-10-01 04:20:07
2753,2026_01_19,2026_01,Egypt,EGP,이집트 파운드,47.42,Daily,Central Bank of Egypt (cbe.org.eg Official Portal),2026-10-01 04:20:07
2752,2026_01_20,2026_01,Egypt,EGP,이집트 파운드,47.5,Daily,Central Bank of Egypt (cbe.org.eg Official Portal),2026-10-01 04:20:07
2751,2026_01_21,2026_01,Egypt,EGP,이집트 파운드,47.39,Daily,Central Bank of Egypt (cbe.org.eg Official Portal),2026-10-01 04:20:07
2750,2026_01_22,2026_01,Egypt,EGP,이집트 파운드,47.15,Daily,Central Bank of Egypt (cbe.org.eg Official Portal),2026-10-01 04:20:07
2749,2026_01_25,2026_01,Egypt,EGP,이집트 파운드,47.07,Daily,Central Bank of Egypt (cbe.org.eg Official Portal),2026-10-01 04:20:07
2748,2026_01_26,2026_01,Egypt,EGP,이집트 파운드,47.07,Daily,Central Bank of Egypt (cbe.org.eg Official Portal),2026-10-01 04:20:07
2747,2026_01_27,2026_01,Egypt,EGP,이집트 파운드,47.04,Daily,Central Bank of Egypt (cbe.org.eg Official Portal),2026-10-01 04:20:07
2746,2026_01_28,2026_01,Egypt,EGP,이집트 파운드,46.92,Daily,Central Bank of Egypt (cbe.org.eg Official Portal),2026-10-01 04:20:07
2745,2026_02_01,2026_02,Egypt,EGP,이집트 파운드,47.13,Daily,Central Bank of Egypt (cbe.org.eg Official Portal),2026-10-01 04:20:07
2744,2026_02_02,2026_02,Egypt,EGP,이집트 파운드,47.08,Daily,Central Bank of Egypt (cbe.org.eg Official Portal),2026-10-01 04:20:07
2743,2026_02_03,2026_02,Egypt,EGP,이집트 파운드,46.99,Daily,Central Bank of Egypt (cbe.org.eg Official Portal),2026-10-01 04:20:07
2742,2026_02_04,2026_02,Egypt,EGP,이집트 파운드,46.93,Daily,Central Bank of Egypt (cbe.org.eg Official Portal),2026-10-01 04:20:07
2741,2026_02_05,2026_02,Egypt,EGP,이집트 파운드,46.96,Daily,Central Bank of Egypt (cbe.org.eg Official Portal),2026-10-01 04:20:07
2740,2026_02_08,2026_02,Egypt,EGP,이집트 파운드,46.95,Daily,Central Bank of Egypt (cbe.org.eg Official Portal),2026-10-01 04:20:07
2739,2026_02_09,2026_02,Egypt,EGP,이집트 파운드,46.89,Daily,Central Bank of Egypt (cbe.org.eg Official Portal),2026-10-01 04:20:07
2738,2026_02_10,2026_02,Egypt,EGP,이집트 파운드,46.86,Daily,Central Bank of Egypt (cbe.org.eg Official Portal),2026-10-01 04:20:07
2737,2026_02_11,2026_02,Egypt,EGP,이집트 파운드,46.85,Daily,Central Bank of Egypt (cbe.org.eg Official Portal),2026-10-01 04:20:07
2736,2026_02_12,2026_02,Egypt,EGP,이집트 파운드,46.82,Daily,Central Bank of Egypt (cbe.org.eg Official Portal),2026-10-01 04:20:07
2735,2026_02_15,2026_02,Egypt,EGP,이집트 파운드,46.78,Daily,Central Bank of Egypt (cbe.org.eg Official Portal),2026-10-01 04:20:07
2734,2026_02_16,2026_02,Egypt,EGP,이집트 파운드,46.78,Daily,Central Bank of Egypt (cbe.org.eg Official Portal),2026-10-01 04:20:07
2733,2026_02_17,2026_02,Egypt,EGP,이집트 파운드,47.03,Daily,Central Bank of Egypt (cbe.org.eg Official Portal),2026-10-01 04:20:07
2732,2026_02_18,2026_02,Egypt,EGP,이집트 파운드,47.01,Daily,Central Bank of Egypt (cbe.org.eg Official Portal),2026-10-01 04:20:07
2731,2026_02_19,2026_02,Egypt,EGP,이집트 파운드,47.59,Daily,Central Bank of Egypt (cbe.org.eg Official Portal),2026-10-01 04:20:07
2730,2026_02_22,2026_02,Egypt,EGP,이집트 파운드,47.81,Daily,Central Bank of Egypt (cbe.org.eg Official Portal),2026-10-01 04:20:07
2729,2026_02_23,2026_02,Egypt,EGP,이집트 파운드,47.74,Daily,Central Bank of Egypt (cbe.org.eg Official Portal),2026-10-01 04:20:07
2728,2026_02_24,2026_02,Egypt,EGP,이집트 파운드,47.9,Daily,Central Bank of Egypt (cbe.org.eg Official Portal),2026-10-01 04:20:07
2727,2026_02_25,2026_02,Egypt,EGP,이집트 파운드,47.95,Daily,Central Bank of Egypt (cbe.org.eg Official Portal),2026-10-01 04:20:07
2726,2026_02_26,2026_02,Egypt,EGP,이집트 파운드,47.93,Daily,Central Bank of Egypt (cbe.org.eg Official Portal),2026-10-01 04:20:07
2725,2026_03_01,2026_03,Egypt,EGP,이집트 파운드,48.75,Daily,Central Bank of Egypt (cbe.org.eg Official Portal),2026-10-01 04:20:07
2724,2026_03_02,2026_03,Egypt,EGP,이집트 파운드,49.23,Daily,Central Bank of Egypt (cbe.org.eg Official Portal),2026-10-01 04:20:07
2723,2026_03_03,2026_03,Egypt,EGP,이집트 파운드,49.89,Daily,Central Bank of Egypt (cbe.org.eg Official Portal),2026-10-01 04:20:07
2722,2026_03_04,2026_03,Egypt,EGP,이집트 파운드,50.19,Daily,Central Bank of Egypt (cbe.org.eg Official Portal),2026-10-01 04:20:07
2721,2026_03_05,2026_03,Egypt,EGP,이집트 파운드,50.16,Daily,Central Bank of Egypt (cbe.org.eg Official Portal),2026-10-01 04:20:07
2720,2026_03_08,2026_03,Egypt,EGP,이집트 파운드,52.17,Daily,Central Bank of Egypt (cbe.org.eg Official Portal),2026-10-01 04:20:07
2719,2026_03_09,2026_03,Egypt,EGP,이집트 파운드,52.8,Daily,Central Bank of Egypt (cbe.org.eg Official Portal),2026-10-01 04:20:07
2718,2026_03_10,2026_03,Egypt,EGP,이집트 파운드,51.99,Daily,Central Bank of Egypt (cbe.org.eg Official Portal),2026-10-01 04:20:07
2717,2026_03_11,2026_03,Egypt,EGP,이집트 파운드,51.99,Daily,Central Bank of Egypt (cbe.org.eg Official Portal),2026-10-01 04:20:07
2716,2026_03_12,2026_03,Egypt,EGP,이집트 파운드,52.45,Daily,Central Bank of Egypt (cbe.org.eg Official Portal),2026-10-01 04:20:07
2715,2026_03_15,2026_03,Egypt,EGP,이집트 파운드,52.56,Daily,Central Bank of Egypt (cbe.org.eg Official Portal),2026-10-01 04:20:07
2714,2026_03_16,2026_03,Egypt,EGP,이집트 파운드,52.38,Daily,Central Bank of Egypt (cbe.org.eg Official Portal),2026-10-01 04:20:07
2713,2026_03_17,2026_03,Egypt,EGP,이집트 파운드,52.36,Daily,Central Bank of Egypt (cbe.org.eg Official Portal),2026-10-01 04:20:07
2712,2026_03_18,2026_03,Egypt,EGP,이집트 파운드,52.36,Daily,Central Bank of Egypt (cbe.org.eg Official Portal),2026-10-01 04:20:07
2711,2026_03_24,2026_03,Egypt,EGP,이집트 파운드,52.7,Daily,Central Bank of Egypt (cbe.org.eg Official Portal),2026-10-01 04:20:07
2710,2026_03_25,2026_03,Egypt,EGP,이집트 파운드,52.59,Daily,Central Bank of Egypt (cbe.org.eg Official Portal),2026-10-01 04:20:07
2709,2026_03_26,2026_03,Egypt,EGP,이집트 파운드,52.82,Daily,Central Bank of Egypt (cbe.org.eg Official Portal),2026-10-01 04:20:07
2708,2026_03_29,2026_03,Egypt,EGP,이집트 파운드,53.59,Daily,Central Bank of Egypt (cbe.org.eg Official Portal),2026-10-01 04:20:07
2707,2026_03_30,2026_03,Egypt,EGP,이집트 파운드,54.58,Daily,Central Bank of Egypt (cbe.org.eg Official Portal),2026-10-01 04:20:07
2706,2026_03_31,2026_03,Egypt,EGP,이집트 파운드,54.59,Daily,Central Bank of Egypt (cbe.org.eg Official Portal),2026-10-01 04:20:07
2705,2026_04_01,2026_04,Egypt,EGP,이집트 파운드,53.63,Daily,Central Bank of Egypt (cbe.org.eg Official Portal),2026-10-01 04:20:07
2704,2026_04_02,2026_04,Egypt,EGP,이집트 파운드,54.37,Daily,Central Bank of Egypt (cbe.org.eg Official Portal),2026-10-01 04:20:07
2703,2026_04_05,2026_04,Egypt,EGP,이집트 파운드,54.5,Daily,Central Bank of Egypt (cbe.org.eg Official Portal),2026-10-01 04:20:07
2702,2026_04_06,2026_04,Egypt,EGP,이집트 파운드,54.44,Daily,Central Bank of Egypt (cbe.org.eg Official Portal),2026-10-01 04:20:07
2701,2026_04_07,2026_04,Egypt,EGP,이집트 파운드,54.72,Daily,Central Bank of Egypt (cbe.org.eg Official Portal),2026-10-01 04:20:07
2700,2026_04_08,2026_04,Egypt,EGP,이집트 파운드,53.33,Daily,Central Bank of Egypt (cbe.org.eg Official Portal),2026-10-01 04:20:07
2699,2026_04_09,2026_04,Egypt,EGP,이집트 파운드,53.14,Daily,Central Bank of Egypt (cbe.org.eg Official Portal),2026-10-01 04:20:07
2698,2026_04_14,2026_04,Egypt,EGP,이집트 파운드,52.51,Daily,Central Bank of Egypt (cbe.org.eg Official Portal),2026-10-01 04:20:07
2697,2026_04_15,2026_04,Egypt,EGP,이집트 파운드,52.01,Daily,Central Bank of Egypt (cbe.org.eg Official Portal),2026-10-01 04:20:07
2696,2026_04_16,2026_04,Egypt,EGP,이집트 파운드,51.82,Daily,Central Bank of Egypt (cbe.org.eg Official Portal),2026-10-01 04:20:07
2695,2026_04_19,2026_04,Egypt,EGP,이집트 파운드,51.74,Daily,Central Bank of Egypt (cbe.org.eg Official Portal),2026-10-01 04:20:07
2694,2026_04_20,2026_04,Egypt,EGP,이집트 파운드,51.99,Daily,Central Bank of Egypt (cbe.org.eg Official Portal),2026-10-01 04:20:07
2693,2026_04_21,2026_04,Egypt,EGP,이집트 파운드,51.78,Daily,Central Bank of Egypt (cbe.org.eg Official Portal),2026-10-01 04:20:07
2692,2026_04_22,2026_04,Egypt,EGP,이집트 파운드,52.01,Daily,Central Bank of Egypt (cbe.org.eg Official Portal),2026-10-01 04:20:07
2691,2026_04_23,2026_04,Egypt,EGP,이집트 파운드,52.63,Daily,Central Bank of Egypt (cbe.org.eg Official Portal),2026-10-01 04:20:07
2690,2026_04_26,2026_04,Egypt,EGP,이집트 파운드,52.7,Daily,Central Bank of Egypt (cbe.org.eg Official Portal),2026-10-01 04:20:07
2689,2026_04_27,2026_04,Egypt,EGP,이집트 파운드,52.56,Daily,Central Bank of Egypt (cbe.org.eg Official Portal),2026-10-01 04:20:07
2688,2026_04_28,2026_04,Egypt,EGP,이집트 파운드,52.85,Daily,Central Bank of Egypt (cbe.org.eg Official Portal),2026-10-01 04:20:07
2687,2026_04_29,2026_04,Egypt,EGP,이집트 파운드,53.04,Daily,Central Bank of Egypt (cbe.org.eg Official Portal),2026-10-01 04:20:07
2686,2026_04_30,2026_04,Egypt,EGP,이집트 파운드,53.62,Daily,Central Bank of Egypt (cbe.org.eg Official Portal),2026-10-01 04:20:07
2685,2026_05_03,2026_05,Egypt,EGP,이집트 파운드,53.53,Daily,Central Bank of Egypt (cbe.org.eg Official Portal),2026-10-01 04:20:07
2684,2026_05_04,2026_05,Egypt,EGP,이집트 파운드,53.53,Daily,Central Bank of Egypt (cbe.org.eg Official Portal),2026-10-01 04:20:07
2683,2026_05_05,2026_05,Egypt,EGP,이집트 파운드,53.75,Daily,Central Bank of Egypt (cbe.org.eg Official Portal),2026-10-01 04:20:07
2682,2026_05_06,2026_05,Egypt,EGP,이집트 파운드,52.7,Daily,Central Bank of Egypt (cbe.org.eg Official Portal),2026-10-01 04:20:07
2681,2026_05_10,2026_05,Egypt,EGP,이집트 파운드,52.58,Daily,Central Bank of Egypt (cbe.org.eg Official Portal),2026-10-01 04:20:07
2680,2026_05_11,2026_05,Egypt,EGP,이집트 파운드,52.82,Daily,Central Bank of Egypt (cbe.org.eg Official Portal),2026-10-01 04:20:07
2679,2026_05_12,2026_05,Egypt,EGP,이집트 파운드,52.96,Daily,Central Bank of Egypt (cbe.org.eg Official Portal),2026-10-01 04:20:07
2678,2026_05_13,2026_05,Egypt,EGP,이집트 파운드,52.93,Daily,Central Bank of Egypt (cbe.org.eg Official Portal),2026-10-01 04:20:07
2677,2026_05_14,2026_05,Egypt,EGP,이집트 파운드,52.9,Daily,Central Bank of Egypt (cbe.org.eg Official Portal),2026-10-01 04:20:07
2676,2026_05_17,2026_05,Egypt,EGP,이집트 파운드,53.29,Daily,Central Bank of Egypt (cbe.org.eg Official Portal),2026-10-01 04:20:07
2675,2026_05_18,2026_05,Egypt,EGP,이집트 파운드,53.33,Daily,Central Bank of Egypt (cbe.org.eg Official Portal),2026-10-01 04:20:07
2674,2026_05_19,2026_05,Egypt,EGP,이집트 파운드,53.13,Daily,Central Bank of Egypt (cbe.org.eg Official Portal),2026-10-01 04:20:07
2673,2026_05_20,2026_05,Egypt,EGP,이집트 파운드,53.44,Daily,Central Bank of Egypt (cbe.org.eg Official Portal),2026-10-01 04:20:07
2672,2026_05_21,2026_05,Egypt,EGP,이집트 파운드,52.93,Daily,Central Bank of Egypt (cbe.org.eg Official Portal),2026-10-01 04:20:07
2671,2026_05_24,2026_05,Egypt,EGP,이집트 파운드,52.32,Daily,Central Bank of Egypt (cbe.org.eg Official Portal),2026-10-01 04:20:07
2670,2026_05_25,2026_05,Egypt,EGP,이집트 파운드,52.29,Daily,Central Bank of Egypt (cbe.org.eg Official Portal),2026-10-01 04:20:07
2669,2026_06_01,2026_06,Egypt,EGP,이집트 파운드,52.01,Daily,Central Bank of Egypt (cbe.org.eg Official Portal),2026-10-01 04:20:07
2668,2026_06_02,2026_06,Egypt,EGP,이집트 파운드,51.87,Daily,Central Bank of Egypt (cbe.org.eg Official Portal),2026-10-01 04:20:07
2667,2026_06_03,2026_06,Egypt,EGP,이집트 파운드,51.95,Daily,Central Bank of Egypt (cbe.org.eg Official Portal),2026-10-01 04:20:07
2666,2026_06_04,2026_06,Egypt,EGP,이집트 파운드,51.83,Daily,Central Bank of Egypt (cbe.org.eg Official Portal),2026-10-01 04:20:07
2665,2026_06_07,2026_06,Egypt,EGP,이집트 파운드,51.82,Daily,Central Bank of Egypt (cbe.org.eg Official Portal),2026-10-01 04:20:07
2664,2026_06_08,2026_06,Egypt,EGP,이집트 파운드,52.16,Daily,Central Bank of Egypt (cbe.org.eg Official Portal),2026-10-01 04:20:07
2663,2026_06_09,2026_06,Egypt,EGP,이집트 파운드,51.72,Daily,Central Bank of Egypt (cbe.org.eg Official Portal),2026-10-01 04:20:07
2662,2026_06_10,2026_06,Egypt,EGP,이집트 파운드,51.83,Daily,Central Bank of Egypt (cbe.org.eg Official Portal),2026-10-01 04:20:07
2661,2026_06_11,2026_06,Egypt,EGP,이집트 파운드,51.99,Daily,Central Bank of Egypt (cbe.org.eg Official Portal),2026-10-01 04:20:07
2660,2026_06_14,2026_06,Egypt,EGP,이집트 파운드,51.12,Daily,Central Bank of Egypt (cbe.org.eg Official Portal),2026-10-01 04:20:07
2659,2026_06_15,2026_06,Egypt,EGP,이집트 파운드,50.39,Daily,Central Bank of Egypt (cbe.org.eg Official Portal),2026-10-01 04:20:07
2658,2026_06_16,2026_06,Egypt,EGP,이집트 파운드,50.23,Daily,Central Bank of Egypt (cbe.org.eg Official Portal),2026-10-01 04:20:07
2657,2026_06_17,2026_06,Egypt,EGP,이집트 파운드,49.92,Daily,Central Bank of Egypt (cbe.org.eg Official Portal),2026-10-01 04:20:07
2656,2026_06_21,2026_06,Egypt,EGP,이집트 파운드,49.87,Daily,Central Bank of Egypt (cbe.org.eg Official Portal),2026-10-01 04:20:07
2655,2026_06_22,2026_06,Egypt,EGP,이집트 파운드,49.81,Daily,Central Bank of Egypt (cbe.org.eg Official Portal),2026-10-01 04:20:07
2654,2026_06_23,2026_06,Egypt,EGP,이집트 파운드,49.7,Daily,Central Bank of Egypt (cbe.org.eg Official Portal),2026-10-01 04:20:07
2653,2026_06_24,2026_06,Egypt,EGP,이집트 파운드,49.62,Daily,Central Bank of Egypt (cbe.org.eg Official Portal),2026-10-01 04:20:07
2652,2026_06_25,2026_06,Egypt,EGP,이집트 파운드,49.53,Daily,Central Bank of Egypt (cbe.org.eg Official Portal),2026-10-01 04:20:07
2651,2026_06_28,2026_06,Egypt,EGP,이집트 파운드,49.38,Daily,Central Bank of Egypt (cbe.org.eg Official Portal),2026-10-01 04:20:07
2650,2026_06_29,2026_06,Egypt,EGP,이집트 파운드,49.29,Daily,Central Bank of Egypt (cbe.org.eg Official Portal),2026-10-01 04:20:07
2649,2026_06_30,2026_06,Egypt,EGP,이집트 파운드,49.23,Daily,Central Bank of Egypt (cbe.org.eg Official Portal),2026-10-01 04:20:07
2648,2026_07_01,2026_07,Egypt,EGP,이집트 파운드,49.13,Daily,Central Bank of Egypt (cbe.org.eg Official Portal),2026-10-01 04:20:07
2647,2026_07_05,2026_07,Egypt,EGP,이집트 파운드,48.94,Daily,Central Bank of Egypt (cbe.org.eg Official Portal),2026-10-01 04:20:07
2646,2026_07_06,2026_07,Egypt,EGP,이집트 파운드,48.86,Daily,Central Bank of Egypt (cbe.org.eg Official Portal),2026-10-01 04:20:07
2645,2026_07_07,2026_07,Egypt,EGP,이집트 파운드,48.81,Daily,Central Bank of Egypt (cbe.org.eg Official Portal),2026-10-01 04:20:07
2644,2026_07_08,2026_07,Egypt,EGP,이집트 파운드,49.64,Daily,Central Bank of Egypt (cbe.org.eg Official Portal),2026-10-01 04:20:07
2643,2026_07_09,2026_07,Egypt,EGP,이집트 파운드,49.7,Daily,Central Bank of Egypt (cbe.org.eg Official Portal),2026-10-01 04:20:07
2642,2026_07_12,2026_07,Egypt,EGP,이집트 파운드,49.93,Daily,Central Bank of Egypt (cbe.org.eg Official Portal),2026-10-01 04:20:07
2641,2026_07_13,2026_07,Egypt,EGP,이집트 파운드,50.23,Daily,Central Bank of Egypt (cbe.org.eg Official Portal),2026-10-01 04:20:07
2640,2026_07_14,2026_07,Egypt,EGP,이집트 파운드,50.72,Daily,Central Bank of Egypt (cbe.org.eg Official Portal),2026-10-01 04:20:07
2639,2026_07_15,2026_07,Egypt,EGP,이집트 파운드,50.58,Daily,Central Bank of Egypt (cbe.org.eg Official Portal),2026-10-01 04:20:07
2638,2026_07_16,2026_07,Egypt,EGP,이집트 파운드,50.55,Daily,Central Bank of Egypt (cbe.org.eg Official Portal),2026-10-01 04:20:07
2637,2026_07_19,2026_07,Egypt,EGP,이집트 파운드,51.13,Daily,Central Bank of Egypt (cbe.org.eg Official Portal),2026-10-01 04:20:07
2636,2026_07_20,2026_07,Egypt,EGP,이집트 파운드,51.08,Daily,Central Bank of Egypt (cbe.org.eg Official Portal),2026-10-01 04:20:07
2635,2026_07_21,2026_07,Egypt,EGP,이집트 파운드,51.03,Daily,Central Bank of Egypt (cbe.org.eg Official Portal),2026-10-01 04:20:07
2634,2026_07_22,2026_07,Egypt,EGP,이집트 파운드,51.35,Daily,Central Bank of Egypt (cbe.org.eg Official Portal),2026-10-01 04:20:07
2633,2026_07_26,2026_07,Egypt,EGP,이집트 파운드,51.31,Daily,Central Bank of Egypt (cbe.org.eg Official Portal),2026-10-01 04:20:07
2632,2026_07_27,2026_07,Egypt,EGP,이집트 파운드,50.72,Daily,Central Bank of Egypt (cbe.org.eg Official Portal),2026-10-01 04:20:07
2631,2026_07_28,2026_07,Egypt,EGP,이집트 파운드,50.53,Daily,Central Bank of Egypt (cbe.org.eg Official Portal),2026-10-01 04:20:07
2630,2026_07_29,2026_07,Egypt,EGP,이집트 파운드,50.71,Daily,Central Bank of Egypt (cbe.org.eg Official Portal),2026-10-01 04:20:07
2629,2026_07_30,2026_07,Egypt,EGP,이집트 파운드,51.15,Daily,Central Bank of Egypt (cbe.org.eg Official Portal),2026-10-01 04:20:07
2628,2026_08_02,2026_08,Egypt,EGP,이집트 파운드,50.42,Daily,Central Bank of Egypt (cbe.org.eg Official Portal),2026-10-01 04:20:07
2627,2026_08_03,2026_08,Egypt,EGP,이집트 파운드,50.23,Daily,Central Bank of Egypt (cbe.org.eg Official Portal),2026-10-01 04:20:07
2626,2026_08_04,2026_08,Egypt,EGP,이집트 파운드,50.29,Daily,Central Bank of Egypt (cbe.org.eg Official Portal),2026-10-01 04:20:07
2625,2026_08_05,2026_08,Egypt,EGP,이집트 파운드,49.82,Daily,Central Bank of Egypt (cbe.org.eg Official Portal),2026-10-01 04:20:07
2624,2026_08_06,2026_08,Egypt,EGP,이집트 파운드,49.79,Daily,Central Bank of Egypt (cbe.org.eg Official Portal),2026-10-01 04:20:07
2623,2026_08_09,2026_08,Egypt,EGP,이집트 파운드,49.86,Daily,Central Bank of Egypt (cbe.org.eg Official Portal),2026-10-01 04:20:07
2622,2026_08_10,2026_08,Egypt,EGP,이집트 파운드,49.98,Daily,Central Bank of Egypt (cbe.org.eg Official Portal),2026-10-01 04:20:07
2621,2026_08_11,2026_08,Egypt,EGP,이집트 파운드,50.28,Daily,Central Bank of Egypt (cbe.org.eg Official Portal),2026-10-01 04:20:07
2620,2026_08_12,2026_08,Egypt,EGP,이집트 파운드,50.23,Daily,Central Bank of Egypt (cbe.org.eg Official Portal),2026-10-01 04:20:07
2619,2026_08_13,2026_08,Egypt,EGP,이집트 파운드,50.29,Daily,Central Bank of Egypt (cbe.org.eg Official Portal),2026-10-01 04:20:07
2618,2026_08_16,2026_08,Egypt,EGP,이집트 파운드,50.25,Daily,Central Bank of Egypt (cbe.org.eg Official Portal),2026-10-01 04:20:07
2617,2026_08_17,2026_08,Egypt,EGP,이집트 파운드,50.2,Daily,Central Bank of Egypt (cbe.org.eg Official Portal),2026-10-01 04:20:07
2616,2026_08_18,2026_08,Egypt,EGP,이집트 파운드,50.52,Daily,Central Bank of Egypt (cbe.org.eg Official Portal),2026-10-01 04:20:07
2615,2026_08_19,2026_08,Egypt,EGP,이집트 파운드,50.72,Daily,Central Bank of Egypt (cbe.org.eg Official Portal),2026-10-01 04:20:07
2614,2026_08_20,2026_08,Egypt,EGP,이집트 파운드,50.88,Daily,Central Bank of Egypt (cbe.org.eg Official Portal),2026-10-01 04:20:07
2613,2026_08_23,2026_08,Egypt,EGP,이집트 파운드,50.87,Daily,Central Bank of Egypt (cbe.org.eg Official Portal),2026-10-01 04:20:07
2612,2026_08_24,2026_08,Egypt,EGP,이집트 파운드,50.83,Daily,Central Bank of Egypt (cbe.org.eg Official Portal),2026-10-01 04:20:07
2611,2026_08_25,2026_08,Egypt,EGP,이집트 파운드,50.42,Daily,Central Bank of Egypt (cbe.org.eg Official Portal),2026-10-01 04:20:07
2610,2026_08_26,2026_08,Egypt,EGP,이집트 파운드,50.22,Daily,Central Bank of Egypt (cbe.org.eg Official Portal),2026-10-01 04:20:07
2609,2026_08_30,2026_08,Egypt,EGP,이집트 파운드,50.53,Daily,Central Bank of Egypt (cbe.org.eg Official Portal),2026-10-01 04:20:07
2608,2026_08_31,2026_08,Egypt,EGP,이집트 파운드,50.92,Daily,Central Bank of Egypt (cbe.org.eg Official Portal),2026-10-01 04:20:07
2607,2026_09_01,2026_09,Egypt,EGP,이집트 파운드,50.94,Daily,Central Bank of Egypt (cbe.org.eg Official Portal),2026-10-01 04:20:07
2606,2026_09_02,2026_09,Egypt,EGP,이집트 파운드,51.11,Daily,Central Bank of Egypt (cbe.org.eg Official Portal),2026-10-01 04:20:07
2605,2026_09_03,2026_09,Egypt,EGP,이집트 파운드,50.95,Daily,Central Bank of Egypt (cbe.org.eg Official Portal),2026-10-01 04:20:07
2604,2026_09_06,2026_09,Egypt,EGP,이집트 파운드,50.88,Daily,Central Bank of Egypt (cbe.org.eg Official Portal),2026-10-01 04:20:07
2603,2026_09_07,2026_09,Egypt,EGP,이집트 파운드,50.91,Daily,Central Bank of Egypt (cbe.org.eg Official Portal),2026-10-01 04:20:07
2602,2026_09_08,2026_09,Egypt,EGP,이집트 파운드,51.05,Daily,Central Bank of Egypt (cbe.org.eg Official Portal),2026-10-01 04:20:07
2601,2026_09_09,2026_09,Egypt,EGP,이집트 파운드,51.21,Daily,Central Bank of Egypt (cbe.org.eg Official Portal),2026-10-01 04:20:07
2600,2026_09_10,2026_09,Egypt,EGP,이집트 파운드,51.34,Daily,Central Bank of Egypt (cbe.org.eg Official Portal),2026-10-01 04:20:07
2524,2026_09_11,2026_09,Egypt,EGP,이집트 파운드,51.84,Daily,Central Bank of Egypt (cbe.org.eg),2026-10-01 02:32:52
2599,2026_09_13,2026_09,Egypt,EGP,이집트 파운드,51.38,Daily,Central Bank of Egypt (cbe.org.eg Official Portal),2026-10-01 04:20:07
2598,2026_09_14,2026_09,Egypt,EGP,이집트 파운드,51.86,Daily,Central Bank of Egypt (cbe.org.eg Official Portal),2026-10-01 04:20:07
2597,2026_09_15,2026_09,Egypt,EGP,이집트 파운드,52.07,Daily,Central Bank of Egypt (cbe.org.eg Official Portal),2026-10-01 04:20:07
2596,2026_09_16,2026_09,Egypt,EGP,이집트 파운드,52.21,Daily,Central Bank of Egypt (cbe.org.eg Official Portal),2026-10-01 04:20:07
2595,2026_09_17,2026_09,Egypt,EGP,이집트 파운드,52.15,Daily,Central Bank of Egypt (cbe.org.eg Official Portal),2026-10-01 04:20:07
2594,2026_09_20,2026_09,Egypt,EGP,이집트 파운드,52.02,Daily,Central Bank of Egypt (cbe.org.eg Official Portal),2026-10-01 04:20:07
2593,2026_09_21,2026_09,Egypt,EGP,이집트 파운드,51.93,Daily,Central Bank of Egypt (cbe.org.eg Official Portal),2026-10-01 04:20:07
2592,2026_09_22,2026_09,Egypt,EGP,이집트 파운드,51.6,Daily,Central Bank of Egypt (cbe.org.eg Official Portal),2026-10-01 04:20:07
2591,2026_09_23,2026_09,Egypt,EGP,이집트 파운드,51.43,Daily,Central Bank of Egypt (cbe.org.eg Official Portal),2026-10-01 04:20:07
2590,2026_09_24,2026_09,Egypt,EGP,이집트 파운드,51.78,Daily,Central Bank of Egypt (cbe.org.eg Official Portal),2026-10-01 04:20:07
2589,2026_09_27,2026_09,Egypt,EGP,이집트 파운드,51.72,Daily,Central Bank of Egypt (cbe.org.eg Official Portal),2026-10-01 04:20:07
2588,2026_09_28,2026_09,Egypt,EGP,이집트 파운드,52.08,Daily,Central Bank of Egypt (cbe.org.eg Official Portal),2026-10-01 04:20:07
2587,2026_09_29,2026_09,Egypt,EGP,이집트 파운드,52.12,Daily,Central Bank of Egypt (cbe.org.eg Official Portal),2026-10-01 04:20:07
2586,2026_09_30,2026_09,Egypt,EGP,이집트 파운드,51.99,Daily,Central Bank of Egypt (cbe.org.eg Official Portal),2026-10-01 04:20:07
1280,2025_01_02,2025_01,Indonesia,IDR,인도네시아 루피아,16207,Daily,Bank for International Settlements (BIS) / Bank Indonesia (BI),2026-10-01 01:53:36
1281,2025_01_03,2025_01,Indonesia,IDR,인도네시아 루피아,16219,Daily,Bank for International Settlements (BIS) / Bank Indonesia (BI),2026-10-01 01:53:36
1282,2025_01_06,2025_01,Indonesia,IDR,인도네시아 루피아,16147,Daily,Bank for International Settlements (BIS) / Bank Indonesia (BI),2026-10-01 01:53:36
1283,2025_01_07,2025_01,Indonesia,IDR,인도네시아 루피아,16160,Daily,Bank for International Settlements (BIS) / Bank Indonesia (BI),2026-10-01 01:53:36
1284,2025_01_08,2025_01,Indonesia,IDR,인도네시아 루피아,16255,Daily,Bank for International Settlements (BIS) / Bank Indonesia (BI),2026-10-01 01:53:36
1285,2025_01_09,2025_01,Indonesia,IDR,인도네시아 루피아,16200,Daily,Bank for International Settlements (BIS) / Bank Indonesia (BI),2026-10-01 01:53:36
1286,2025_01_10,2025_01,Indonesia,IDR,인도네시아 루피아,16189,Daily,Bank for International Settlements (BIS) / Bank Indonesia (BI),2026-10-01 01:53:36
1287,2025_01_13,2025_01,Indonesia,IDR,인도네시아 루피아,16318,Daily,Bank for International Settlements (BIS) / Bank Indonesia (BI),2026-10-01 01:53:36
1288,2025_01_14,2025_01,Indonesia,IDR,인도네시아 루피아,16309,Daily,Bank for International Settlements (BIS) / Bank Indonesia (BI),2026-10-01 01:53:36
1289,2025_01_15,2025_01,Indonesia,IDR,인도네시아 루피아,16381,Daily,Bank for International Settlements (BIS) / Bank Indonesia (BI),2026-10-01 01:53:36
1290,2025_01_16,2025_01,Indonesia,IDR,인도네시아 루피아,16406,Daily,Bank for International Settlements (BIS) / Bank Indonesia (BI),2026-10-01 01:53:36
1291,2025_01_17,2025_01,Indonesia,IDR,인도네시아 루피아,16399,Daily,Bank for International Settlements (BIS) / Bank Indonesia (BI),2026-10-01 01:53:36
1292,2025_01_20,2025_01,Indonesia,IDR,인도네시아 루피아,16390,Daily,Bank for International Settlements (BIS) / Bank Indonesia (BI),2026-10-01 01:53:36
1293,2025_01_21,2025_01,Indonesia,IDR,인도네시아 루피아,16338,Daily,Bank for International Settlements (BIS) / Bank Indonesia (BI),2026-10-01 01:53:36
1294,2025_01_22,2025_01,Indonesia,IDR,인도네시아 루피아,16211,Daily,Bank for International Settlements (BIS) / Bank Indonesia (BI),2026-10-01 01:53:36
1295,2025_01_23,2025_01,Indonesia,IDR,인도네시아 루피아,16240,Daily,Bank for International Settlements (BIS) / Bank Indonesia (BI),2026-10-01 01:53:36
1296,2025_01_24,2025_01,Indonesia,IDR,인도네시아 루피아,16139,Daily,Bank for International Settlements (BIS) / Bank Indonesia (BI),2026-10-01 01:53:36
1297,2025_01_27,2025_01,Indonesia,IDR,인도네시아 루피아,16151,Daily,Bank for International Settlements (BIS) / Bank Indonesia (BI),2026-10-01 01:53:36
1298,2025_01_28,2025_01,Indonesia,IDR,인도네시아 루피아,16225,Daily,Bank for International Settlements (BIS) / Bank Indonesia (BI),2026-10-01 01:53:36
1299,2025_01_29,2025_01,Indonesia,IDR,인도네시아 루피아,16240,Daily,Bank for International Settlements (BIS) / Bank Indonesia (BI),2026-10-01 01:53:36
1300,2025_01_30,2025_01,Indonesia,IDR,인도네시아 루피아,16247,Daily,Bank for International Settlements (BIS) / Bank Indonesia (BI),2026-10-01 01:53:36
1301,2025_01_31,2025_01,Indonesia,IDR,인도네시아 루피아,16301,Daily,Bank for International Settlements (BIS) / Bank Indonesia (BI),2026-10-01 01:53:36
1302,2025_02_03,2025_02,Indonesia,IDR,인도네시아 루피아,16415,Daily,Bank for International Settlements (BIS) / Bank Indonesia (BI),2026-10-01 01:53:36
1303,2025_02_04,2025_02,Indonesia,IDR,인도네시아 루피아,16319,Daily,Bank for International Settlements (BIS) / Bank Indonesia (BI),2026-10-01 01:53:36
1304,2025_02_05,2025_02,Indonesia,IDR,인도네시아 루피아,16315,Daily,Bank for International Settlements (BIS) / Bank Indonesia (BI),2026-10-01 01:53:36
1305,2025_02_06,2025_02,Indonesia,IDR,인도네시아 루피아,16355,Daily,Bank for International Settlements (BIS) / Bank Indonesia (BI),2026-10-01 01:53:36
1306,2025_02_07,2025_02,Indonesia,IDR,인도네시아 루피아,16318,Daily,Bank for International Settlements (BIS) / Bank Indonesia (BI),2026-10-01 01:53:36
1307,2025_02_10,2025_02,Indonesia,IDR,인도네시아 루피아,16345,Daily,Bank for International Settlements (BIS) / Bank Indonesia (BI),2026-10-01 01:53:36
1308,2025_02_11,2025_02,Indonesia,IDR,인도네시아 루피아,16367,Daily,Bank for International Settlements (BIS) / Bank Indonesia (BI),2026-10-01 01:53:36
1309,2025_02_12,2025_02,Indonesia,IDR,인도네시아 루피아,16349,Daily,Bank for International Settlements (BIS) / Bank Indonesia (BI),2026-10-01 01:53:36
1310,2025_02_13,2025_02,Indonesia,IDR,인도네시아 루피아,16385,Daily,Bank for International Settlements (BIS) / Bank Indonesia (BI),2026-10-01 01:53:36
1311,2025_02_14,2025_02,Indonesia,IDR,인도네시아 루피아,16206,Daily,Bank for International Settlements (BIS) / Bank Indonesia (BI),2026-10-01 01:53:36
1312,2025_02_17,2025_02,Indonesia,IDR,인도네시아 루피아,16226,Daily,Bank for International Settlements (BIS) / Bank Indonesia (BI),2026-10-01 01:53:36
1313,2025_02_18,2025_02,Indonesia,IDR,인도네시아 루피아,16337,Daily,Bank for International Settlements (BIS) / Bank Indonesia (BI),2026-10-01 01:53:36
1314,2025_02_19,2025_02,Indonesia,IDR,인도네시아 루피아,16371,Daily,Bank for International Settlements (BIS) / Bank Indonesia (BI),2026-10-01 01:53:36
1315,2025_02_20,2025_02,Indonesia,IDR,인도네시아 루피아,16290,Daily,Bank for International Settlements (BIS) / Bank Indonesia (BI),2026-10-01 01:53:36
1316,2025_02_21,2025_02,Indonesia,IDR,인도네시아 루피아,16319,Daily,Bank for International Settlements (BIS) / Bank Indonesia (BI),2026-10-01 01:53:36
1317,2025_02_24,2025_02,Indonesia,IDR,인도네시아 루피아,16286,Daily,Bank for International Settlements (BIS) / Bank Indonesia (BI),2026-10-01 01:53:36
1318,2025_02_25,2025_02,Indonesia,IDR,인도네시아 루피아,16348,Daily,Bank for International Settlements (BIS) / Bank Indonesia (BI),2026-10-01 01:53:36
1319,2025_02_26,2025_02,Indonesia,IDR,인도네시아 루피아,16374,Daily,Bank for International Settlements (BIS) / Bank Indonesia (BI),2026-10-01 01:53:36
1320,2025_02_27,2025_02,Indonesia,IDR,인도네시아 루피아,16454,Daily,Bank for International Settlements (BIS) / Bank Indonesia (BI),2026-10-01 01:53:36
1321,2025_02_28,2025_02,Indonesia,IDR,인도네시아 루피아,16548,Daily,Bank for International Settlements (BIS) / Bank Indonesia (BI),2026-10-01 01:53:36
1322,2025_03_03,2025_03,Indonesia,IDR,인도네시아 루피아,16451,Daily,Bank for International Settlements (BIS) / Bank Indonesia (BI),2026-10-01 01:53:36
1323,2025_03_04,2025_03,Indonesia,IDR,인도네시아 루피아,16414,Daily,Bank for International Settlements (BIS) / Bank Indonesia (BI),2026-10-01 01:53:36
1324,2025_03_05,2025_03,Indonesia,IDR,인도네시아 루피아,16362,Daily,Bank for International Settlements (BIS) / Bank Indonesia (BI),2026-10-01 01:53:36
1325,2025_03_06,2025_03,Indonesia,IDR,인도네시아 루피아,16368,Daily,Bank for International Settlements (BIS) / Bank Indonesia (BI),2026-10-01 01:53:36
1326,2025_03_07,2025_03,Indonesia,IDR,인도네시아 루피아,16270,Daily,Bank for International Settlements (BIS) / Bank Indonesia (BI),2026-10-01 01:53:36
1327,2025_03_10,2025_03,Indonesia,IDR,인도네시아 루피아,16357,Daily,Bank for International Settlements (BIS) / Bank Indonesia (BI),2026-10-01 01:53:36
1328,2025_03_11,2025_03,Indonesia,IDR,인도네시아 루피아,16438,Daily,Bank for International Settlements (BIS) / Bank Indonesia (BI),2026-10-01 01:53:36
1329,2025_03_12,2025_03,Indonesia,IDR,인도네시아 루피아,16470,Daily,Bank for International Settlements (BIS) / Bank Indonesia (BI),2026-10-01 01:53:36
1330,2025_03_13,2025_03,Indonesia,IDR,인도네시아 루피아,16435,Daily,Bank for International Settlements (BIS) / Bank Indonesia (BI),2026-10-01 01:53:36
1331,2025_03_14,2025_03,Indonesia,IDR,인도네시아 루피아,16357,Daily,Bank for International Settlements (BIS) / Bank Indonesia (BI),2026-10-01 01:53:36
1332,2025_03_17,2025_03,Indonesia,IDR,인도네시아 루피아,16379,Daily,Bank for International Settlements (BIS) / Bank Indonesia (BI),2026-10-01 01:53:36
1333,2025_03_18,2025_03,Indonesia,IDR,인도네시아 루피아,16512,Daily,Bank for International Settlements (BIS) / Bank Indonesia (BI),2026-10-01 01:53:36
1334,2025_03_19,2025_03,Indonesia,IDR,인도네시아 루피아,16526,Daily,Bank for International Settlements (BIS) / Bank Indonesia (BI),2026-10-01 01:53:36
1335,2025_03_20,2025_03,Indonesia,IDR,인도네시아 루피아,16510,Daily,Bank for International Settlements (BIS) / Bank Indonesia (BI),2026-10-01 01:53:36
1336,2025_03_21,2025_03,Indonesia,IDR,인도네시아 루피아,16511,Daily,Bank for International Settlements (BIS) / Bank Indonesia (BI),2026-10-01 01:53:36
1337,2025_03_24,2025_03,Indonesia,IDR,인도네시아 루피아,16559,Daily,Bank for International Settlements (BIS) / Bank Indonesia (BI),2026-10-01 01:53:36
1338,2025_03_25,2025_03,Indonesia,IDR,인도네시아 루피아,16565,Daily,Bank for International Settlements (BIS) / Bank Indonesia (BI),2026-10-01 01:53:36
1339,2025_03_26,2025_03,Indonesia,IDR,인도네시아 루피아,16613,Daily,Bank for International Settlements (BIS) / Bank Indonesia (BI),2026-10-01 01:53:36
1340,2025_03_27,2025_03,Indonesia,IDR,인도네시아 루피아,16585,Daily,Bank for International Settlements (BIS) / Bank Indonesia (BI),2026-10-01 01:53:36
1341,2025_03_28,2025_03,Indonesia,IDR,인도네시아 루피아,16587,Daily,Bank for International Settlements (BIS) / Bank Indonesia (BI),2026-10-01 01:53:36
1342,2025_03_31,2025_03,Indonesia,IDR,인도네시아 루피아,16637,Daily,Bank for International Settlements (BIS) / Bank Indonesia (BI),2026-10-01 01:53:36
1343,2025_04_01,2025_04,Indonesia,IDR,인도네시아 루피아,16743,Daily,Bank for International Settlements (BIS) / Bank Indonesia (BI),2026-10-01 01:53:36
1344,2025_04_02,2025_04,Indonesia,IDR,인도네시아 루피아,16716,Daily,Bank for International Settlements (BIS) / Bank Indonesia (BI),2026-10-01 01:53:36
1345,2025_04_03,2025_04,Indonesia,IDR,인도네시아 루피아,16714,Daily,Bank for International Settlements (BIS) / Bank Indonesia (BI),2026-10-01 01:53:36
1346,2025_04_04,2025_04,Indonesia,IDR,인도네시아 루피아,16958,Daily,Bank for International Settlements (BIS) / Bank Indonesia (BI),2026-10-01 01:53:36
1347,2025_04_07,2025_04,Indonesia,IDR,인도네시아 루피아,16952,Daily,Bank for International Settlements (BIS) / Bank Indonesia (BI),2026-10-01 01:53:36
1348,2025_04_08,2025_04,Indonesia,IDR,인도네시아 루피아,16916,Daily,Bank for International Settlements (BIS) / Bank Indonesia (BI),2026-10-01 01:53:36
1349,2025_04_09,2025_04,Indonesia,IDR,인도네시아 루피아,16945,Daily,Bank for International Settlements (BIS) / Bank Indonesia (BI),2026-10-01 01:53:36
1350,2025_04_10,2025_04,Indonesia,IDR,인도네시아 루피아,16834,Daily,Bank for International Settlements (BIS) / Bank Indonesia (BI),2026-10-01 01:53:36
1351,2025_04_11,2025_04,Indonesia,IDR,인도네시아 루피아,16855,Daily,Bank for International Settlements (BIS) / Bank Indonesia (BI),2026-10-01 01:53:36
1352,2025_04_14,2025_04,Indonesia,IDR,인도네시아 루피아,16810,Daily,Bank for International Settlements (BIS) / Bank Indonesia (BI),2026-10-01 01:53:36
1353,2025_04_15,2025_04,Indonesia,IDR,인도네시아 루피아,16853,Daily,Bank for International Settlements (BIS) / Bank Indonesia (BI),2026-10-01 01:53:36
1354,2025_04_16,2025_04,Indonesia,IDR,인도네시아 루피아,16799,Daily,Bank for International Settlements (BIS) / Bank Indonesia (BI),2026-10-01 01:53:36
1355,2025_04_17,2025_04,Indonesia,IDR,인도네시아 루피아,16868,Daily,Bank for International Settlements (BIS) / Bank Indonesia (BI),2026-10-01 01:53:36
1356,2025_04_22,2025_04,Indonesia,IDR,인도네시아 루피아,16842,Daily,Bank for International Settlements (BIS) / Bank Indonesia (BI),2026-10-01 01:53:36
1357,2025_04_23,2025_04,Indonesia,IDR,인도네시아 루피아,16876,Daily,Bank for International Settlements (BIS) / Bank Indonesia (BI),2026-10-01 01:53:36
1358,2025_04_24,2025_04,Indonesia,IDR,인도네시아 루피아,16852,Daily,Bank for International Settlements (BIS) / Bank Indonesia (BI),2026-10-01 01:53:36
1359,2025_04_25,2025_04,Indonesia,IDR,인도네시아 루피아,16854,Daily,Bank for International Settlements (BIS) / Bank Indonesia (BI),2026-10-01 01:53:36
1360,2025_04_28,2025_04,Indonesia,IDR,인도네시아 루피아,16812,Daily,Bank for International Settlements (BIS) / Bank Indonesia (BI),2026-10-01 01:53:36
1361,2025_04_29,2025_04,Indonesia,IDR,인도네시아 루피아,16758,Daily,Bank for International Settlements (BIS) / Bank Indonesia (BI),2026-10-01 01:53:36
1362,2025_04_30,2025_04,Indonesia,IDR,인도네시아 루피아,16620,Daily,Bank for International Settlements (BIS) / Bank Indonesia (BI),2026-10-01 01:53:36
1363,2025_05_02,2025_05,Indonesia,IDR,인도네시아 루피아,16444,Daily,Bank for International Settlements (BIS) / Bank Indonesia (BI),2026-10-01 01:53:36
1364,2025_05_05,2025_05,Indonesia,IDR,인도네시아 루피아,16434,Daily,Bank for International Settlements (BIS) / Bank Indonesia (BI),2026-10-01 01:53:36
1365,2025_05_06,2025_05,Indonesia,IDR,인도네시아 루피아,16417,Daily,Bank for International Settlements (BIS) / Bank Indonesia (BI),2026-10-01 01:53:36
1366,2025_05_07,2025_05,Indonesia,IDR,인도네시아 루피아,16517,Daily,Bank for International Settlements (BIS) / Bank Indonesia (BI),2026-10-01 01:53:36
1367,2025_05_08,2025_05,Indonesia,IDR,인도네시아 루피아,16501,Daily,Bank for International Settlements (BIS) / Bank Indonesia (BI),2026-10-01 01:53:36
1368,2025_05_09,2025_05,Indonesia,IDR,인도네시아 루피아,16536,Daily,Bank for International Settlements (BIS) / Bank Indonesia (BI),2026-10-01 01:53:36
1369,2025_05_12,2025_05,Indonesia,IDR,인도네시아 루피아,16659,Daily,Bank for International Settlements (BIS) / Bank Indonesia (BI),2026-10-01 01:53:36
1370,2025_05_13,2025_05,Indonesia,IDR,인도네시아 루피아,16660,Daily,Bank for International Settlements (BIS) / Bank Indonesia (BI),2026-10-01 01:53:36
1371,2025_05_14,2025_05,Indonesia,IDR,인도네시아 루피아,16536,Daily,Bank for International Settlements (BIS) / Bank Indonesia (BI),2026-10-01 01:53:36
1372,2025_05_15,2025_05,Indonesia,IDR,인도네시아 루피아,16525,Daily,Bank for International Settlements (BIS) / Bank Indonesia (BI),2026-10-01 01:53:36
1373,2025_05_16,2025_05,Indonesia,IDR,인도네시아 루피아,16462,Daily,Bank for International Settlements (BIS) / Bank Indonesia (BI),2026-10-01 01:53:36
1374,2025_05_19,2025_05,Indonesia,IDR,인도네시아 루피아,16455,Daily,Bank for International Settlements (BIS) / Bank Indonesia (BI),2026-10-01 01:53:36
1375,2025_05_20,2025_05,Indonesia,IDR,인도네시아 루피아,16423,Daily,Bank for International Settlements (BIS) / Bank Indonesia (BI),2026-10-01 01:53:36
1376,2025_05_21,2025_05,Indonesia,IDR,인도네시아 루피아,16330,Daily,Bank for International Settlements (BIS) / Bank Indonesia (BI),2026-10-01 01:53:36
1377,2025_05_22,2025_05,Indonesia,IDR,인도네시아 루피아,16335,Daily,Bank for International Settlements (BIS) / Bank Indonesia (BI),2026-10-01 01:53:36
1378,2025_05_23,2025_05,Indonesia,IDR,인도네시아 루피아,16267,Daily,Bank for International Settlements (BIS) / Bank Indonesia (BI),2026-10-01 01:53:36
1379,2025_05_26,2025_05,Indonesia,IDR,인도네시아 루피아,16252,Daily,Bank for International Settlements (BIS) / Bank Indonesia (BI),2026-10-01 01:53:36
1380,2025_05_27,2025_05,Indonesia,IDR,인도네시아 루피아,16283,Daily,Bank for International Settlements (BIS) / Bank Indonesia (BI),2026-10-01 01:53:36
1381,2025_05_28,2025_05,Indonesia,IDR,인도네시아 루피아,16320,Daily,Bank for International Settlements (BIS) / Bank Indonesia (BI),2026-10-01 01:53:36
1382,2025_05_29,2025_05,Indonesia,IDR,인도네시아 루피아,16298,Daily,Bank for International Settlements (BIS) / Bank Indonesia (BI),2026-10-01 01:53:36
1383,2025_05_30,2025_05,Indonesia,IDR,인도네시아 루피아,16333,Daily,Bank for International Settlements (BIS) / Bank Indonesia (BI),2026-10-01 01:53:36
1384,2025_06_02,2025_06,Indonesia,IDR,인도네시아 루피아,16275,Daily,Bank for International Settlements (BIS) / Bank Indonesia (BI),2026-10-01 01:53:36
1385,2025_06_03,2025_06,Indonesia,IDR,인도네시아 루피아,16319,Daily,Bank for International Settlements (BIS) / Bank Indonesia (BI),2026-10-01 01:53:36
1386,2025_06_04,2025_06,Indonesia,IDR,인도네시아 루피아,16314,Daily,Bank for International Settlements (BIS) / Bank Indonesia (BI),2026-10-01 01:53:36
1387,2025_06_05,2025_06,Indonesia,IDR,인도네시아 루피아,16255,Daily,Bank for International Settlements (BIS) / Bank Indonesia (BI),2026-10-01 01:53:36
1388,2025_06_06,2025_06,Indonesia,IDR,인도네시아 루피아,16314,Daily,Bank for International Settlements (BIS) / Bank Indonesia (BI),2026-10-01 01:53:36
1389,2025_06_09,2025_06,Indonesia,IDR,인도네시아 루피아,16289,Daily,Bank for International Settlements (BIS) / Bank Indonesia (BI),2026-10-01 01:53:36
1390,2025_06_10,2025_06,Indonesia,IDR,인도네시아 루피아,16265,Daily,Bank for International Settlements (BIS) / Bank Indonesia (BI),2026-10-01 01:53:36
1391,2025_06_11,2025_06,Indonesia,IDR,인도네시아 루피아,16282,Daily,Bank for International Settlements (BIS) / Bank Indonesia (BI),2026-10-01 01:53:36
1392,2025_06_12,2025_06,Indonesia,IDR,인도네시아 루피아,16221,Daily,Bank for International Settlements (BIS) / Bank Indonesia (BI),2026-10-01 01:53:36
1393,2025_06_13,2025_06,Indonesia,IDR,인도네시아 루피아,16317,Daily,Bank for International Settlements (BIS) / Bank Indonesia (BI),2026-10-01 01:53:36
1394,2025_06_16,2025_06,Indonesia,IDR,인도네시아 루피아,16288,Daily,Bank for International Settlements (BIS) / Bank Indonesia (BI),2026-10-01 01:53:36
1395,2025_06_17,2025_06,Indonesia,IDR,인도네시아 루피아,16297,Daily,Bank for International Settlements (BIS) / Bank Indonesia (BI),2026-10-01 01:53:36
1396,2025_06_18,2025_06,Indonesia,IDR,인도네시아 루피아,16361,Daily,Bank for International Settlements (BIS) / Bank Indonesia (BI),2026-10-01 01:53:36
1397,2025_06_19,2025_06,Indonesia,IDR,인도네시아 루피아,16384,Daily,Bank for International Settlements (BIS) / Bank Indonesia (BI),2026-10-01 01:53:36
1398,2025_06_20,2025_06,Indonesia,IDR,인도네시아 루피아,16404,Daily,Bank for International Settlements (BIS) / Bank Indonesia (BI),2026-10-01 01:53:36
1399,2025_06_23,2025_06,Indonesia,IDR,인도네시아 루피아,16502,Daily,Bank for International Settlements (BIS) / Bank Indonesia (BI),2026-10-01 01:53:36
1400,2025_06_24,2025_06,Indonesia,IDR,인도네시아 루피아,16324,Daily,Bank for International Settlements (BIS) / Bank Indonesia (BI),2026-10-01 01:53:36
1401,2025_06_25,2025_06,Indonesia,IDR,인도네시아 루피아,16308,Daily,Bank for International Settlements (BIS) / Bank Indonesia (BI),2026-10-01 01:53:36
1402,2025_06_26,2025_06,Indonesia,IDR,인도네시아 루피아,16237,Daily,Bank for International Settlements (BIS) / Bank Indonesia (BI),2026-10-01 01:53:36
1403,2025_06_27,2025_06,Indonesia,IDR,인도네시아 루피아,16213,Daily,Bank for International Settlements (BIS) / Bank Indonesia (BI),2026-10-01 01:53:36
1404,2025_06_30,2025_06,Indonesia,IDR,인도네시아 루피아,16230,Daily,Bank for International Settlements (BIS) / Bank Indonesia (BI),2026-10-01 01:53:36
1405,2025_07_01,2025_07,Indonesia,IDR,인도네시아 루피아,16203,Daily,Bank for International Settlements (BIS) / Bank Indonesia (BI),2026-10-01 01:53:36
1406,2025_07_02,2025_07,Indonesia,IDR,인도네시아 루피아,16239,Daily,Bank for International Settlements (BIS) / Bank Indonesia (BI),2026-10-01 01:53:36
1407,2025_07_03,2025_07,Indonesia,IDR,인도네시아 루피아,16221,Daily,Bank for International Settlements (BIS) / Bank Indonesia (BI),2026-10-01 01:53:36
1408,2025_07_04,2025_07,Indonesia,IDR,인도네시아 루피아,16194,Daily,Bank for International Settlements (BIS) / Bank Indonesia (BI),2026-10-01 01:53:36
1409,2025_07_07,2025_07,Indonesia,IDR,인도네시아 루피아,16252,Daily,Bank for International Settlements (BIS) / Bank Indonesia (BI),2026-10-01 01:53:36
1410,2025_07_08,2025_07,Indonesia,IDR,인도네시아 루피아,16273,Daily,Bank for International Settlements (BIS) / Bank Indonesia (BI),2026-10-01 01:53:36
1411,2025_07_09,2025_07,Indonesia,IDR,인도네시아 루피아,16261,Daily,Bank for International Settlements (BIS) / Bank Indonesia (BI),2026-10-01 01:53:36
1412,2025_07_10,2025_07,Indonesia,IDR,인도네시아 루피아,16237,Daily,Bank for International Settlements (BIS) / Bank Indonesia (BI),2026-10-01 01:53:36
1413,2025_07_11,2025_07,Indonesia,IDR,인도네시아 루피아,16216,Daily,Bank for International Settlements (BIS) / Bank Indonesia (BI),2026-10-01 01:53:36
1414,2025_07_14,2025_07,Indonesia,IDR,인도네시아 루피아,16275,Daily,Bank for International Settlements (BIS) / Bank Indonesia (BI),2026-10-01 01:53:36
1415,2025_07_15,2025_07,Indonesia,IDR,인도네시아 루피아,16263,Daily,Bank for International Settlements (BIS) / Bank Indonesia (BI),2026-10-01 01:53:36
1416,2025_07_16,2025_07,Indonesia,IDR,인도네시아 루피아,16296,Daily,Bank for International Settlements (BIS) / Bank Indonesia (BI),2026-10-01 01:53:36
1417,2025_07_17,2025_07,Indonesia,IDR,인도네시아 루피아,16350,Daily,Bank for International Settlements (BIS) / Bank Indonesia (BI),2026-10-01 01:53:36
1418,2025_07_18,2025_07,Indonesia,IDR,인도네시아 루피아,16305,Daily,Bank for International Settlements (BIS) / Bank Indonesia (BI),2026-10-01 01:53:36
1419,2025_07_21,2025_07,Indonesia,IDR,인도네시아 루피아,16315,Daily,Bank for International Settlements (BIS) / Bank Indonesia (BI),2026-10-01 01:53:36
1420,2025_07_22,2025_07,Indonesia,IDR,인도네시아 루피아,16315,Daily,Bank for International Settlements (BIS) / Bank Indonesia (BI),2026-10-01 01:53:36
1421,2025_07_23,2025_07,Indonesia,IDR,인도네시아 루피아,16295,Daily,Bank for International Settlements (BIS) / Bank Indonesia (BI),2026-10-01 01:53:36
1422,2025_07_24,2025_07,Indonesia,IDR,인도네시아 루피아,16294,Daily,Bank for International Settlements (BIS) / Bank Indonesia (BI),2026-10-01 01:53:36
1423,2025_07_25,2025_07,Indonesia,IDR,인도네시아 루피아,16337,Daily,Bank for International Settlements (BIS) / Bank Indonesia (BI),2026-10-01 01:53:36
1424,2025_07_28,2025_07,Indonesia,IDR,인도네시아 루피아,16377,Daily,Bank for International Settlements (BIS) / Bank Indonesia (BI),2026-10-01 01:53:36
1425,2025_07_29,2025_07,Indonesia,IDR,인도네시아 루피아,16412,Daily,Bank for International Settlements (BIS) / Bank Indonesia (BI),2026-10-01 01:53:36
1426,2025_07_30,2025_07,Indonesia,IDR,인도네시아 루피아,16411,Daily,Bank for International Settlements (BIS) / Bank Indonesia (BI),2026-10-01 01:53:36
1427,2025_07_31,2025_07,Indonesia,IDR,인도네시아 루피아,16497,Daily,Bank for International Settlements (BIS) / Bank Indonesia (BI),2026-10-01 01:53:36
1428,2025_08_01,2025_08,Indonesia,IDR,인도네시아 루피아,16520,Daily,Bank for International Settlements (BIS) / Bank Indonesia (BI),2026-10-01 01:53:36
1429,2025_08_04,2025_08,Indonesia,IDR,인도네시아 루피아,16373,Daily,Bank for International Settlements (BIS) / Bank Indonesia (BI),2026-10-01 01:53:36
1430,2025_08_05,2025_08,Indonesia,IDR,인도네시아 루피아,16380,Daily,Bank for International Settlements (BIS) / Bank Indonesia (BI),2026-10-01 01:53:36
1431,2025_08_06,2025_08,Indonesia,IDR,인도네시아 루피아,16358,Daily,Bank for International Settlements (BIS) / Bank Indonesia (BI),2026-10-01 01:53:36
1432,2025_08_07,2025_08,Indonesia,IDR,인도네시아 루피아,16310,Daily,Bank for International Settlements (BIS) / Bank Indonesia (BI),2026-10-01 01:53:36
1433,2025_08_08,2025_08,Indonesia,IDR,인도네시아 루피아,16261,Daily,Bank for International Settlements (BIS) / Bank Indonesia (BI),2026-10-01 01:53:36
1434,2025_08_11,2025_08,Indonesia,IDR,인도네시아 루피아,16310,Daily,Bank for International Settlements (BIS) / Bank Indonesia (BI),2026-10-01 01:53:36
1435,2025_08_12,2025_08,Indonesia,IDR,인도네시아 루피아,16312,Daily,Bank for International Settlements (BIS) / Bank Indonesia (BI),2026-10-01 01:53:36
1436,2025_08_13,2025_08,Indonesia,IDR,인도네시아 루피아,16129,Daily,Bank for International Settlements (BIS) / Bank Indonesia (BI),2026-10-01 01:53:36
1437,2025_08_14,2025_08,Indonesia,IDR,인도네시아 루피아,16104,Daily,Bank for International Settlements (BIS) / Bank Indonesia (BI),2026-10-01 01:53:36
1438,2025_08_15,2025_08,Indonesia,IDR,인도네시아 루피아,16183,Daily,Bank for International Settlements (BIS) / Bank Indonesia (BI),2026-10-01 01:53:36
1439,2025_08_18,2025_08,Indonesia,IDR,인도네시아 루피아,16221,Daily,Bank for International Settlements (BIS) / Bank Indonesia (BI),2026-10-01 01:53:36
1440,2025_08_19,2025_08,Indonesia,IDR,인도네시아 루피아,16255,Daily,Bank for International Settlements (BIS) / Bank Indonesia (BI),2026-10-01 01:53:36
1441,2025_08_20,2025_08,Indonesia,IDR,인도네시아 루피아,16282,Daily,Bank for International Settlements (BIS) / Bank Indonesia (BI),2026-10-01 01:53:36
1442,2025_08_21,2025_08,Indonesia,IDR,인도네시아 루피아,16317,Daily,Bank for International Settlements (BIS) / Bank Indonesia (BI),2026-10-01 01:53:36
1443,2025_08_22,2025_08,Indonesia,IDR,인도네시아 루피아,16374,Daily,Bank for International Settlements (BIS) / Bank Indonesia (BI),2026-10-01 01:53:36
1444,2025_08_25,2025_08,Indonesia,IDR,인도네시아 루피아,16245,Daily,Bank for International Settlements (BIS) / Bank Indonesia (BI),2026-10-01 01:53:36
1445,2025_08_26,2025_08,Indonesia,IDR,인도네시아 루피아,16313,Daily,Bank for International Settlements (BIS) / Bank Indonesia (BI),2026-10-01 01:53:36
1446,2025_08_27,2025_08,Indonesia,IDR,인도네시아 루피아,16423,Daily,Bank for International Settlements (BIS) / Bank Indonesia (BI),2026-10-01 01:53:36
1447,2025_08_28,2025_08,Indonesia,IDR,인도네시아 루피아,16322,Daily,Bank for International Settlements (BIS) / Bank Indonesia (BI),2026-10-01 01:53:36
1448,2025_08_29,2025_08,Indonesia,IDR,인도네시아 루피아,16476,Daily,Bank for International Settlements (BIS) / Bank Indonesia (BI),2026-10-01 01:53:36
1449,2025_09_01,2025_09,Indonesia,IDR,인도네시아 루피아,16431,Daily,Bank for International Settlements (BIS) / Bank Indonesia (BI),2026-10-01 01:53:36
1450,2025_09_02,2025_09,Indonesia,IDR,인도네시아 루피아,16409,Daily,Bank for International Settlements (BIS) / Bank Indonesia (BI),2026-10-01 01:53:36
1451,2025_09_03,2025_09,Indonesia,IDR,인도네시아 루피아,16451,Daily,Bank for International Settlements (BIS) / Bank Indonesia (BI),2026-10-01 01:53:36
1452,2025_09_04,2025_09,Indonesia,IDR,인도네시아 루피아,16446,Daily,Bank for International Settlements (BIS) / Bank Indonesia (BI),2026-10-01 01:53:36
1453,2025_09_05,2025_09,Indonesia,IDR,인도네시아 루피아,16420,Daily,Bank for International Settlements (BIS) / Bank Indonesia (BI),2026-10-01 01:53:36
1454,2025_09_08,2025_09,Indonesia,IDR,인도네시아 루피아,16526,Daily,Bank for International Settlements (BIS) / Bank Indonesia (BI),2026-10-01 01:53:36
1455,2025_09_09,2025_09,Indonesia,IDR,인도네시아 루피아,16423,Daily,Bank for International Settlements (BIS) / Bank Indonesia (BI),2026-10-01 01:53:36
1456,2025_09_10,2025_09,Indonesia,IDR,인도네시아 루피아,16487,Daily,Bank for International Settlements (BIS) / Bank Indonesia (BI),2026-10-01 01:53:36
1457,2025_09_11,2025_09,Indonesia,IDR,인도네시아 루피아,16484,Daily,Bank for International Settlements (BIS) / Bank Indonesia (BI),2026-10-01 01:53:36
1458,2025_09_12,2025_09,Indonesia,IDR,인도네시아 루피아,16438,Daily,Bank for International Settlements (BIS) / Bank Indonesia (BI),2026-10-01 01:53:36
1459,2025_09_15,2025_09,Indonesia,IDR,인도네시아 루피아,16419,Daily,Bank for International Settlements (BIS) / Bank Indonesia (BI),2026-10-01 01:53:36
1460,2025_09_16,2025_09,Indonesia,IDR,인도네시아 루피아,16408,Daily,Bank for International Settlements (BIS) / Bank Indonesia (BI),2026-10-01 01:53:36
1461,2025_09_17,2025_09,Indonesia,IDR,인도네시아 루피아,16463,Daily,Bank for International Settlements (BIS) / Bank Indonesia (BI),2026-10-01 01:53:36
1462,2025_09_18,2025_09,Indonesia,IDR,인도네시아 루피아,16545,Daily,Bank for International Settlements (BIS) / Bank Indonesia (BI),2026-10-01 01:53:36
1463,2025_09_19,2025_09,Indonesia,IDR,인도네시아 루피아,16651,Daily,Bank for International Settlements (BIS) / Bank Indonesia (BI),2026-10-01 01:53:36
1464,2025_09_22,2025_09,Indonesia,IDR,인도네시아 루피아,16582,Daily,Bank for International Settlements (BIS) / Bank Indonesia (BI),2026-10-01 01:53:36
1465,2025_09_23,2025_09,Indonesia,IDR,인도네시아 루피아,16654,Daily,Bank for International Settlements (BIS) / Bank Indonesia (BI),2026-10-01 01:53:36
1466,2025_09_24,2025_09,Indonesia,IDR,인도네시아 루피아,16698,Daily,Bank for International Settlements (BIS) / Bank Indonesia (BI),2026-10-01 01:53:36
1467,2025_09_25,2025_09,Indonesia,IDR,인도네시아 루피아,16784,Daily,Bank for International Settlements (BIS) / Bank Indonesia (BI),2026-10-01 01:53:36
1468,2025_09_26,2025_09,Indonesia,IDR,인도네시아 루피아,16709,Daily,Bank for International Settlements (BIS) / Bank Indonesia (BI),2026-10-01 01:53:36
1469,2025_09_29,2025_09,Indonesia,IDR,인도네시아 루피아,16671,Daily,Bank for International Settlements (BIS) / Bank Indonesia (BI),2026-10-01 01:53:36
1470,2025_09_30,2025_09,Indonesia,IDR,인도네시아 루피아,16676,Daily,Bank for International Settlements (BIS) / Bank Indonesia (BI),2026-10-01 01:53:36
1471,2025_10_01,2025_10,Indonesia,IDR,인도네시아 루피아,16632,Daily,Bank for International Settlements (BIS) / Bank Indonesia (BI),2026-10-01 01:53:36
1472,2025_10_02,2025_10,Indonesia,IDR,인도네시아 루피아,16616,Daily,Bank for International Settlements (BIS) / Bank Indonesia (BI),2026-10-01 01:53:36
1473,2025_10_03,2025_10,Indonesia,IDR,인도네시아 루피아,16564,Daily,Bank for International Settlements (BIS) / Bank Indonesia (BI),2026-10-01 01:53:36
1474,2025_10_06,2025_10,Indonesia,IDR,인도네시아 루피아,16615,Daily,Bank for International Settlements (BIS) / Bank Indonesia (BI),2026-10-01 01:53:36
1475,2025_10_07,2025_10,Indonesia,IDR,인도네시아 루피아,16571,Daily,Bank for International Settlements (BIS) / Bank Indonesia (BI),2026-10-01 01:53:36
1476,2025_10_08,2025_10,Indonesia,IDR,인도네시아 루피아,16595,Daily,Bank for International Settlements (BIS) / Bank Indonesia (BI),2026-10-01 01:53:36
1477,2025_10_09,2025_10,Indonesia,IDR,인도네시아 루피아,16560,Daily,Bank for International Settlements (BIS) / Bank Indonesia (BI),2026-10-01 01:53:36
1478,2025_10_10,2025_10,Indonesia,IDR,인도네시아 루피아,16590,Daily,Bank for International Settlements (BIS) / Bank Indonesia (BI),2026-10-01 01:53:36
1479,2025_10_13,2025_10,Indonesia,IDR,인도네시아 루피아,16582,Daily,Bank for International Settlements (BIS) / Bank Indonesia (BI),2026-10-01 01:53:36
1480,2025_10_14,2025_10,Indonesia,IDR,인도네시아 루피아,16630,Daily,Bank for International Settlements (BIS) / Bank Indonesia (BI),2026-10-01 01:53:36
1481,2025_10_15,2025_10,Indonesia,IDR,인도네시아 루피아,16603,Daily,Bank for International Settlements (BIS) / Bank Indonesia (BI),2026-10-01 01:53:36
1482,2025_10_16,2025_10,Indonesia,IDR,인도네시아 루피아,16607,Daily,Bank for International Settlements (BIS) / Bank Indonesia (BI),2026-10-01 01:53:36
1483,2025_10_17,2025_10,Indonesia,IDR,인도네시아 루피아,16579,Daily,Bank for International Settlements (BIS) / Bank Indonesia (BI),2026-10-01 01:53:36
1484,2025_10_20,2025_10,Indonesia,IDR,인도네시아 루피아,16562,Daily,Bank for International Settlements (BIS) / Bank Indonesia (BI),2026-10-01 01:53:36
1485,2025_10_21,2025_10,Indonesia,IDR,인도네시아 루피아,16604,Daily,Bank for International Settlements (BIS) / Bank Indonesia (BI),2026-10-01 01:53:36
1486,2025_10_22,2025_10,Indonesia,IDR,인도네시아 루피아,16619,Daily,Bank for International Settlements (BIS) / Bank Indonesia (BI),2026-10-01 01:53:36
1487,2025_10_23,2025_10,Indonesia,IDR,인도네시아 루피아,16625,Daily,Bank for International Settlements (BIS) / Bank Indonesia (BI),2026-10-01 01:53:36
1488,2025_10_24,2025_10,Indonesia,IDR,인도네시아 루피아,16608,Daily,Bank for International Settlements (BIS) / Bank Indonesia (BI),2026-10-01 01:53:36
1489,2025_10_27,2025_10,Indonesia,IDR,인도네시아 루피아,16618,Daily,Bank for International Settlements (BIS) / Bank Indonesia (BI),2026-10-01 01:53:36
1490,2025_10_28,2025_10,Indonesia,IDR,인도네시아 루피아,16615,Daily,Bank for International Settlements (BIS) / Bank Indonesia (BI),2026-10-01 01:53:36
1491,2025_10_29,2025_10,Indonesia,IDR,인도네시아 루피아,16563,Daily,Bank for International Settlements (BIS) / Bank Indonesia (BI),2026-10-01 01:53:36
1492,2025_10_30,2025_10,Indonesia,IDR,인도네시아 루피아,16666,Daily,Bank for International Settlements (BIS) / Bank Indonesia (BI),2026-10-01 01:53:36
1493,2025_10_31,2025_10,Indonesia,IDR,인도네시아 루피아,16662,Daily,Bank for International Settlements (BIS) / Bank Indonesia (BI),2026-10-01 01:53:36
1494,2025_11_03,2025_11,Indonesia,IDR,인도네시아 루피아,16710,Daily,Bank for International Settlements (BIS) / Bank Indonesia (BI),2026-10-01 01:53:36
1495,2025_11_04,2025_11,Indonesia,IDR,인도네시아 루피아,16721,Daily,Bank for International Settlements (BIS) / Bank Indonesia (BI),2026-10-01 01:53:36
1496,2025_11_05,2025_11,Indonesia,IDR,인도네시아 루피아,16704,Daily,Bank for International Settlements (BIS) / Bank Indonesia (BI),2026-10-01 01:53:36
1497,2025_11_06,2025_11,Indonesia,IDR,인도네시아 루피아,16677,Daily,Bank for International Settlements (BIS) / Bank Indonesia (BI),2026-10-01 01:53:36
1498,2025_11_07,2025_11,Indonesia,IDR,인도네시아 루피아,16697,Daily,Bank for International Settlements (BIS) / Bank Indonesia (BI),2026-10-01 01:53:36
1499,2025_11_10,2025_11,Indonesia,IDR,인도네시아 루피아,16692,Daily,Bank for International Settlements (BIS) / Bank Indonesia (BI),2026-10-01 01:53:36
1500,2025_11_11,2025_11,Indonesia,IDR,인도네시아 루피아,16728,Daily,Bank for International Settlements (BIS) / Bank Indonesia (BI),2026-10-01 01:53:36
1501,2025_11_12,2025_11,Indonesia,IDR,인도네시아 루피아,16760,Daily,Bank for International Settlements (BIS) / Bank Indonesia (BI),2026-10-01 01:53:36
1502,2025_11_13,2025_11,Indonesia,IDR,인도네시아 루피아,16711,Daily,Bank for International Settlements (BIS) / Bank Indonesia (BI),2026-10-01 01:53:36
1503,2025_11_14,2025_11,Indonesia,IDR,인도네시아 루피아,16703,Daily,Bank for International Settlements (BIS) / Bank Indonesia (BI),2026-10-01 01:53:36
1504,2025_11_17,2025_11,Indonesia,IDR,인도네시아 루피아,16735,Daily,Bank for International Settlements (BIS) / Bank Indonesia (BI),2026-10-01 01:53:36
1505,2025_11_18,2025_11,Indonesia,IDR,인도네시아 루피아,16756,Daily,Bank for International Settlements (BIS) / Bank Indonesia (BI),2026-10-01 01:53:36
1506,2025_11_19,2025_11,Indonesia,IDR,인도네시아 루피아,16718,Daily,Bank for International Settlements (BIS) / Bank Indonesia (BI),2026-10-01 01:53:36
1507,2025_11_20,2025_11,Indonesia,IDR,인도네시아 루피아,16749,Daily,Bank for International Settlements (BIS) / Bank Indonesia (BI),2026-10-01 01:53:36
1508,2025_11_21,2025_11,Indonesia,IDR,인도네시아 루피아,16718,Daily,Bank for International Settlements (BIS) / Bank Indonesia (BI),2026-10-01 01:53:36
1509,2025_11_24,2025_11,Indonesia,IDR,인도네시아 루피아,16633,Daily,Bank for International Settlements (BIS) / Bank Indonesia (BI),2026-10-01 01:53:36
1510,2025_11_25,2025_11,Indonesia,IDR,인도네시아 루피아,16609,Daily,Bank for International Settlements (BIS) / Bank Indonesia (BI),2026-10-01 01:53:36
1511,2025_11_26,2025_11,Indonesia,IDR,인도네시아 루피아,16649,Daily,Bank for International Settlements (BIS) / Bank Indonesia (BI),2026-10-01 01:53:36
1512,2025_11_27,2025_11,Indonesia,IDR,인도네시아 루피아,16640,Daily,Bank for International Settlements (BIS) / Bank Indonesia (BI),2026-10-01 01:53:36
1513,2025_11_28,2025_11,Indonesia,IDR,인도네시아 루피아,16660,Daily,Bank for International Settlements (BIS) / Bank Indonesia (BI),2026-10-01 01:53:36
1514,2025_12_01,2025_12,Indonesia,IDR,인도네시아 루피아,16590,Daily,Bank for International Settlements (BIS) / Bank Indonesia (BI),2026-10-01 01:53:36
1515,2025_12_02,2025_12,Indonesia,IDR,인도네시아 루피아,16625,Daily,Bank for International Settlements (BIS) / Bank Indonesia (BI),2026-10-01 01:53:36
1516,2025_12_03,2025_12,Indonesia,IDR,인도네시아 루피아,16623,Daily,Bank for International Settlements (BIS) / Bank Indonesia (BI),2026-10-01 01:53:36
1517,2025_12_04,2025_12,Indonesia,IDR,인도네시아 루피아,16655,Daily,Bank for International Settlements (BIS) / Bank Indonesia (BI),2026-10-01 01:53:36
1518,2025_12_05,2025_12,Indonesia,IDR,인도네시아 루피아,16671,Daily,Bank for International Settlements (BIS) / Bank Indonesia (BI),2026-10-01 01:53:36
1519,2025_12_08,2025_12,Indonesia,IDR,인도네시아 루피아,16693,Daily,Bank for International Settlements (BIS) / Bank Indonesia (BI),2026-10-01 01:53:36
1520,2025_12_09,2025_12,Indonesia,IDR,인도네시아 루피아,16674,Daily,Bank for International Settlements (BIS) / Bank Indonesia (BI),2026-10-01 01:53:36
1521,2025_12_10,2025_12,Indonesia,IDR,인도네시아 루피아,16683,Daily,Bank for International Settlements (BIS) / Bank Indonesia (BI),2026-10-01 01:53:36
1522,2025_12_11,2025_12,Indonesia,IDR,인도네시아 루피아,16676,Daily,Bank for International Settlements (BIS) / Bank Indonesia (BI),2026-10-01 01:53:36
1523,2025_12_12,2025_12,Indonesia,IDR,인도네시아 루피아,16652,Daily,Bank for International Settlements (BIS) / Bank Indonesia (BI),2026-10-01 01:53:36
1524,2025_12_15,2025_12,Indonesia,IDR,인도네시아 루피아,16683,Daily,Bank for International Settlements (BIS) / Bank Indonesia (BI),2026-10-01 01:53:36
1525,2025_12_16,2025_12,Indonesia,IDR,인도네시아 루피아,16665,Daily,Bank for International Settlements (BIS) / Bank Indonesia (BI),2026-10-01 01:53:36
1526,2025_12_17,2025_12,Indonesia,IDR,인도네시아 루피아,16692,Daily,Bank for International Settlements (BIS) / Bank Indonesia (BI),2026-10-01 01:53:36
1527,2025_12_18,2025_12,Indonesia,IDR,인도네시아 루피아,16717,Daily,Bank for International Settlements (BIS) / Bank Indonesia (BI),2026-10-01 01:53:36
1528,2025_12_19,2025_12,Indonesia,IDR,인도네시아 루피아,16736,Daily,Bank for International Settlements (BIS) / Bank Indonesia (BI),2026-10-01 01:53:36
1529,2025_12_22,2025_12,Indonesia,IDR,인도네시아 루피아,16776,Daily,Bank for International Settlements (BIS) / Bank Indonesia (BI),2026-10-01 01:53:36
1530,2025_12_23,2025_12,Indonesia,IDR,인도네시아 루피아,16787,Daily,Bank for International Settlements (BIS) / Bank Indonesia (BI),2026-10-01 01:53:36
1531,2025_12_24,2025_12,Indonesia,IDR,인도네시아 루피아,16748,Daily,Bank for International Settlements (BIS) / Bank Indonesia (BI),2026-10-01 01:53:36
1532,2025_12_29,2025_12,Indonesia,IDR,인도네시아 루피아,16771,Daily,Bank for International Settlements (BIS) / Bank Indonesia (BI),2026-10-01 01:53:36
1533,2025_12_30,2025_12,Indonesia,IDR,인도네시아 루피아,16765,Daily,Bank for International Settlements (BIS) / Bank Indonesia (BI),2026-10-01 01:53:36
1534,2025_12_31,2025_12,Indonesia,IDR,인도네시아 루피아,16716,Daily,Bank for International Settlements (BIS) / Bank Indonesia (BI),2026-10-01 01:53:36
1535,2026_01_02,2026_01,Indonesia,IDR,인도네시아 루피아,16716,Daily,Bank for International Settlements (BIS) / Bank Indonesia (BI),2026-10-01 01:53:36
1536,2026_01_05,2026_01,Indonesia,IDR,인도네시아 루피아,16739,Daily,Bank for International Settlements (BIS) / Bank Indonesia (BI),2026-10-01 01:53:36
1537,2026_01_06,2026_01,Indonesia,IDR,인도네시아 루피아,16770,Daily,Bank for International Settlements (BIS) / Bank Indonesia (BI),2026-10-01 01:53:36
1538,2026_01_07,2026_01,Indonesia,IDR,인도네시아 루피아,16768,Daily,Bank for International Settlements (BIS) / Bank Indonesia (BI),2026-10-01 01:53:36
1539,2026_01_08,2026_01,Indonesia,IDR,인도네시아 루피아,16836,Daily,Bank for International Settlements (BIS) / Bank Indonesia (BI),2026-10-01 01:53:36
1540,2026_01_09,2026_01,Indonesia,IDR,인도네시아 루피아,16860,Daily,Bank for International Settlements (BIS) / Bank Indonesia (BI),2026-10-01 01:53:36
1541,2026_01_12,2026_01,Indonesia,IDR,인도네시아 루피아,16893,Daily,Bank for International Settlements (BIS) / Bank Indonesia (BI),2026-10-01 01:53:36
1542,2026_01_13,2026_01,Indonesia,IDR,인도네시아 루피아,16864,Daily,Bank for International Settlements (BIS) / Bank Indonesia (BI),2026-10-01 01:53:36
1543,2026_01_14,2026_01,Indonesia,IDR,인도네시아 루피아,16871,Daily,Bank for International Settlements (BIS) / Bank Indonesia (BI),2026-10-01 01:53:36
1544,2026_01_15,2026_01,Indonesia,IDR,인도네시아 루피아,16897,Daily,Bank for International Settlements (BIS) / Bank Indonesia (BI),2026-10-01 01:53:36
1545,2026_01_16,2026_01,Indonesia,IDR,인도네시아 루피아,16918,Daily,Bank for International Settlements (BIS) / Bank Indonesia (BI),2026-10-01 01:53:36
1546,2026_01_19,2026_01,Indonesia,IDR,인도네시아 루피아,16973,Daily,Bank for International Settlements (BIS) / Bank Indonesia (BI),2026-10-01 01:53:36
1547,2026_01_20,2026_01,Indonesia,IDR,인도네시아 루피아,16946,Daily,Bank for International Settlements (BIS) / Bank Indonesia (BI),2026-10-01 01:53:36
1548,2026_01_21,2026_01,Indonesia,IDR,인도네시아 루피아,16911,Daily,Bank for International Settlements (BIS) / Bank Indonesia (BI),2026-10-01 01:53:36
1549,2026_01_22,2026_01,Indonesia,IDR,인도네시아 루피아,16875,Daily,Bank for International Settlements (BIS) / Bank Indonesia (BI),2026-10-01 01:53:36
1550,2026_01_23,2026_01,Indonesia,IDR,인도네시아 루피아,16823,Daily,Bank for International Settlements (BIS) / Bank Indonesia (BI),2026-10-01 01:53:36
1551,2026_01_26,2026_01,Indonesia,IDR,인도네시아 루피아,16777,Daily,Bank for International Settlements (BIS) / Bank Indonesia (BI),2026-10-01 01:53:36
1552,2026_01_27,2026_01,Indonesia,IDR,인도네시아 루피아,16716,Daily,Bank for International Settlements (BIS) / Bank Indonesia (BI),2026-10-01 01:53:36
1553,2026_01_28,2026_01,Indonesia,IDR,인도네시아 루피아,16742,Daily,Bank for International Settlements (BIS) / Bank Indonesia (BI),2026-10-01 01:53:36
1554,2026_01_29,2026_01,Indonesia,IDR,인도네시아 루피아,16782,Daily,Bank for International Settlements (BIS) / Bank Indonesia (BI),2026-10-01 01:53:36
1555,2026_01_30,2026_01,Indonesia,IDR,인도네시아 루피아,16788,Daily,Bank for International Settlements (BIS) / Bank Indonesia (BI),2026-10-01 01:53:36
1556,2026_02_02,2026_02,Indonesia,IDR,인도네시아 루피아,16799,Daily,Bank for International Settlements (BIS) / Bank Indonesia (BI),2026-10-01 01:53:36
1557,2026_02_03,2026_02,Indonesia,IDR,인도네시아 루피아,16770,Daily,Bank for International Settlements (BIS) / Bank Indonesia (BI),2026-10-01 01:53:36
1558,2026_02_04,2026_02,Indonesia,IDR,인도네시아 루피아,16794,Daily,Bank for International Settlements (BIS) / Bank Indonesia (BI),2026-10-01 01:53:36
1559,2026_02_05,2026_02,Indonesia,IDR,인도네시아 루피아,16867,Daily,Bank for International Settlements (BIS) / Bank Indonesia (BI),2026-10-01 01:53:36
1560,2026_02_06,2026_02,Indonesia,IDR,인도네시아 루피아,16873,Daily,Bank for International Settlements (BIS) / Bank Indonesia (BI),2026-10-01 01:53:36
1561,2026_02_09,2026_02,Indonesia,IDR,인도네시아 루피아,16827,Daily,Bank for International Settlements (BIS) / Bank Indonesia (BI),2026-10-01 01:53:36
1562,2026_02_10,2026_02,Indonesia,IDR,인도네시아 루피아,16787,Daily,Bank for International Settlements (BIS) / Bank Indonesia (BI),2026-10-01 01:53:36
1563,2026_02_11,2026_02,Indonesia,IDR,인도네시아 루피아,16800,Daily,Bank for International Settlements (BIS) / Bank Indonesia (BI),2026-10-01 01:53:36
1564,2026_02_12,2026_02,Indonesia,IDR,인도네시아 루피아,16830,Daily,Bank for International Settlements (BIS) / Bank Indonesia (BI),2026-10-01 01:53:36
1565,2026_02_13,2026_02,Indonesia,IDR,인도네시아 루피아,16823,Daily,Bank for International Settlements (BIS) / Bank Indonesia (BI),2026-10-01 01:53:36
1566,2026_02_16,2026_02,Indonesia,IDR,인도네시아 루피아,16818,Daily,Bank for International Settlements (BIS) / Bank Indonesia (BI),2026-10-01 01:53:36
1567,2026_02_17,2026_02,Indonesia,IDR,인도네시아 루피아,16829,Daily,Bank for International Settlements (BIS) / Bank Indonesia (BI),2026-10-01 01:53:36
1568,2026_02_18,2026_02,Indonesia,IDR,인도네시아 루피아,16885,Daily,Bank for International Settlements (BIS) / Bank Indonesia (BI),2026-10-01 01:53:36
1569,2026_02_19,2026_02,Indonesia,IDR,인도네시아 루피아,16918,Daily,Bank for International Settlements (BIS) / Bank Indonesia (BI),2026-10-01 01:53:36
1570,2026_02_20,2026_02,Indonesia,IDR,인도네시아 루피아,16889,Daily,Bank for International Settlements (BIS) / Bank Indonesia (BI),2026-10-01 01:53:36
1571,2026_02_23,2026_02,Indonesia,IDR,인도네시아 루피아,16822,Daily,Bank for International Settlements (BIS) / Bank Indonesia (BI),2026-10-01 01:53:36
1572,2026_02_24,2026_02,Indonesia,IDR,인도네시아 루피아,16832,Daily,Bank for International Settlements (BIS) / Bank Indonesia (BI),2026-10-01 01:53:36
1573,2026_02_25,2026_02,Indonesia,IDR,인도네시아 루피아,16814,Daily,Bank for International Settlements (BIS) / Bank Indonesia (BI),2026-10-01 01:53:36
1574,2026_02_26,2026_02,Indonesia,IDR,인도네시아 루피아,16768,Daily,Bank for International Settlements (BIS) / Bank Indonesia (BI),2026-10-01 01:53:36
1575,2026_02_27,2026_02,Indonesia,IDR,인도네시아 루피아,16801,Daily,Bank for International Settlements (BIS) / Bank Indonesia (BI),2026-10-01 01:53:36
1576,2026_03_02,2026_03,Indonesia,IDR,인도네시아 루피아,16877,Daily,Bank for International Settlements (BIS) / Bank Indonesia (BI),2026-10-01 01:53:36
1577,2026_03_03,2026_03,Indonesia,IDR,인도네시아 루피아,16895,Daily,Bank for International Settlements (BIS) / Bank Indonesia (BI),2026-10-01 01:53:36
1578,2026_03_04,2026_03,Indonesia,IDR,인도네시아 루피아,16855,Daily,Bank for International Settlements (BIS) / Bank Indonesia (BI),2026-10-01 01:53:36
1579,2026_03_05,2026_03,Indonesia,IDR,인도네시아 루피아,16909,Daily,Bank for International Settlements (BIS) / Bank Indonesia (BI),2026-10-01 01:53:36
1580,2026_03_06,2026_03,Indonesia,IDR,인도네시아 루피아,16973,Daily,Bank for International Settlements (BIS) / Bank Indonesia (BI),2026-10-01 01:53:36
1581,2026_03_09,2026_03,Indonesia,IDR,인도네시아 루피아,16941,Daily,Bank for International Settlements (BIS) / Bank Indonesia (BI),2026-10-01 01:53:36
1582,2026_03_10,2026_03,Indonesia,IDR,인도네시아 루피아,16866,Daily,Bank for International Settlements (BIS) / Bank Indonesia (BI),2026-10-01 01:53:36
1583,2026_03_11,2026_03,Indonesia,IDR,인도네시아 루피아,16898,Daily,Bank for International Settlements (BIS) / Bank Indonesia (BI),2026-10-01 01:53:36
1584,2026_03_12,2026_03,Indonesia,IDR,인도네시아 루피아,16886,Daily,Bank for International Settlements (BIS) / Bank Indonesia (BI),2026-10-01 01:53:36
1585,2026_03_13,2026_03,Indonesia,IDR,인도네시아 루피아,16901,Daily,Bank for International Settlements (BIS) / Bank Indonesia (BI),2026-10-01 01:53:36
1586,2026_03_16,2026_03,Indonesia,IDR,인도네시아 루피아,16965,Daily,Bank for International Settlements (BIS) / Bank Indonesia (BI),2026-10-01 01:53:36
1587,2026_03_17,2026_03,Indonesia,IDR,인도네시아 루피아,16958,Daily,Bank for International Settlements (BIS) / Bank Indonesia (BI),2026-10-01 01:53:36
1588,2026_03_18,2026_03,Indonesia,IDR,인도네시아 루피아,16994,Daily,Bank for International Settlements (BIS) / Bank Indonesia (BI),2026-10-01 01:53:36
1589,2026_03_19,2026_03,Indonesia,IDR,인도네시아 루피아,16960,Daily,Bank for International Settlements (BIS) / Bank Indonesia (BI),2026-10-01 01:53:36
1590,2026_03_20,2026_03,Indonesia,IDR,인도네시아 루피아,16925,Daily,Bank for International Settlements (BIS) / Bank Indonesia (BI),2026-10-01 01:53:36
1591,2026_03_23,2026_03,Indonesia,IDR,인도네시아 루피아,16896,Daily,Bank for International Settlements (BIS) / Bank Indonesia (BI),2026-10-01 01:53:36
1592,2026_03_24,2026_03,Indonesia,IDR,인도네시아 루피아,16891,Daily,Bank for International Settlements (BIS) / Bank Indonesia (BI),2026-10-01 01:53:36
1593,2026_03_25,2026_03,Indonesia,IDR,인도네시아 루피아,16858,Daily,Bank for International Settlements (BIS) / Bank Indonesia (BI),2026-10-01 01:53:36
1594,2026_03_26,2026_03,Indonesia,IDR,인도네시아 루피아,16918,Daily,Bank for International Settlements (BIS) / Bank Indonesia (BI),2026-10-01 01:53:36
1595,2026_03_27,2026_03,Indonesia,IDR,인도네시아 루피아,16983,Daily,Bank for International Settlements (BIS) / Bank Indonesia (BI),2026-10-01 01:53:36
1596,2026_03_30,2026_03,Indonesia,IDR,인도네시아 루피아,17018,Daily,Bank for International Settlements (BIS) / Bank Indonesia (BI),2026-10-01 01:53:36
1597,2026_03_31,2026_03,Indonesia,IDR,인도네시아 루피아,16965,Daily,Bank for International Settlements (BIS) / Bank Indonesia (BI),2026-10-01 01:53:36
1598,2026_04_01,2026_04,Indonesia,IDR,인도네시아 루피아,16915,Daily,Bank for International Settlements (BIS) / Bank Indonesia (BI),2026-10-01 01:53:36
1599,2026_04_02,2026_04,Indonesia,IDR,인도네시아 루피아,17011,Daily,Bank for International Settlements (BIS) / Bank Indonesia (BI),2026-10-01 01:53:36
1600,2026_04_07,2026_04,Indonesia,IDR,인도네시아 루피아,17070,Daily,Bank for International Settlements (BIS) / Bank Indonesia (BI),2026-10-01 01:53:36
1601,2026_04_08,2026_04,Indonesia,IDR,인도네시아 루피아,16976,Daily,Bank for International Settlements (BIS) / Bank Indonesia (BI),2026-10-01 01:53:36
1602,2026_04_09,2026_04,Indonesia,IDR,인도네시아 루피아,17097,Daily,Bank for International Settlements (BIS) / Bank Indonesia (BI),2026-10-01 01:53:36
1603,2026_04_10,2026_04,Indonesia,IDR,인도네시아 루피아,17095,Daily,Bank for International Settlements (BIS) / Bank Indonesia (BI),2026-10-01 01:53:36
1604,2026_04_13,2026_04,Indonesia,IDR,인도네시아 루피아,17188,Daily,Bank for International Settlements (BIS) / Bank Indonesia (BI),2026-10-01 01:53:36
1605,2026_04_14,2026_04,Indonesia,IDR,인도네시아 루피아,17131,Daily,Bank for International Settlements (BIS) / Bank Indonesia (BI),2026-10-01 01:53:36
1606,2026_04_15,2026_04,Indonesia,IDR,인도네시아 루피아,17154,Daily,Bank for International Settlements (BIS) / Bank Indonesia (BI),2026-10-01 01:53:36
1607,2026_04_16,2026_04,Indonesia,IDR,인도네시아 루피아,17140,Daily,Bank for International Settlements (BIS) / Bank Indonesia (BI),2026-10-01 01:53:36
1608,2026_04_17,2026_04,Indonesia,IDR,인도네시아 루피아,17180,Daily,Bank for International Settlements (BIS) / Bank Indonesia (BI),2026-10-01 01:53:36
1609,2026_04_20,2026_04,Indonesia,IDR,인도네시아 루피아,17130,Daily,Bank for International Settlements (BIS) / Bank Indonesia (BI),2026-10-01 01:53:36
1610,2026_04_21,2026_04,Indonesia,IDR,인도네시아 루피아,17128,Daily,Bank for International Settlements (BIS) / Bank Indonesia (BI),2026-10-01 01:53:36
1611,2026_04_22,2026_04,Indonesia,IDR,인도네시아 루피아,17199,Daily,Bank for International Settlements (BIS) / Bank Indonesia (BI),2026-10-01 01:53:36
1612,2026_04_23,2026_04,Indonesia,IDR,인도네시아 루피아,17277,Daily,Bank for International Settlements (BIS) / Bank Indonesia (BI),2026-10-01 01:53:36
1613,2026_04_24,2026_04,Indonesia,IDR,인도네시아 루피아,17244,Daily,Bank for International Settlements (BIS) / Bank Indonesia (BI),2026-10-01 01:53:36
1614,2026_04_27,2026_04,Indonesia,IDR,인도네시아 루피아,17209,Daily,Bank for International Settlements (BIS) / Bank Indonesia (BI),2026-10-01 01:53:36
1615,2026_04_28,2026_04,Indonesia,IDR,인도네시아 루피아,17285,Daily,Bank for International Settlements (BIS) / Bank Indonesia (BI),2026-10-01 01:53:36
1616,2026_04_29,2026_04,Indonesia,IDR,인도네시아 루피아,17349,Daily,Bank for International Settlements (BIS) / Bank Indonesia (BI),2026-10-01 01:53:36
1617,2026_04_30,2026_04,Indonesia,IDR,인도네시아 루피아,17346,Daily,Bank for International Settlements (BIS) / Bank Indonesia (BI),2026-10-01 01:53:36
1618,2026_05_04,2026_05,Indonesia,IDR,인도네시아 루피아,17409,Daily,Bank for International Settlements (BIS) / Bank Indonesia (BI),2026-10-01 01:53:36
1619,2026_05_05,2026_05,Indonesia,IDR,인도네시아 루피아,17453,Daily,Bank for International Settlements (BIS) / Bank Indonesia (BI),2026-10-01 01:53:36
1620,2026_05_06,2026_05,Indonesia,IDR,인도네시아 루피아,17328,Daily,Bank for International Settlements (BIS) / Bank Indonesia (BI),2026-10-01 01:53:36
1621,2026_05_07,2026_05,Indonesia,IDR,인도네시아 루피아,17298,Daily,Bank for International Settlements (BIS) / Bank Indonesia (BI),2026-10-01 01:53:36
1622,2026_05_08,2026_05,Indonesia,IDR,인도네시아 루피아,17366,Daily,Bank for International Settlements (BIS) / Bank Indonesia (BI),2026-10-01 01:53:36
1623,2026_05_11,2026_05,Indonesia,IDR,인도네시아 루피아,17425,Daily,Bank for International Settlements (BIS) / Bank Indonesia (BI),2026-10-01 01:53:36
1624,2026_05_12,2026_05,Indonesia,IDR,인도네시아 루피아,17497,Daily,Bank for International Settlements (BIS) / Bank Indonesia (BI),2026-10-01 01:53:36
1625,2026_05_13,2026_05,Indonesia,IDR,인도네시아 루피아,17496,Daily,Bank for International Settlements (BIS) / Bank Indonesia (BI),2026-10-01 01:53:36
1626,2026_05_14,2026_05,Indonesia,IDR,인도네시아 루피아,17465,Daily,Bank for International Settlements (BIS) / Bank Indonesia (BI),2026-10-01 01:53:36
1627,2026_05_15,2026_05,Indonesia,IDR,인도네시아 루피아,17589,Daily,Bank for International Settlements (BIS) / Bank Indonesia (BI),2026-10-01 01:53:36
1628,2026_05_18,2026_05,Indonesia,IDR,인도네시아 루피아,17683,Daily,Bank for International Settlements (BIS) / Bank Indonesia (BI),2026-10-01 01:53:36
1629,2026_05_19,2026_05,Indonesia,IDR,인도네시아 루피아,17743,Daily,Bank for International Settlements (BIS) / Bank Indonesia (BI),2026-10-01 01:53:36
1630,2026_05_20,2026_05,Indonesia,IDR,인도네시아 루피아,17701,Daily,Bank for International Settlements (BIS) / Bank Indonesia (BI),2026-10-01 01:53:36
1631,2026_05_21,2026_05,Indonesia,IDR,인도네시아 루피아,17677,Daily,Bank for International Settlements (BIS) / Bank Indonesia (BI),2026-10-01 01:53:36
1632,2026_05_22,2026_05,Indonesia,IDR,인도네시아 루피아,17694,Daily,Bank for International Settlements (BIS) / Bank Indonesia (BI),2026-10-01 01:53:36
1633,2026_05_25,2026_05,Indonesia,IDR,인도네시아 루피아,17734,Daily,Bank for International Settlements (BIS) / Bank Indonesia (BI),2026-10-01 01:53:36
1634,2026_05_26,2026_05,Indonesia,IDR,인도네시아 루피아,17835,Daily,Bank for International Settlements (BIS) / Bank Indonesia (BI),2026-10-01 01:53:36
1635,2026_05_27,2026_05,Indonesia,IDR,인도네시아 루피아,17837,Daily,Bank for International Settlements (BIS) / Bank Indonesia (BI),2026-10-01 01:53:36
1636,2026_05_28,2026_05,Indonesia,IDR,인도네시아 루피아,17851,Daily,Bank for International Settlements (BIS) / Bank Indonesia (BI),2026-10-01 01:53:36
1637,2026_05_29,2026_05,Indonesia,IDR,인도네시아 루피아,17816,Daily,Bank for International Settlements (BIS) / Bank Indonesia (BI),2026-10-01 01:53:36
1638,2026_06_01,2026_06,Indonesia,IDR,인도네시아 루피아,17835,Daily,Bank for International Settlements (BIS) / Bank Indonesia (BI),2026-10-01 01:53:36
1639,2026_06_02,2026_06,Indonesia,IDR,인도네시아 루피아,17828,Daily,Bank for International Settlements (BIS) / Bank Indonesia (BI),2026-10-01 01:53:36
1640,2026_06_03,2026_06,Indonesia,IDR,인도네시아 루피아,17962,Daily,Bank for International Settlements (BIS) / Bank Indonesia (BI),2026-10-01 01:53:36
1641,2026_06_04,2026_06,Indonesia,IDR,인도네시아 루피아,18026,Daily,Bank for International Settlements (BIS) / Bank Indonesia (BI),2026-10-01 01:53:36
1642,2026_06_05,2026_06,Indonesia,IDR,인도네시아 루피아,18070,Daily,Bank for International Settlements (BIS) / Bank Indonesia (BI),2026-10-01 01:53:36
1643,2026_06_08,2026_06,Indonesia,IDR,인도네시아 루피아,18150,Daily,Bank for International Settlements (BIS) / Bank Indonesia (BI),2026-10-01 01:53:36
1644,2026_06_09,2026_06,Indonesia,IDR,인도네시아 루피아,17950,Daily,Bank for International Settlements (BIS) / Bank Indonesia (BI),2026-10-01 01:53:36
1645,2026_06_10,2026_06,Indonesia,IDR,인도네시아 루피아,17910,Daily,Bank for International Settlements (BIS) / Bank Indonesia (BI),2026-10-01 01:53:36
1646,2026_06_11,2026_06,Indonesia,IDR,인도네시아 루피아,17974,Daily,Bank for International Settlements (BIS) / Bank Indonesia (BI),2026-10-01 01:53:36
1647,2026_06_12,2026_06,Indonesia,IDR,인도네시아 루피아,17787,Daily,Bank for International Settlements (BIS) / Bank Indonesia (BI),2026-10-01 01:53:36
1648,2026_06_15,2026_06,Indonesia,IDR,인도네시아 루피아,17720,Daily,Bank for International Settlements (BIS) / Bank Indonesia (BI),2026-10-01 01:53:36
1649,2026_06_16,2026_06,Indonesia,IDR,인도네시아 루피아,17722,Daily,Bank for International Settlements (BIS) / Bank Indonesia (BI),2026-10-01 01:53:36
1650,2026_06_17,2026_06,Indonesia,IDR,인도네시아 루피아,17803,Daily,Bank for International Settlements (BIS) / Bank Indonesia (BI),2026-10-01 01:53:36
1651,2026_06_18,2026_06,Indonesia,IDR,인도네시아 루피아,17875,Daily,Bank for International Settlements (BIS) / Bank Indonesia (BI),2026-10-01 01:53:36
1652,2026_06_19,2026_06,Indonesia,IDR,인도네시아 루피아,17808,Daily,Bank for International Settlements (BIS) / Bank Indonesia (BI),2026-10-01 01:53:36
1653,2026_06_22,2026_06,Indonesia,IDR,인도네시아 루피아,17838,Daily,Bank for International Settlements (BIS) / Bank Indonesia (BI),2026-10-01 01:53:36
1654,2026_06_23,2026_06,Indonesia,IDR,인도네시아 루피아,17921,Daily,Bank for International Settlements (BIS) / Bank Indonesia (BI),2026-10-01 01:53:36
1655,2026_06_24,2026_06,Indonesia,IDR,인도네시아 루피아,17977,Daily,Bank for International Settlements (BIS) / Bank Indonesia (BI),2026-10-01 01:53:36
1656,2026_06_25,2026_06,Indonesia,IDR,인도네시아 루피아,17982,Daily,Bank for International Settlements (BIS) / Bank Indonesia (BI),2026-10-01 01:53:36
1657,2026_06_26,2026_06,Indonesia,IDR,인도네시아 루피아,17859,Daily,Bank for International Settlements (BIS) / Bank Indonesia (BI),2026-10-01 01:53:36
1658,2026_06_29,2026_06,Indonesia,IDR,인도네시아 루피아,17853,Daily,Bank for International Settlements (BIS) / Bank Indonesia (BI),2026-10-01 01:53:36
1659,2026_06_30,2026_06,Indonesia,IDR,인도네시아 루피아,17903,Daily,Bank for International Settlements (BIS) / Bank Indonesia (BI),2026-10-01 01:53:36
1660,2026_07_01,2026_07,Indonesia,IDR,인도네시아 루피아,17961,Daily,Bank for International Settlements (BIS) / Bank Indonesia (BI),2026-10-01 01:53:36
1661,2026_07_02,2026_07,Indonesia,IDR,인도네시아 루피아,18021,Daily,Bank for International Settlements (BIS) / Bank Indonesia (BI),2026-10-01 01:53:36
1662,2026_07_03,2026_07,Indonesia,IDR,인도네시아 루피아,17964,Daily,Bank for International Settlements (BIS) / Bank Indonesia (BI),2026-10-01 01:53:36
1663,2026_07_06,2026_07,Indonesia,IDR,인도네시아 루피아,18016,Daily,Bank for International Settlements (BIS) / Bank Indonesia (BI),2026-10-01 01:53:36
1664,2026_07_07,2026_07,Indonesia,IDR,인도네시아 루피아,17891,Daily,Bank for International Settlements (BIS) / Bank Indonesia (BI),2026-10-01 01:53:36
1665,2026_07_08,2026_07,Indonesia,IDR,인도네시아 루피아,18089,Daily,Bank for International Settlements (BIS) / Bank Indonesia (BI),2026-10-01 01:53:36
1666,2026_07_09,2026_07,Indonesia,IDR,인도네시아 루피아,18106,Daily,Bank for International Settlements (BIS) / Bank Indonesia (BI),2026-10-01 01:53:36
1667,2026_07_10,2026_07,Indonesia,IDR,인도네시아 루피아,18077,Daily,Bank for International Settlements (BIS) / Bank Indonesia (BI),2026-10-01 01:53:36
1668,2026_07_13,2026_07,Indonesia,IDR,인도네시아 루피아,18048,Daily,Bank for International Settlements (BIS) / Bank Indonesia (BI),2026-10-01 01:53:36
1669,2026_07_14,2026_07,Indonesia,IDR,인도네시아 루피아,18060,Daily,Bank for International Settlements (BIS) / Bank Indonesia (BI),2026-10-01 01:53:36
1670,2026_07_15,2026_07,Indonesia,IDR,인도네시아 루피아,18071,Daily,Bank for International Settlements (BIS) / Bank Indonesia (BI),2026-10-01 01:53:36
1671,2026_07_16,2026_07,Indonesia,IDR,인도네시아 루피아,17985,Daily,Bank for International Settlements (BIS) / Bank Indonesia (BI),2026-10-01 01:53:36
1672,2026_07_17,2026_07,Indonesia,IDR,인도네시아 루피아,17945,Daily,Bank for International Settlements (BIS) / Bank Indonesia (BI),2026-10-01 01:53:36
1673,2026_07_20,2026_07,Indonesia,IDR,인도네시아 루피아,17950,Daily,Bank for International Settlements (BIS) / Bank Indonesia (BI),2026-10-01 01:53:36
1674,2026_07_21,2026_07,Indonesia,IDR,인도네시아 루피아,17898,Daily,Bank for International Settlements (BIS) / Bank Indonesia (BI),2026-10-01 01:53:36
1675,2026_07_22,2026_07,Indonesia,IDR,인도네시아 루피아,17919,Daily,Bank for International Settlements (BIS) / Bank Indonesia (BI),2026-10-01 01:53:36
1676,2026_07_23,2026_07,Indonesia,IDR,인도네시아 루피아,17965,Daily,Bank for International Settlements (BIS) / Bank Indonesia (BI),2026-10-01 01:53:36
1677,2026_07_24,2026_07,Indonesia,IDR,인도네시아 루피아,17930,Daily,Bank for International Settlements (BIS) / Bank Indonesia (BI),2026-10-01 01:53:36
1678,2026_07_27,2026_07,Indonesia,IDR,인도네시아 루피아,18053,Daily,Bank for International Settlements (BIS) / Bank Indonesia (BI),2026-10-01 01:53:36
1679,2026_07_28,2026_07,Indonesia,IDR,인도네시아 루피아,18102,Daily,Bank for International Settlements (BIS) / Bank Indonesia (BI),2026-10-01 01:53:36
1680,2026_07_29,2026_07,Indonesia,IDR,인도네시아 루피아,18072,Daily,Bank for International Settlements (BIS) / Bank Indonesia (BI),2026-10-01 01:53:36
1681,2026_07_30,2026_07,Indonesia,IDR,인도네시아 루피아,18079,Daily,Bank for International Settlements (BIS) / Bank Indonesia (BI),2026-10-01 01:53:36
1682,2026_07_31,2026_07,Indonesia,IDR,인도네시아 루피아,18052,Daily,Bank for International Settlements (BIS) / Bank Indonesia (BI),2026-10-01 01:53:36
1683,2026_08_03,2026_08,Indonesia,IDR,인도네시아 루피아,17977,Daily,Bank for International Settlements (BIS) / Bank Indonesia (BI),2026-10-01 01:53:36
1684,2026_08_04,2026_08,Indonesia,IDR,인도네시아 루피아,17987,Daily,Bank for International Settlements (BIS) / Bank Indonesia (BI),2026-10-01 01:53:36
1685,2026_08_05,2026_08,Indonesia,IDR,인도네시아 루피아,17871,Daily,Bank for International Settlements (BIS) / Bank Indonesia (BI),2026-10-01 01:53:36
1686,2026_08_06,2026_08,Indonesia,IDR,인도네시아 루피아,17900,Daily,Bank for International Settlements (BIS) / Bank Indonesia (BI),2026-10-01 01:53:36
1687,2026_08_07,2026_08,Indonesia,IDR,인도네시아 루피아,17846,Daily,Bank for International Settlements (BIS) / Bank Indonesia (BI),2026-10-01 01:53:36
1688,2026_08_10,2026_08,Indonesia,IDR,인도네시아 루피아,17760,Daily,Bank for International Settlements (BIS) / Bank Indonesia (BI),2026-10-01 01:53:36
1689,2026_08_11,2026_08,Indonesia,IDR,인도네시아 루피아,17838,Daily,Bank for International Settlements (BIS) / Bank Indonesia (BI),2026-10-01 01:53:36
1690,2026_08_12,2026_08,Indonesia,IDR,인도네시아 루피아,17843,Daily,Bank for International Settlements (BIS) / Bank Indonesia (BI),2026-10-01 01:53:36
1691,2026_08_13,2026_08,Indonesia,IDR,인도네시아 루피아,17856,Daily,Bank for International Settlements (BIS) / Bank Indonesia (BI),2026-10-01 01:53:36
1692,2026_08_14,2026_08,Indonesia,IDR,인도네시아 루피아,17786,Daily,Bank for International Settlements (BIS) / Bank Indonesia (BI),2026-10-01 01:53:36
1693,2026_08_17,2026_08,Indonesia,IDR,인도네시아 루피아,17816,Daily,Bank for International Settlements (BIS) / Bank Indonesia (BI),2026-10-01 01:53:36
1694,2026_08_18,2026_08,Indonesia,IDR,인도네시아 루피아,17862,Daily,Bank for International Settlements (BIS) / Bank Indonesia (BI),2026-10-01 01:53:36
1695,2026_08_19,2026_08,Indonesia,IDR,인도네시아 루피아,17832,Daily,Bank for International Settlements (BIS) / Bank Indonesia (BI),2026-10-01 01:53:36
1696,2026_08_20,2026_08,Indonesia,IDR,인도네시아 루피아,17797,Daily,Bank for International Settlements (BIS) / Bank Indonesia (BI),2026-10-01 01:53:36
1697,2026_08_21,2026_08,Indonesia,IDR,인도네시아 루피아,17659,Daily,Bank for International Settlements (BIS) / Bank Indonesia (BI),2026-10-01 01:53:36
1698,2026_08_24,2026_08,Indonesia,IDR,인도네시아 루피아,17713,Daily,Bank for International Settlements (BIS) / Bank Indonesia (BI),2026-10-01 01:53:36
1699,2026_08_25,2026_08,Indonesia,IDR,인도네시아 루피아,17684,Daily,Bank for International Settlements (BIS) / Bank Indonesia (BI),2026-10-01 01:53:36
1700,2026_08_26,2026_08,Indonesia,IDR,인도네시아 루피아,17712,Daily,Bank for International Settlements (BIS) / Bank Indonesia (BI),2026-10-01 01:53:36
1701,2026_08_27,2026_08,Indonesia,IDR,인도네시아 루피아,17737,Daily,Bank for International Settlements (BIS) / Bank Indonesia (BI),2026-10-01 01:53:36
1702,2026_08_28,2026_08,Indonesia,IDR,인도네시아 루피아,17717,Daily,Bank for International Settlements (BIS) / Bank Indonesia (BI),2026-10-01 01:53:36
1703,2026_08_31,2026_08,Indonesia,IDR,인도네시아 루피아,17710,Daily,Bank for International Settlements (BIS) / Bank Indonesia (BI),2026-10-01 01:53:36
1704,2026_09_01,2026_09,Indonesia,IDR,인도네시아 루피아,17745,Daily,Bank for International Settlements (BIS) / Bank Indonesia (BI),2026-10-01 01:53:36
1705,2026_09_02,2026_09,Indonesia,IDR,인도네시아 루피아,17716,Daily,Bank for International Settlements (BIS) / Bank Indonesia (BI),2026-10-01 01:53:36
1706,2026_09_03,2026_09,Indonesia,IDR,인도네시아 루피아,17647,Daily,Bank for International Settlements (BIS) / Bank Indonesia (BI),2026-10-01 01:53:36
1707,2026_09_04,2026_09,Indonesia,IDR,인도네시아 루피아,17636,Daily,Bank for International Settlements (BIS) / Bank Indonesia (BI),2026-10-01 01:53:36
1708,2026_09_07,2026_09,Indonesia,IDR,인도네시아 루피아,17647,Daily,Bank for International Settlements (BIS) / Bank Indonesia (BI),2026-10-01 01:53:36
1709,2026_09_08,2026_09,Indonesia,IDR,인도네시아 루피아,17597,Daily,Bank for International Settlements (BIS) / Bank Indonesia (BI),2026-10-01 01:53:36
1710,2026_09_09,2026_09,Indonesia,IDR,인도네시아 루피아,17476,Daily,Bank for International Settlements (BIS) / Bank Indonesia (BI),2026-10-01 01:53:36
1711,2026_09_10,2026_09,Indonesia,IDR,인도네시아 루피아,17574,Daily,Bank for International Settlements (BIS) / Bank Indonesia (BI),2026-10-01 01:53:36
1712,2026_09_11,2026_09,Indonesia,IDR,인도네시아 루피아,17603,Daily,Bank for International Settlements (BIS) / Bank Indonesia (BI),2026-10-01 01:53:36
1713,2026_09_14,2026_09,Indonesia,IDR,인도네시아 루피아,17660,Daily,Bank for International Settlements (BIS) / Bank Indonesia (BI),2026-10-01 01:53:36
1714,2026_09_15,2026_09,Indonesia,IDR,인도네시아 루피아,17697,Daily,Bank for International Settlements (BIS) / Bank Indonesia (BI),2026-10-01 01:53:36
1715,2026_09_16,2026_09,Indonesia,IDR,인도네시아 루피아,17670,Daily,Bank for International Settlements (BIS) / Bank Indonesia (BI),2026-10-01 01:53:36
1716,2026_09_17,2026_09,Indonesia,IDR,인도네시아 루피아,17727,Daily,Bank for International Settlements (BIS) / Bank Indonesia (BI),2026-10-01 01:53:36
1717,2026_09_18,2026_09,Indonesia,IDR,인도네시아 루피아,17823,Daily,Bank for International Settlements (BIS) / Bank Indonesia (BI),2026-10-01 01:53:36
1718,2026_09_21,2026_09,Indonesia,IDR,인도네시아 루피아,17870,Daily,Bank for International Settlements (BIS) / Bank Indonesia (BI),2026-10-01 01:53:36
1719,2026_09_22,2026_09,Indonesia,IDR,인도네시아 루피아,17820,Daily,Bank for International Settlements (BIS) / Bank Indonesia (BI),2026-10-01 01:53:36
1720,2026_09_30,2026_09,Indonesia,IDR,인도네시아 루피아,17877,Daily,Bank Indonesia Official JISDOR Announcement,2026-10-01 01:53:36
425,2024_12_27,2024_12,Korea,KRW,대한민국 원,1476.0,Daily,"KEB Hana Bank Official Fixing (Market Average Rate, MAR)",2026-10-01 01:53:36
426,2024_12_30,2024_12,Korea,KRW,대한민국 원,1471.8,Daily,"KEB Hana Bank Official Fixing (Market Average Rate, MAR)",2026-10-01 01:53:36
427,2024_12_31,2024_12,Korea,KRW,대한민국 원,1477.0,Daily,"KEB Hana Bank Official Fixing (Market Average Rate, MAR)",2026-10-01 01:53:36
428,2025_01_02,2025_01,Korea,KRW,대한민국 원,1471.5,Daily,"KEB Hana Bank Official Fixing (Market Average Rate, MAR)",2026-10-01 01:53:36
429,2025_01_03,2025_01,Korea,KRW,대한민국 원,1471.0,Daily,"KEB Hana Bank Official Fixing (Market Average Rate, MAR)",2026-10-01 01:53:36
430,2025_01_06,2025_01,Korea,KRW,대한민국 원,1462.9,Daily,"KEB Hana Bank Official Fixing (Market Average Rate, MAR)",2026-10-01 01:53:36
431,2025_01_07,2025_01,Korea,KRW,대한민국 원,1454.5,Daily,"KEB Hana Bank Official Fixing (Market Average Rate, MAR)",2026-10-01 01:53:36
432,2025_01_08,2025_01,Korea,KRW,대한민국 원,1461.0,Daily,"KEB Hana Bank Official Fixing (Market Average Rate, MAR)",2026-10-01 01:53:36
433,2025_01_09,2025_01,Korea,KRW,대한민국 원,1460.7,Daily,"KEB Hana Bank Official Fixing (Market Average Rate, MAR)",2026-10-01 01:53:36
434,2025_01_10,2025_01,Korea,KRW,대한민국 원,1474.8,Daily,"KEB Hana Bank Official Fixing (Market Average Rate, MAR)",2026-10-01 01:53:36
435,2025_01_13,2025_01,Korea,KRW,대한민국 원,1468.0,Daily,"KEB Hana Bank Official Fixing (Market Average Rate, MAR)",2026-10-01 01:53:36
436,2025_01_14,2025_01,Korea,KRW,대한민국 원,1461.0,Daily,"KEB Hana Bank Official Fixing (Market Average Rate, MAR)",2026-10-01 01:53:36
437,2025_01_15,2025_01,Korea,KRW,대한민국 원,1456.0,Daily,"KEB Hana Bank Official Fixing (Market Average Rate, MAR)",2026-10-01 01:53:36
438,2025_01_16,2025_01,Korea,KRW,대한민국 원,1457.5,Daily,"KEB Hana Bank Official Fixing (Market Average Rate, MAR)",2026-10-01 01:53:36
439,2025_01_17,2025_01,Korea,KRW,대한민국 원,1459.5,Daily,"KEB Hana Bank Official Fixing (Market Average Rate, MAR)",2026-10-01 01:53:36
440,2025_01_20,2025_01,Korea,KRW,대한민국 원,1441.0,Daily,"KEB Hana Bank Official Fixing (Market Average Rate, MAR)",2026-10-01 01:53:36
441,2025_01_21,2025_01,Korea,KRW,대한민국 원,1436.5,Daily,"KEB Hana Bank Official Fixing (Market Average Rate, MAR)",2026-10-01 01:53:36
442,2025_01_22,2025_01,Korea,KRW,대한민국 원,1437.0,Daily,"KEB Hana Bank Official Fixing (Market Average Rate, MAR)",2026-10-01 01:53:36
443,2025_01_23,2025_01,Korea,KRW,대한민국 원,1436.5,Daily,"KEB Hana Bank Official Fixing (Market Average Rate, MAR)",2026-10-01 01:53:36
444,2025_01_24,2025_01,Korea,KRW,대한민국 원,1446.0,Daily,"KEB Hana Bank Official Fixing (Market Average Rate, MAR)",2026-10-01 01:53:36
445,2025_01_31,2025_01,Korea,KRW,대한민국 원,1459.0,Daily,"KEB Hana Bank Official Fixing (Market Average Rate, MAR)",2026-10-01 01:53:36
446,2025_02_03,2025_02,Korea,KRW,대한민국 원,1458.0,Daily,"KEB Hana Bank Official Fixing (Market Average Rate, MAR)",2026-10-01 01:53:36
447,2025_02_04,2025_02,Korea,KRW,대한민국 원,1453.5,Daily,"KEB Hana Bank Official Fixing (Market Average Rate, MAR)",2026-10-01 01:53:36
448,2025_02_05,2025_02,Korea,KRW,대한민국 원,1445.5,Daily,"KEB Hana Bank Official Fixing (Market Average Rate, MAR)",2026-10-01 01:53:36
449,2025_02_06,2025_02,Korea,KRW,대한민국 원,1447.0,Daily,"KEB Hana Bank Official Fixing (Market Average Rate, MAR)",2026-10-01 01:53:36
450,2025_02_07,2025_02,Korea,KRW,대한민국 원,1457.8,Daily,"KEB Hana Bank Official Fixing (Market Average Rate, MAR)",2026-10-01 01:53:36
451,2025_02_10,2025_02,Korea,KRW,대한민국 원,1452.2,Daily,"KEB Hana Bank Official Fixing (Market Average Rate, MAR)",2026-10-01 01:53:36
452,2025_02_11,2025_02,Korea,KRW,대한민국 원,1452.5,Daily,"KEB Hana Bank Official Fixing (Market Average Rate, MAR)",2026-10-01 01:53:36
453,2025_02_12,2025_02,Korea,KRW,대한민국 원,1453.5,Daily,"KEB Hana Bank Official Fixing (Market Average Rate, MAR)",2026-10-01 01:53:36
454,2025_02_13,2025_02,Korea,KRW,대한민국 원,1443.0,Daily,"KEB Hana Bank Official Fixing (Market Average Rate, MAR)",2026-10-01 01:53:36
455,2025_02_14,2025_02,Korea,KRW,대한민국 원,1443.8,Daily,"KEB Hana Bank Official Fixing (Market Average Rate, MAR)",2026-10-01 01:53:36
456,2025_02_17,2025_02,Korea,KRW,대한민국 원,1443.0,Daily,"KEB Hana Bank Official Fixing (Market Average Rate, MAR)",2026-10-01 01:53:36
457,2025_02_18,2025_02,Korea,KRW,대한민국 원,1442.5,Daily,"KEB Hana Bank Official Fixing (Market Average Rate, MAR)",2026-10-01 01:53:36
458,2025_02_19,2025_02,Korea,KRW,대한민국 원,1443.5,Daily,"KEB Hana Bank Official Fixing (Market Average Rate, MAR)",2026-10-01 01:53:36
459,2025_02_20,2025_02,Korea,KRW,대한민국 원,1434.7,Daily,"KEB Hana Bank Official Fixing (Market Average Rate, MAR)",2026-10-01 01:53:36
460,2025_02_21,2025_02,Korea,KRW,대한민국 원,1438.3,Daily,"KEB Hana Bank Official Fixing (Market Average Rate, MAR)",2026-10-01 01:53:36
461,2025_02_24,2025_02,Korea,KRW,대한민국 원,1430.2,Daily,"KEB Hana Bank Official Fixing (Market Average Rate, MAR)",2026-10-01 01:53:36
462,2025_02_25,2025_02,Korea,KRW,대한민국 원,1432.8,Daily,"KEB Hana Bank Official Fixing (Market Average Rate, MAR)",2026-10-01 01:53:36
463,2025_02_26,2025_02,Korea,KRW,대한민국 원,1435.5,Daily,"KEB Hana Bank Official Fixing (Market Average Rate, MAR)",2026-10-01 01:53:36
464,2025_02_27,2025_02,Korea,KRW,대한민국 원,1449.5,Daily,"KEB Hana Bank Official Fixing (Market Average Rate, MAR)",2026-10-01 01:53:36
465,2025_02_28,2025_02,Korea,KRW,대한민국 원,1462.0,Daily,"KEB Hana Bank Official Fixing (Market Average Rate, MAR)",2026-10-01 01:53:36
466,2025_03_04,2025_03,Korea,KRW,대한민국 원,1455.5,Daily,"KEB Hana Bank Official Fixing (Market Average Rate, MAR)",2026-10-01 01:53:36
467,2025_03_05,2025_03,Korea,KRW,대한민국 원,1446.0,Daily,"KEB Hana Bank Official Fixing (Market Average Rate, MAR)",2026-10-01 01:53:36
468,2025_03_06,2025_03,Korea,KRW,대한민국 원,1448.5,Daily,"KEB Hana Bank Official Fixing (Market Average Rate, MAR)",2026-10-01 01:53:36
469,2025_03_07,2025_03,Korea,KRW,대한민국 원,1449.8,Daily,"KEB Hana Bank Official Fixing (Market Average Rate, MAR)",2026-10-01 01:53:36
470,2025_03_10,2025_03,Korea,KRW,대한민국 원,1459.0,Daily,"KEB Hana Bank Official Fixing (Market Average Rate, MAR)",2026-10-01 01:53:36
471,2025_03_11,2025_03,Korea,KRW,대한민국 원,1453.0,Daily,"KEB Hana Bank Official Fixing (Market Average Rate, MAR)",2026-10-01 01:53:36
472,2025_03_12,2025_03,Korea,KRW,대한민국 원,1452.0,Daily,"KEB Hana Bank Official Fixing (Market Average Rate, MAR)",2026-10-01 01:53:36
473,2025_03_13,2025_03,Korea,KRW,대한민국 원,1455.0,Daily,"KEB Hana Bank Official Fixing (Market Average Rate, MAR)",2026-10-01 01:53:36
474,2025_03_14,2025_03,Korea,KRW,대한민국 원,1454.5,Daily,"KEB Hana Bank Official Fixing (Market Average Rate, MAR)",2026-10-01 01:53:36
475,2025_03_17,2025_03,Korea,KRW,대한민국 원,1445.0,Daily,"KEB Hana Bank Official Fixing (Market Average Rate, MAR)",2026-10-01 01:53:36
476,2025_03_18,2025_03,Korea,KRW,대한민국 원,1451.8,Daily,"KEB Hana Bank Official Fixing (Market Average Rate, MAR)",2026-10-01 01:53:36
477,2025_03_19,2025_03,Korea,KRW,대한민국 원,1458.3,Daily,"KEB Hana Bank Official Fixing (Market Average Rate, MAR)",2026-10-01 01:53:36
478,2025_03_20,2025_03,Korea,KRW,대한민국 원,1466.5,Daily,"KEB Hana Bank Official Fixing (Market Average Rate, MAR)",2026-10-01 01:53:36
479,2025_03_21,2025_03,Korea,KRW,대한민국 원,1465.5,Daily,"KEB Hana Bank Official Fixing (Market Average Rate, MAR)",2026-10-01 01:53:36
480,2025_03_24,2025_03,Korea,KRW,대한민국 원,1467.7,Daily,"KEB Hana Bank Official Fixing (Market Average Rate, MAR)",2026-10-01 01:53:36
481,2025_03_25,2025_03,Korea,KRW,대한민국 원,1464.6,Daily,"KEB Hana Bank Official Fixing (Market Average Rate, MAR)",2026-10-01 01:53:36
482,2025_03_26,2025_03,Korea,KRW,대한민국 원,1469.0,Daily,"KEB Hana Bank Official Fixing (Market Average Rate, MAR)",2026-10-01 01:53:36
483,2025_03_27,2025_03,Korea,KRW,대한민국 원,1466.0,Daily,"KEB Hana Bank Official Fixing (Market Average Rate, MAR)",2026-10-01 01:53:36
484,2025_03_28,2025_03,Korea,KRW,대한민국 원,1471.0,Daily,"KEB Hana Bank Official Fixing (Market Average Rate, MAR)",2026-10-01 01:53:36
485,2025_03_31,2025_03,Korea,KRW,대한민국 원,1474.0,Daily,"KEB Hana Bank Official Fixing (Market Average Rate, MAR)",2026-10-01 01:53:36
486,2025_04_01,2025_04,Korea,KRW,대한민국 원,1471.5,Daily,"KEB Hana Bank Official Fixing (Market Average Rate, MAR)",2026-10-01 01:53:36
487,2025_04_02,2025_04,Korea,KRW,대한민국 원,1467.5,Daily,"KEB Hana Bank Official Fixing (Market Average Rate, MAR)",2026-10-01 01:53:36
488,2025_04_03,2025_04,Korea,KRW,대한민국 원,1452.2,Daily,"KEB Hana Bank Official Fixing (Market Average Rate, MAR)",2026-10-01 01:53:36
489,2025_04_04,2025_04,Korea,KRW,대한민국 원,1461.5,Daily,"KEB Hana Bank Official Fixing (Market Average Rate, MAR)",2026-10-01 01:53:36
490,2025_04_07,2025_04,Korea,KRW,대한민국 원,1470.5,Daily,"KEB Hana Bank Official Fixing (Market Average Rate, MAR)",2026-10-01 01:53:36
491,2025_04_08,2025_04,Korea,KRW,대한민국 원,1486.5,Daily,"KEB Hana Bank Official Fixing (Market Average Rate, MAR)",2026-10-01 01:53:36
492,2025_04_09,2025_04,Korea,KRW,대한민국 원,1454.5,Daily,"KEB Hana Bank Official Fixing (Market Average Rate, MAR)",2026-10-01 01:53:36
493,2025_04_10,2025_04,Korea,KRW,대한민국 원,1454.0,Daily,"KEB Hana Bank Official Fixing (Market Average Rate, MAR)",2026-10-01 01:53:36
494,2025_04_11,2025_04,Korea,KRW,대한민국 원,1427.2,Daily,"KEB Hana Bank Official Fixing (Market Average Rate, MAR)",2026-10-01 01:53:36
495,2025_04_14,2025_04,Korea,KRW,대한민국 원,1422.0,Daily,"KEB Hana Bank Official Fixing (Market Average Rate, MAR)",2026-10-01 01:53:36
496,2025_04_15,2025_04,Korea,KRW,대한민국 원,1428.5,Daily,"KEB Hana Bank Official Fixing (Market Average Rate, MAR)",2026-10-01 01:53:36
497,2025_04_16,2025_04,Korea,KRW,대한민국 원,1417.0,Daily,"KEB Hana Bank Official Fixing (Market Average Rate, MAR)",2026-10-01 01:53:36
498,2025_04_17,2025_04,Korea,KRW,대한민국 원,1419.5,Daily,"KEB Hana Bank Official Fixing (Market Average Rate, MAR)",2026-10-01 01:53:36
499,2025_04_18,2025_04,Korea,KRW,대한민국 원,1423.8,Daily,"KEB Hana Bank Official Fixing (Market Average Rate, MAR)",2026-10-01 01:53:36
500,2025_04_21,2025_04,Korea,KRW,대한민국 원,1421.5,Daily,"KEB Hana Bank Official Fixing (Market Average Rate, MAR)",2026-10-01 01:53:36
501,2025_04_22,2025_04,Korea,KRW,대한민국 원,1432.5,Daily,"KEB Hana Bank Official Fixing (Market Average Rate, MAR)",2026-10-01 01:53:36
502,2025_04_23,2025_04,Korea,KRW,대한민국 원,1427.5,Daily,"KEB Hana Bank Official Fixing (Market Average Rate, MAR)",2026-10-01 01:53:36
503,2025_04_24,2025_04,Korea,KRW,대한민국 원,1432.0,Daily,"KEB Hana Bank Official Fixing (Market Average Rate, MAR)",2026-10-01 01:53:36
504,2025_04_25,2025_04,Korea,KRW,대한민국 원,1439.5,Daily,"KEB Hana Bank Official Fixing (Market Average Rate, MAR)",2026-10-01 01:53:36
505,2025_04_28,2025_04,Korea,KRW,대한민국 원,1437.0,Daily,"KEB Hana Bank Official Fixing (Market Average Rate, MAR)",2026-10-01 01:53:36
506,2025_04_29,2025_04,Korea,KRW,대한민국 원,1434.0,Daily,"KEB Hana Bank Official Fixing (Market Average Rate, MAR)",2026-10-01 01:53:36
507,2025_04_30,2025_04,Korea,KRW,대한민국 원,1437.5,Daily,"KEB Hana Bank Official Fixing (Market Average Rate, MAR)",2026-10-01 01:53:36
508,2025_05_02,2025_05,Korea,KRW,대한민국 원,1382.0,Daily,"KEB Hana Bank Official Fixing (Market Average Rate, MAR)",2026-10-01 01:53:36
509,2025_05_07,2025_05,Korea,KRW,대한민국 원,1398.5,Daily,"KEB Hana Bank Official Fixing (Market Average Rate, MAR)",2026-10-01 01:53:36
510,2025_05_08,2025_05,Korea,KRW,대한민국 원,1405.3,Daily,"KEB Hana Bank Official Fixing (Market Average Rate, MAR)",2026-10-01 01:53:36
511,2025_05_09,2025_05,Korea,KRW,대한민국 원,1399.5,Daily,"KEB Hana Bank Official Fixing (Market Average Rate, MAR)",2026-10-01 01:53:36
512,2025_05_12,2025_05,Korea,KRW,대한민국 원,1420.5,Daily,"KEB Hana Bank Official Fixing (Market Average Rate, MAR)",2026-10-01 01:53:36
513,2025_05_13,2025_05,Korea,KRW,대한민국 원,1417.5,Daily,"KEB Hana Bank Official Fixing (Market Average Rate, MAR)",2026-10-01 01:53:36
514,2025_05_14,2025_05,Korea,KRW,대한민국 원,1409.0,Daily,"KEB Hana Bank Official Fixing (Market Average Rate, MAR)",2026-10-01 01:53:36
515,2025_05_15,2025_05,Korea,KRW,대한민국 원,1400.0,Daily,"KEB Hana Bank Official Fixing (Market Average Rate, MAR)",2026-10-01 01:53:36
516,2025_05_16,2025_05,Korea,KRW,대한민국 원,1399.0,Daily,"KEB Hana Bank Official Fixing (Market Average Rate, MAR)",2026-10-01 01:53:36
517,2025_05_19,2025_05,Korea,KRW,대한민국 원,1390.1,Daily,"KEB Hana Bank Official Fixing (Market Average Rate, MAR)",2026-10-01 01:53:36
518,2025_05_20,2025_05,Korea,KRW,대한민국 원,1394.8,Daily,"KEB Hana Bank Official Fixing (Market Average Rate, MAR)",2026-10-01 01:53:36
519,2025_05_21,2025_05,Korea,KRW,대한민국 원,1377.0,Daily,"KEB Hana Bank Official Fixing (Market Average Rate, MAR)",2026-10-01 01:53:36
520,2025_05_22,2025_05,Korea,KRW,대한민국 원,1383.0,Daily,"KEB Hana Bank Official Fixing (Market Average Rate, MAR)",2026-10-01 01:53:36
521,2025_05_23,2025_05,Korea,KRW,대한민국 원,1368.0,Daily,"KEB Hana Bank Official Fixing (Market Average Rate, MAR)",2026-10-01 01:53:36
522,2025_05_26,2025_05,Korea,KRW,대한민국 원,1370.0,Daily,"KEB Hana Bank Official Fixing (Market Average Rate, MAR)",2026-10-01 01:53:36
523,2025_05_27,2025_05,Korea,KRW,대한민국 원,1376.0,Daily,"KEB Hana Bank Official Fixing (Market Average Rate, MAR)",2026-10-01 01:53:36
524,2025_05_28,2025_05,Korea,KRW,대한민국 원,1375.0,Daily,"KEB Hana Bank Official Fixing (Market Average Rate, MAR)",2026-10-01 01:53:36
525,2025_05_29,2025_05,Korea,KRW,대한민국 원,1372.0,Daily,"KEB Hana Bank Official Fixing (Market Average Rate, MAR)",2026-10-01 01:53:36
526,2025_05_30,2025_05,Korea,KRW,대한민국 원,1383.6,Daily,"KEB Hana Bank Official Fixing (Market Average Rate, MAR)",2026-10-01 01:53:36
527,2025_06_02,2025_06,Korea,KRW,대한민국 원,1379.0,Daily,"KEB Hana Bank Official Fixing (Market Average Rate, MAR)",2026-10-01 01:53:36
528,2025_06_04,2025_06,Korea,KRW,대한민국 원,1363.5,Daily,"KEB Hana Bank Official Fixing (Market Average Rate, MAR)",2026-10-01 01:53:36
529,2025_06_05,2025_06,Korea,KRW,대한민국 원,1362.7,Daily,"KEB Hana Bank Official Fixing (Market Average Rate, MAR)",2026-10-01 01:53:36
530,2025_06_09,2025_06,Korea,KRW,대한민국 원,1355.2,Daily,"KEB Hana Bank Official Fixing (Market Average Rate, MAR)",2026-10-01 01:53:36
531,2025_06_10,2025_06,Korea,KRW,대한민국 원,1367.3,Daily,"KEB Hana Bank Official Fixing (Market Average Rate, MAR)",2026-10-01 01:53:36
532,2025_06_11,2025_06,Korea,KRW,대한민국 원,1370.5,Daily,"KEB Hana Bank Official Fixing (Market Average Rate, MAR)",2026-10-01 01:53:36
533,2025_06_12,2025_06,Korea,KRW,대한민국 원,1356.4,Daily,"KEB Hana Bank Official Fixing (Market Average Rate, MAR)",2026-10-01 01:53:36
534,2025_06_13,2025_06,Korea,KRW,대한민국 원,1368.5,Daily,"KEB Hana Bank Official Fixing (Market Average Rate, MAR)",2026-10-01 01:53:36
535,2025_06_16,2025_06,Korea,KRW,대한민국 원,1359.0,Daily,"KEB Hana Bank Official Fixing (Market Average Rate, MAR)",2026-10-01 01:53:36
536,2025_06_17,2025_06,Korea,KRW,대한민국 원,1379.5,Daily,"KEB Hana Bank Official Fixing (Market Average Rate, MAR)",2026-10-01 01:53:36
537,2025_06_18,2025_06,Korea,KRW,대한민국 원,1374.5,Daily,"KEB Hana Bank Official Fixing (Market Average Rate, MAR)",2026-10-01 01:53:36
538,2025_06_19,2025_06,Korea,KRW,대한민국 원,1377.8,Daily,"KEB Hana Bank Official Fixing (Market Average Rate, MAR)",2026-10-01 01:53:36
539,2025_06_20,2025_06,Korea,KRW,대한민국 원,1376.5,Daily,"KEB Hana Bank Official Fixing (Market Average Rate, MAR)",2026-10-01 01:53:36
540,2025_06_23,2025_06,Korea,KRW,대한민국 원,1372.5,Daily,"KEB Hana Bank Official Fixing (Market Average Rate, MAR)",2026-10-01 01:53:36
541,2025_06_24,2025_06,Korea,KRW,대한민국 원,1359.0,Daily,"KEB Hana Bank Official Fixing (Market Average Rate, MAR)",2026-10-01 01:53:36
542,2025_06_25,2025_06,Korea,KRW,대한민국 원,1361.0,Daily,"KEB Hana Bank Official Fixing (Market Average Rate, MAR)",2026-10-01 01:53:36
543,2025_06_26,2025_06,Korea,KRW,대한민국 원,1358.5,Daily,"KEB Hana Bank Official Fixing (Market Average Rate, MAR)",2026-10-01 01:53:36
544,2025_06_27,2025_06,Korea,KRW,대한민국 원,1364.0,Daily,"KEB Hana Bank Official Fixing (Market Average Rate, MAR)",2026-10-01 01:53:36
545,2025_06_30,2025_06,Korea,KRW,대한민국 원,1354.0,Daily,"KEB Hana Bank Official Fixing (Market Average Rate, MAR)",2026-10-01 01:53:36
546,2025_07_01,2025_07,Korea,KRW,대한민국 원,1358.0,Daily,"KEB Hana Bank Official Fixing (Market Average Rate, MAR)",2026-10-01 01:53:36
547,2025_07_02,2025_07,Korea,KRW,대한민국 원,1356.0,Daily,"KEB Hana Bank Official Fixing (Market Average Rate, MAR)",2026-10-01 01:53:36
548,2025_07_03,2025_07,Korea,KRW,대한민국 원,1363.5,Daily,"KEB Hana Bank Official Fixing (Market Average Rate, MAR)",2026-10-01 01:53:36
549,2025_07_04,2025_07,Korea,KRW,대한민국 원,1366.5,Daily,"KEB Hana Bank Official Fixing (Market Average Rate, MAR)",2026-10-01 01:53:36
550,2025_07_07,2025_07,Korea,KRW,대한민국 원,1376.0,Daily,"KEB Hana Bank Official Fixing (Market Average Rate, MAR)",2026-10-01 01:53:36
551,2025_07_08,2025_07,Korea,KRW,대한민국 원,1371.5,Daily,"KEB Hana Bank Official Fixing (Market Average Rate, MAR)",2026-10-01 01:53:36
552,2025_07_09,2025_07,Korea,KRW,대한민국 원,1374.8,Daily,"KEB Hana Bank Official Fixing (Market Average Rate, MAR)",2026-10-01 01:53:36
553,2025_07_10,2025_07,Korea,KRW,대한민국 원,1372.5,Daily,"KEB Hana Bank Official Fixing (Market Average Rate, MAR)",2026-10-01 01:53:36
554,2025_07_11,2025_07,Korea,KRW,대한민국 원,1379.2,Daily,"KEB Hana Bank Official Fixing (Market Average Rate, MAR)",2026-10-01 01:53:36
555,2025_07_14,2025_07,Korea,KRW,대한민국 원,1383.2,Daily,"KEB Hana Bank Official Fixing (Market Average Rate, MAR)",2026-10-01 01:53:36
556,2025_07_15,2025_07,Korea,KRW,대한민국 원,1387.5,Daily,"KEB Hana Bank Official Fixing (Market Average Rate, MAR)",2026-10-01 01:53:36
557,2025_07_16,2025_07,Korea,KRW,대한민국 원,1387.0,Daily,"KEB Hana Bank Official Fixing (Market Average Rate, MAR)",2026-10-01 01:53:36
558,2025_07_17,2025_07,Korea,KRW,대한민국 원,1391.5,Daily,"KEB Hana Bank Official Fixing (Market Average Rate, MAR)",2026-10-01 01:53:36
559,2025_07_18,2025_07,Korea,KRW,대한민국 원,1392.1,Daily,"KEB Hana Bank Official Fixing (Market Average Rate, MAR)",2026-10-01 01:53:36
560,2025_07_21,2025_07,Korea,KRW,대한민국 원,1383.3,Daily,"KEB Hana Bank Official Fixing (Market Average Rate, MAR)",2026-10-01 01:53:36
561,2025_07_22,2025_07,Korea,KRW,대한민국 원,1381.5,Daily,"KEB Hana Bank Official Fixing (Market Average Rate, MAR)",2026-10-01 01:53:36
562,2025_07_23,2025_07,Korea,KRW,대한민국 원,1376.5,Daily,"KEB Hana Bank Official Fixing (Market Average Rate, MAR)",2026-10-01 01:53:36
563,2025_07_24,2025_07,Korea,KRW,대한민국 원,1373.7,Daily,"KEB Hana Bank Official Fixing (Market Average Rate, MAR)",2026-10-01 01:53:36
564,2025_07_25,2025_07,Korea,KRW,대한민국 원,1384.5,Daily,"KEB Hana Bank Official Fixing (Market Average Rate, MAR)",2026-10-01 01:53:36
565,2025_07_28,2025_07,Korea,KRW,대한민국 원,1390.0,Daily,"KEB Hana Bank Official Fixing (Market Average Rate, MAR)",2026-10-01 01:53:36
566,2025_07_29,2025_07,Korea,KRW,대한민국 원,1389.0,Daily,"KEB Hana Bank Official Fixing (Market Average Rate, MAR)",2026-10-01 01:53:36
567,2025_07_30,2025_07,Korea,KRW,대한민국 원,1393.0,Daily,"KEB Hana Bank Official Fixing (Market Average Rate, MAR)",2026-10-01 01:53:36
568,2025_07_31,2025_07,Korea,KRW,대한민국 원,1395.0,Daily,"KEB Hana Bank Official Fixing (Market Average Rate, MAR)",2026-10-01 01:53:36
569,2025_08_01,2025_08,Korea,KRW,대한민국 원,1391.0,Daily,"KEB Hana Bank Official Fixing (Market Average Rate, MAR)",2026-10-01 01:53:36
570,2025_08_04,2025_08,Korea,KRW,대한민국 원,1386.0,Daily,"KEB Hana Bank Official Fixing (Market Average Rate, MAR)",2026-10-01 01:53:36
571,2025_08_05,2025_08,Korea,KRW,대한민국 원,1387.7,Daily,"KEB Hana Bank Official Fixing (Market Average Rate, MAR)",2026-10-01 01:53:36
572,2025_08_06,2025_08,Korea,KRW,대한민국 원,1385.5,Daily,"KEB Hana Bank Official Fixing (Market Average Rate, MAR)",2026-10-01 01:53:36
573,2025_08_07,2025_08,Korea,KRW,대한민국 원,1385.0,Daily,"KEB Hana Bank Official Fixing (Market Average Rate, MAR)",2026-10-01 01:53:36
574,2025_08_08,2025_08,Korea,KRW,대한민국 원,1391.5,Daily,"KEB Hana Bank Official Fixing (Market Average Rate, MAR)",2026-10-01 01:53:36
575,2025_08_11,2025_08,Korea,KRW,대한민국 원,1392.5,Daily,"KEB Hana Bank Official Fixing (Market Average Rate, MAR)",2026-10-01 01:53:36
576,2025_08_12,2025_08,Korea,KRW,대한민국 원,1385.5,Daily,"KEB Hana Bank Official Fixing (Market Average Rate, MAR)",2026-10-01 01:53:36
577,2025_08_13,2025_08,Korea,KRW,대한민국 원,1380.0,Daily,"KEB Hana Bank Official Fixing (Market Average Rate, MAR)",2026-10-01 01:53:36
578,2025_08_14,2025_08,Korea,KRW,대한민국 원,1390.0,Daily,"KEB Hana Bank Official Fixing (Market Average Rate, MAR)",2026-10-01 01:53:36
579,2025_08_18,2025_08,Korea,KRW,대한민국 원,1388.8,Daily,"KEB Hana Bank Official Fixing (Market Average Rate, MAR)",2026-10-01 01:53:36
580,2025_08_19,2025_08,Korea,KRW,대한민국 원,1393.2,Daily,"KEB Hana Bank Official Fixing (Market Average Rate, MAR)",2026-10-01 01:53:36
581,2025_08_20,2025_08,Korea,KRW,대한민국 원,1397.5,Daily,"KEB Hana Bank Official Fixing (Market Average Rate, MAR)",2026-10-01 01:53:36
582,2025_08_21,2025_08,Korea,KRW,대한민국 원,1401.5,Daily,"KEB Hana Bank Official Fixing (Market Average Rate, MAR)",2026-10-01 01:53:36
583,2025_08_22,2025_08,Korea,KRW,대한민국 원,1385.9,Daily,"KEB Hana Bank Official Fixing (Market Average Rate, MAR)",2026-10-01 01:53:36
584,2025_08_25,2025_08,Korea,KRW,대한민국 원,1391.5,Daily,"KEB Hana Bank Official Fixing (Market Average Rate, MAR)",2026-10-01 01:53:36
585,2025_08_26,2025_08,Korea,KRW,대한민국 원,1395.0,Daily,"KEB Hana Bank Official Fixing (Market Average Rate, MAR)",2026-10-01 01:53:36
586,2025_08_27,2025_08,Korea,KRW,대한민국 원,1394.0,Daily,"KEB Hana Bank Official Fixing (Market Average Rate, MAR)",2026-10-01 01:53:36
587,2025_08_28,2025_08,Korea,KRW,대한민국 원,1385.5,Daily,"KEB Hana Bank Official Fixing (Market Average Rate, MAR)",2026-10-01 01:53:36
588,2025_08_29,2025_08,Korea,KRW,대한민국 원,1391.5,Daily,"KEB Hana Bank Official Fixing (Market Average Rate, MAR)",2026-10-01 01:53:36
589,2025_09_01,2025_09,Korea,KRW,대한민국 원,1393.5,Daily,"KEB Hana Bank Official Fixing (Market Average Rate, MAR)",2026-10-01 01:53:36
590,2025_09_02,2025_09,Korea,KRW,대한민국 원,1396.0,Daily,"KEB Hana Bank Official Fixing (Market Average Rate, MAR)",2026-10-01 01:53:36
591,2025_09_03,2025_09,Korea,KRW,대한민국 원,1391.0,Daily,"KEB Hana Bank Official Fixing (Market Average Rate, MAR)",2026-10-01 01:53:36
592,2025_09_04,2025_09,Korea,KRW,대한민국 원,1394.0,Daily,"KEB Hana Bank Official Fixing (Market Average Rate, MAR)",2026-10-01 01:53:36
593,2025_09_05,2025_09,Korea,KRW,대한민국 원,1391.0,Daily,"KEB Hana Bank Official Fixing (Market Average Rate, MAR)",2026-10-01 01:53:36
594,2025_09_08,2025_09,Korea,KRW,대한민국 원,1386.5,Daily,"KEB Hana Bank Official Fixing (Market Average Rate, MAR)",2026-10-01 01:53:36
595,2025_09_09,2025_09,Korea,KRW,대한민국 원,1390.0,Daily,"KEB Hana Bank Official Fixing (Market Average Rate, MAR)",2026-10-01 01:53:36
596,2025_09_10,2025_09,Korea,KRW,대한민국 원,1389.9,Daily,"KEB Hana Bank Official Fixing (Market Average Rate, MAR)",2026-10-01 01:53:36
597,2025_09_11,2025_09,Korea,KRW,대한민국 원,1390.4,Daily,"KEB Hana Bank Official Fixing (Market Average Rate, MAR)",2026-10-01 01:53:36
598,2025_09_12,2025_09,Korea,KRW,대한민국 원,1394.0,Daily,"KEB Hana Bank Official Fixing (Market Average Rate, MAR)",2026-10-01 01:53:36
599,2025_09_15,2025_09,Korea,KRW,대한민국 원,1386.5,Daily,"KEB Hana Bank Official Fixing (Market Average Rate, MAR)",2026-10-01 01:53:36
600,2025_09_16,2025_09,Korea,KRW,대한민국 원,1379.8,Daily,"KEB Hana Bank Official Fixing (Market Average Rate, MAR)",2026-10-01 01:53:36
601,2025_09_17,2025_09,Korea,KRW,대한민국 원,1381.0,Daily,"KEB Hana Bank Official Fixing (Market Average Rate, MAR)",2026-10-01 01:53:36
602,2025_09_18,2025_09,Korea,KRW,대한민국 원,1388.5,Daily,"KEB Hana Bank Official Fixing (Market Average Rate, MAR)",2026-10-01 01:53:36
603,2025_09_19,2025_09,Korea,KRW,대한민국 원,1399.0,Daily,"KEB Hana Bank Official Fixing (Market Average Rate, MAR)",2026-10-01 01:53:36
604,2025_09_22,2025_09,Korea,KRW,대한민국 원,1392.0,Daily,"KEB Hana Bank Official Fixing (Market Average Rate, MAR)",2026-10-01 01:53:36
605,2025_09_23,2025_09,Korea,KRW,대한민국 원,1395.5,Daily,"KEB Hana Bank Official Fixing (Market Average Rate, MAR)",2026-10-01 01:53:36
606,2025_09_24,2025_09,Korea,KRW,대한민국 원,1405.0,Daily,"KEB Hana Bank Official Fixing (Market Average Rate, MAR)",2026-10-01 01:53:36
607,2025_09_25,2025_09,Korea,KRW,대한민국 원,1409.0,Daily,"KEB Hana Bank Official Fixing (Market Average Rate, MAR)",2026-10-01 01:53:36
608,2025_09_26,2025_09,Korea,KRW,대한민국 원,1410.5,Daily,"KEB Hana Bank Official Fixing (Market Average Rate, MAR)",2026-10-01 01:53:36
609,2025_09_29,2025_09,Korea,KRW,대한민국 원,1400.5,Daily,"KEB Hana Bank Official Fixing (Market Average Rate, MAR)",2026-10-01 01:53:36
610,2025_09_30,2025_09,Korea,KRW,대한민국 원,1406.0,Daily,"KEB Hana Bank Official Fixing (Market Average Rate, MAR)",2026-10-01 01:53:36
611,2025_10_01,2025_10,Korea,KRW,대한민국 원,1403.5,Daily,"KEB Hana Bank Official Fixing (Market Average Rate, MAR)",2026-10-01 01:53:36
612,2025_10_02,2025_10,Korea,KRW,대한민국 원,1424.7,Daily,"KEB Hana Bank Official Fixing (Market Average Rate, MAR)",2026-10-01 01:53:36
613,2025_10_10,2025_10,Korea,KRW,대한민국 원,1436.0,Daily,"KEB Hana Bank Official Fixing (Market Average Rate, MAR)",2026-10-01 01:53:36
614,2025_10_13,2025_10,Korea,KRW,대한민국 원,1427.0,Daily,"KEB Hana Bank Official Fixing (Market Average Rate, MAR)",2026-10-01 01:53:36
615,2025_10_14,2025_10,Korea,KRW,대한민국 원,1430.5,Daily,"KEB Hana Bank Official Fixing (Market Average Rate, MAR)",2026-10-01 01:53:36
616,2025_10_15,2025_10,Korea,KRW,대한민국 원,1422.5,Daily,"KEB Hana Bank Official Fixing (Market Average Rate, MAR)",2026-10-01 01:53:36
617,2025_10_16,2025_10,Korea,KRW,대한민국 원,1418.5,Daily,"KEB Hana Bank Official Fixing (Market Average Rate, MAR)",2026-10-01 01:53:36
618,2025_10_17,2025_10,Korea,KRW,대한민국 원,1423.8,Daily,"KEB Hana Bank Official Fixing (Market Average Rate, MAR)",2026-10-01 01:53:36
619,2025_10_20,2025_10,Korea,KRW,대한민국 원,1422.0,Daily,"KEB Hana Bank Official Fixing (Market Average Rate, MAR)",2026-10-01 01:53:36
620,2025_10_21,2025_10,Korea,KRW,대한민국 원,1432.0,Daily,"KEB Hana Bank Official Fixing (Market Average Rate, MAR)",2026-10-01 01:53:36
621,2025_10_22,2025_10,Korea,KRW,대한민국 원,1432.8,Daily,"KEB Hana Bank Official Fixing (Market Average Rate, MAR)",2026-10-01 01:53:36
622,2025_10_23,2025_10,Korea,KRW,대한민국 원,1437.5,Daily,"KEB Hana Bank Official Fixing (Market Average Rate, MAR)",2026-10-01 01:53:36
623,2025_10_24,2025_10,Korea,KRW,대한민국 원,1439.7,Daily,"KEB Hana Bank Official Fixing (Market Average Rate, MAR)",2026-10-01 01:53:36
624,2025_10_27,2025_10,Korea,KRW,대한민국 원,1433.5,Daily,"KEB Hana Bank Official Fixing (Market Average Rate, MAR)",2026-10-01 01:53:36
625,2025_10_28,2025_10,Korea,KRW,대한민국 원,1434.5,Daily,"KEB Hana Bank Official Fixing (Market Average Rate, MAR)",2026-10-01 01:53:36
626,2025_10_29,2025_10,Korea,KRW,대한민국 원,1427.5,Daily,"KEB Hana Bank Official Fixing (Market Average Rate, MAR)",2026-10-01 01:53:36
627,2025_10_30,2025_10,Korea,KRW,대한민국 원,1430.5,Daily,"KEB Hana Bank Official Fixing (Market Average Rate, MAR)",2026-10-01 01:53:36
628,2025_10_31,2025_10,Korea,KRW,대한민국 원,1431.2,Daily,"KEB Hana Bank Official Fixing (Market Average Rate, MAR)",2026-10-01 01:53:36
629,2025_11_03,2025_11,Korea,KRW,대한민국 원,1431.0,Daily,"KEB Hana Bank Official Fixing (Market Average Rate, MAR)",2026-10-01 01:53:36
630,2025_11_04,2025_11,Korea,KRW,대한민국 원,1444.0,Daily,"KEB Hana Bank Official Fixing (Market Average Rate, MAR)",2026-10-01 01:53:36
631,2025_11_05,2025_11,Korea,KRW,대한민국 원,1441.0,Daily,"KEB Hana Bank Official Fixing (Market Average Rate, MAR)",2026-10-01 01:53:36
632,2025_11_06,2025_11,Korea,KRW,대한민국 원,1449.0,Daily,"KEB Hana Bank Official Fixing (Market Average Rate, MAR)",2026-10-01 01:53:36
633,2025_11_07,2025_11,Korea,KRW,대한민국 원,1460.0,Daily,"KEB Hana Bank Official Fixing (Market Average Rate, MAR)",2026-10-01 01:53:36
634,2025_11_10,2025_11,Korea,KRW,대한민국 원,1456.8,Daily,"KEB Hana Bank Official Fixing (Market Average Rate, MAR)",2026-10-01 01:53:36
635,2025_11_11,2025_11,Korea,KRW,대한민국 원,1461.8,Daily,"KEB Hana Bank Official Fixing (Market Average Rate, MAR)",2026-10-01 01:53:36
636,2025_11_12,2025_11,Korea,KRW,대한민국 원,1469.5,Daily,"KEB Hana Bank Official Fixing (Market Average Rate, MAR)",2026-10-01 01:53:36
637,2025_11_13,2025_11,Korea,KRW,대한민국 원,1471.0,Daily,"KEB Hana Bank Official Fixing (Market Average Rate, MAR)",2026-10-01 01:53:36
638,2025_11_14,2025_11,Korea,KRW,대한민국 원,1455.5,Daily,"KEB Hana Bank Official Fixing (Market Average Rate, MAR)",2026-10-01 01:53:36
639,2025_11_17,2025_11,Korea,KRW,대한민국 원,1462.5,Daily,"KEB Hana Bank Official Fixing (Market Average Rate, MAR)",2026-10-01 01:53:36
640,2025_11_18,2025_11,Korea,KRW,대한민국 원,1461.0,Daily,"KEB Hana Bank Official Fixing (Market Average Rate, MAR)",2026-10-01 01:53:36
641,2025_11_19,2025_11,Korea,KRW,대한민국 원,1469.5,Daily,"KEB Hana Bank Official Fixing (Market Average Rate, MAR)",2026-10-01 01:53:36
642,2025_11_20,2025_11,Korea,KRW,대한민국 원,1475.0,Daily,"KEB Hana Bank Official Fixing (Market Average Rate, MAR)",2026-10-01 01:53:36
643,2025_11_21,2025_11,Korea,KRW,대한민국 원,1472.0,Daily,"KEB Hana Bank Official Fixing (Market Average Rate, MAR)",2026-10-01 01:53:36
644,2025_11_24,2025_11,Korea,KRW,대한민국 원,1475.2,Daily,"KEB Hana Bank Official Fixing (Market Average Rate, MAR)",2026-10-01 01:53:36
645,2025_11_25,2025_11,Korea,KRW,대한민국 원,1466.2,Daily,"KEB Hana Bank Official Fixing (Market Average Rate, MAR)",2026-10-01 01:53:36
646,2025_11_26,2025_11,Korea,KRW,대한민국 원,1470.5,Daily,"KEB Hana Bank Official Fixing (Market Average Rate, MAR)",2026-10-01 01:53:36
647,2025_11_27,2025_11,Korea,KRW,대한민국 원,1463.0,Daily,"KEB Hana Bank Official Fixing (Market Average Rate, MAR)",2026-10-01 01:53:36
648,2025_11_28,2025_11,Korea,KRW,대한민국 원,1470.5,Daily,"KEB Hana Bank Official Fixing (Market Average Rate, MAR)",2026-10-01 01:53:36
649,2025_12_01,2025_12,Korea,KRW,대한민국 원,1470.9,Daily,"KEB Hana Bank Official Fixing (Market Average Rate, MAR)",2026-10-01 01:53:36
650,2025_12_02,2025_12,Korea,KRW,대한민국 원,1469.5,Daily,"KEB Hana Bank Official Fixing (Market Average Rate, MAR)",2026-10-01 01:53:36
651,2025_12_03,2025_12,Korea,KRW,대한민국 원,1467.0,Daily,"KEB Hana Bank Official Fixing (Market Average Rate, MAR)",2026-10-01 01:53:36
652,2025_12_04,2025_12,Korea,KRW,대한민국 원,1475.0,Daily,"KEB Hana Bank Official Fixing (Market Average Rate, MAR)",2026-10-01 01:53:36
653,2025_12_05,2025_12,Korea,KRW,대한민국 원,1475.0,Daily,"KEB Hana Bank Official Fixing (Market Average Rate, MAR)",2026-10-01 01:53:36
654,2025_12_08,2025_12,Korea,KRW,대한민국 원,1469.5,Daily,"KEB Hana Bank Official Fixing (Market Average Rate, MAR)",2026-10-01 01:53:36
655,2025_12_09,2025_12,Korea,KRW,대한민국 원,1470.8,Daily,"KEB Hana Bank Official Fixing (Market Average Rate, MAR)",2026-10-01 01:53:36
656,2025_12_10,2025_12,Korea,KRW,대한민국 원,1466.6,Daily,"KEB Hana Bank Official Fixing (Market Average Rate, MAR)",2026-10-01 01:53:36
657,2025_12_11,2025_12,Korea,KRW,대한민국 원,1472.5,Daily,"KEB Hana Bank Official Fixing (Market Average Rate, MAR)",2026-10-01 01:53:36
658,2025_12_12,2025_12,Korea,KRW,대한민국 원,1477.5,Daily,"KEB Hana Bank Official Fixing (Market Average Rate, MAR)",2026-10-01 01:53:36
659,2025_12_15,2025_12,Korea,KRW,대한민국 원,1470.8,Daily,"KEB Hana Bank Official Fixing (Market Average Rate, MAR)",2026-10-01 01:53:36
660,2025_12_16,2025_12,Korea,KRW,대한민국 원,1474.5,Daily,"KEB Hana Bank Official Fixing (Market Average Rate, MAR)",2026-10-01 01:53:36
661,2025_12_17,2025_12,Korea,KRW,대한민국 원,1478.5,Daily,"KEB Hana Bank Official Fixing (Market Average Rate, MAR)",2026-10-01 01:53:36
662,2025_12_18,2025_12,Korea,KRW,대한민국 원,1476.5,Daily,"KEB Hana Bank Official Fixing (Market Average Rate, MAR)",2026-10-01 01:53:36
663,2025_12_19,2025_12,Korea,KRW,대한민국 원,1481.0,Daily,"KEB Hana Bank Official Fixing (Market Average Rate, MAR)",2026-10-01 01:53:36
664,2025_12_22,2025_12,Korea,KRW,대한민국 원,1480.8,Daily,"KEB Hana Bank Official Fixing (Market Average Rate, MAR)",2026-10-01 01:53:36
665,2025_12_23,2025_12,Korea,KRW,대한민국 원,1482.0,Daily,"KEB Hana Bank Official Fixing (Market Average Rate, MAR)",2026-10-01 01:53:36
666,2025_12_24,2025_12,Korea,KRW,대한민국 원,1450.0,Daily,"KEB Hana Bank Official Fixing (Market Average Rate, MAR)",2026-10-01 01:53:36
667,2025_12_26,2025_12,Korea,KRW,대한민국 원,1445.0,Daily,"KEB Hana Bank Official Fixing (Market Average Rate, MAR)",2026-10-01 01:53:36
668,2025_12_29,2025_12,Korea,KRW,대한민국 원,1434.5,Daily,"KEB Hana Bank Official Fixing (Market Average Rate, MAR)",2026-10-01 01:53:36
669,2025_12_30,2025_12,Korea,KRW,대한민국 원,1441.0,Daily,"KEB Hana Bank Official Fixing (Market Average Rate, MAR)",2026-10-01 01:53:36
670,2025_12_31,2025_12,Korea,KRW,대한민국 원,1447.0,Daily,"KEB Hana Bank Official Fixing (Market Average Rate, MAR)",2026-10-01 01:53:36
671,2026_01_02,2026_01,Korea,KRW,대한민국 원,1446.7,Daily,"KEB Hana Bank Official Fixing (Market Average Rate, MAR)",2026-10-01 01:53:36
672,2026_01_05,2026_01,Korea,KRW,대한민국 원,1446.8,Daily,"KEB Hana Bank Official Fixing (Market Average Rate, MAR)",2026-10-01 01:53:36
673,2026_01_06,2026_01,Korea,KRW,대한민국 원,1449.0,Daily,"KEB Hana Bank Official Fixing (Market Average Rate, MAR)",2026-10-01 01:53:36
674,2026_01_07,2026_01,Korea,KRW,대한민국 원,1450.5,Daily,"KEB Hana Bank Official Fixing (Market Average Rate, MAR)",2026-10-01 01:53:36
675,2026_01_08,2026_01,Korea,KRW,대한민국 원,1453.0,Daily,"KEB Hana Bank Official Fixing (Market Average Rate, MAR)",2026-10-01 01:53:36
676,2026_01_09,2026_01,Korea,KRW,대한민국 원,1459.9,Daily,"KEB Hana Bank Official Fixing (Market Average Rate, MAR)",2026-10-01 01:53:36
677,2026_01_12,2026_01,Korea,KRW,대한민국 원,1468.0,Daily,"KEB Hana Bank Official Fixing (Market Average Rate, MAR)",2026-10-01 01:53:36
678,2026_01_13,2026_01,Korea,KRW,대한민국 원,1478.5,Daily,"KEB Hana Bank Official Fixing (Market Average Rate, MAR)",2026-10-01 01:53:36
679,2026_01_14,2026_01,Korea,KRW,대한민국 원,1466.5,Daily,"KEB Hana Bank Official Fixing (Market Average Rate, MAR)",2026-10-01 01:53:36
680,2026_01_15,2026_01,Korea,KRW,대한민국 원,1470.3,Daily,"KEB Hana Bank Official Fixing (Market Average Rate, MAR)",2026-10-01 01:53:36
681,2026_01_16,2026_01,Korea,KRW,대한민국 원,1475.5,Daily,"KEB Hana Bank Official Fixing (Market Average Rate, MAR)",2026-10-01 01:53:36
682,2026_01_19,2026_01,Korea,KRW,대한민국 원,1474.5,Daily,"KEB Hana Bank Official Fixing (Market Average Rate, MAR)",2026-10-01 01:53:36
683,2026_01_20,2026_01,Korea,KRW,대한민국 원,1479.8,Daily,"KEB Hana Bank Official Fixing (Market Average Rate, MAR)",2026-10-01 01:53:36
684,2026_01_21,2026_01,Korea,KRW,대한민국 원,1467.7,Daily,"KEB Hana Bank Official Fixing (Market Average Rate, MAR)",2026-10-01 01:53:36
685,2026_01_22,2026_01,Korea,KRW,대한민국 원,1465.0,Daily,"KEB Hana Bank Official Fixing (Market Average Rate, MAR)",2026-10-01 01:53:36
686,2026_01_23,2026_01,Korea,KRW,대한민국 원,1455.3,Daily,"KEB Hana Bank Official Fixing (Market Average Rate, MAR)",2026-10-01 01:53:36
687,2026_01_26,2026_01,Korea,KRW,대한민국 원,1448.0,Daily,"KEB Hana Bank Official Fixing (Market Average Rate, MAR)",2026-10-01 01:53:36
688,2026_01_27,2026_01,Korea,KRW,대한민국 원,1435.5,Daily,"KEB Hana Bank Official Fixing (Market Average Rate, MAR)",2026-10-01 01:53:36
689,2026_01_28,2026_01,Korea,KRW,대한민국 원,1433.5,Daily,"KEB Hana Bank Official Fixing (Market Average Rate, MAR)",2026-10-01 01:53:36
690,2026_01_29,2026_01,Korea,KRW,대한민국 원,1435.0,Daily,"KEB Hana Bank Official Fixing (Market Average Rate, MAR)",2026-10-01 01:53:36
691,2026_01_30,2026_01,Korea,KRW,대한민국 원,1452.0,Daily,"KEB Hana Bank Official Fixing (Market Average Rate, MAR)",2026-10-01 01:53:36
692,2026_02_02,2026_02,Korea,KRW,대한민국 원,1453.5,Daily,"KEB Hana Bank Official Fixing (Market Average Rate, MAR)",2026-10-01 01:53:36
693,2026_02_03,2026_02,Korea,KRW,대한민국 원,1451.0,Daily,"KEB Hana Bank Official Fixing (Market Average Rate, MAR)",2026-10-01 01:53:36
694,2026_02_04,2026_02,Korea,KRW,대한민국 원,1460.5,Daily,"KEB Hana Bank Official Fixing (Market Average Rate, MAR)",2026-10-01 01:53:36
695,2026_02_05,2026_02,Korea,KRW,대한민국 원,1469.0,Daily,"KEB Hana Bank Official Fixing (Market Average Rate, MAR)",2026-10-01 01:53:36
696,2026_02_06,2026_02,Korea,KRW,대한민국 원,1465.5,Daily,"KEB Hana Bank Official Fixing (Market Average Rate, MAR)",2026-10-01 01:53:36
697,2026_02_09,2026_02,Korea,KRW,대한민국 원,1459.5,Daily,"KEB Hana Bank Official Fixing (Market Average Rate, MAR)",2026-10-01 01:53:36
698,2026_02_10,2026_02,Korea,KRW,대한민국 원,1459.0,Daily,"KEB Hana Bank Official Fixing (Market Average Rate, MAR)",2026-10-01 01:53:36
699,2026_02_11,2026_02,Korea,KRW,대한민국 원,1448.0,Daily,"KEB Hana Bank Official Fixing (Market Average Rate, MAR)",2026-10-01 01:53:36
700,2026_02_12,2026_02,Korea,KRW,대한민국 원,1442.5,Daily,"KEB Hana Bank Official Fixing (Market Average Rate, MAR)",2026-10-01 01:53:36
701,2026_02_13,2026_02,Korea,KRW,대한민국 원,1453.0,Daily,"KEB Hana Bank Official Fixing (Market Average Rate, MAR)",2026-10-01 01:53:36
702,2026_02_19,2026_02,Korea,KRW,대한민국 원,1451.0,Daily,"KEB Hana Bank Official Fixing (Market Average Rate, MAR)",2026-10-01 01:53:36
703,2026_02_20,2026_02,Korea,KRW,대한민국 원,1448.0,Daily,"KEB Hana Bank Official Fixing (Market Average Rate, MAR)",2026-10-01 01:53:36
704,2026_02_23,2026_02,Korea,KRW,대한민국 원,1446.0,Daily,"KEB Hana Bank Official Fixing (Market Average Rate, MAR)",2026-10-01 01:53:36
705,2026_02_24,2026_02,Korea,KRW,대한민국 원,1442.5,Daily,"KEB Hana Bank Official Fixing (Market Average Rate, MAR)",2026-10-01 01:53:36
706,2026_02_25,2026_02,Korea,KRW,대한민국 원,1427.5,Daily,"KEB Hana Bank Official Fixing (Market Average Rate, MAR)",2026-10-01 01:53:36
707,2026_02_26,2026_02,Korea,KRW,대한민국 원,1432.5,Daily,"KEB Hana Bank Official Fixing (Market Average Rate, MAR)",2026-10-01 01:53:36
708,2026_02_27,2026_02,Korea,KRW,대한민국 원,1466.5,Daily,"KEB Hana Bank Official Fixing (Market Average Rate, MAR)",2026-10-01 01:53:36
709,2026_03_03,2026_03,Korea,KRW,대한민국 원,1480.0,Daily,"KEB Hana Bank Official Fixing (Market Average Rate, MAR)",2026-10-01 01:53:36
710,2026_03_04,2026_03,Korea,KRW,대한민국 원,1463.5,Daily,"KEB Hana Bank Official Fixing (Market Average Rate, MAR)",2026-10-01 01:53:36
711,2026_03_05,2026_03,Korea,KRW,대한민국 원,1479.0,Daily,"KEB Hana Bank Official Fixing (Market Average Rate, MAR)",2026-10-01 01:53:36
712,2026_03_06,2026_03,Korea,KRW,대한민국 원,1485.0,Daily,"KEB Hana Bank Official Fixing (Market Average Rate, MAR)",2026-10-01 01:53:36
713,2026_03_09,2026_03,Korea,KRW,대한민국 원,1467.5,Daily,"KEB Hana Bank Official Fixing (Market Average Rate, MAR)",2026-10-01 01:53:36
714,2026_03_10,2026_03,Korea,KRW,대한민국 원,1475.5,Daily,"KEB Hana Bank Official Fixing (Market Average Rate, MAR)",2026-10-01 01:53:36
715,2026_03_11,2026_03,Korea,KRW,대한민국 원,1479.0,Daily,"KEB Hana Bank Official Fixing (Market Average Rate, MAR)",2026-10-01 01:53:36
716,2026_03_12,2026_03,Korea,KRW,대한민국 원,1491.0,Daily,"KEB Hana Bank Official Fixing (Market Average Rate, MAR)",2026-10-01 01:53:36
717,2026_03_13,2026_03,Korea,KRW,대한민국 원,1499.0,Daily,"KEB Hana Bank Official Fixing (Market Average Rate, MAR)",2026-10-01 01:53:36
718,2026_03_16,2026_03,Korea,KRW,대한민국 원,1491.5,Daily,"KEB Hana Bank Official Fixing (Market Average Rate, MAR)",2026-10-01 01:53:36
719,2026_03_17,2026_03,Korea,KRW,대한민국 원,1488.0,Daily,"KEB Hana Bank Official Fixing (Market Average Rate, MAR)",2026-10-01 01:53:36
720,2026_03_18,2026_03,Korea,KRW,대한민국 원,1505.0,Daily,"KEB Hana Bank Official Fixing (Market Average Rate, MAR)",2026-10-01 01:53:36
721,2026_03_19,2026_03,Korea,KRW,대한민국 원,1491.0,Daily,"KEB Hana Bank Official Fixing (Market Average Rate, MAR)",2026-10-01 01:53:36
722,2026_03_20,2026_03,Korea,KRW,대한민국 원,1506.5,Daily,"KEB Hana Bank Official Fixing (Market Average Rate, MAR)",2026-10-01 01:53:36
723,2026_03_23,2026_03,Korea,KRW,대한민국 원,1489.5,Daily,"KEB Hana Bank Official Fixing (Market Average Rate, MAR)",2026-10-01 01:53:36
724,2026_03_24,2026_03,Korea,KRW,대한민국 원,1497.0,Daily,"KEB Hana Bank Official Fixing (Market Average Rate, MAR)",2026-10-01 01:53:36
725,2026_03_25,2026_03,Korea,KRW,대한민국 원,1504.5,Daily,"KEB Hana Bank Official Fixing (Market Average Rate, MAR)",2026-10-01 01:53:36
726,2026_03_26,2026_03,Korea,KRW,대한민국 원,1508.0,Daily,"KEB Hana Bank Official Fixing (Market Average Rate, MAR)",2026-10-01 01:53:36
727,2026_03_27,2026_03,Korea,KRW,대한민국 원,1509.0,Daily,"KEB Hana Bank Official Fixing (Market Average Rate, MAR)",2026-10-01 01:53:36
728,2026_03_30,2026_03,Korea,KRW,대한민국 원,1517.5,Daily,"KEB Hana Bank Official Fixing (Market Average Rate, MAR)",2026-10-01 01:53:36
729,2026_03_31,2026_03,Korea,KRW,대한민국 원,1510.5,Daily,"KEB Hana Bank Official Fixing (Market Average Rate, MAR)",2026-10-01 01:53:36
730,2026_04_01,2026_04,Korea,KRW,대한민국 원,1513.0,Daily,"KEB Hana Bank Official Fixing (Market Average Rate, MAR)",2026-10-01 01:53:36
731,2026_04_02,2026_04,Korea,KRW,대한민국 원,1512.5,Daily,"KEB Hana Bank Official Fixing (Market Average Rate, MAR)",2026-10-01 01:53:36
732,2026_04_03,2026_04,Korea,KRW,대한민국 원,1513.5,Daily,"KEB Hana Bank Official Fixing (Market Average Rate, MAR)",2026-10-01 01:53:36
733,2026_04_06,2026_04,Korea,KRW,대한민국 원,1508.5,Daily,"KEB Hana Bank Official Fixing (Market Average Rate, MAR)",2026-10-01 01:53:36
734,2026_04_07,2026_04,Korea,KRW,대한민국 원,1497.0,Daily,"KEB Hana Bank Official Fixing (Market Average Rate, MAR)",2026-10-01 01:53:36
735,2026_04_08,2026_04,Korea,KRW,대한민국 원,1481.0,Daily,"KEB Hana Bank Official Fixing (Market Average Rate, MAR)",2026-10-01 01:53:36
736,2026_04_09,2026_04,Korea,KRW,대한민국 원,1476.0,Daily,"KEB Hana Bank Official Fixing (Market Average Rate, MAR)",2026-10-01 01:53:36
737,2026_04_10,2026_04,Korea,KRW,대한민국 원,1489.2,Daily,"KEB Hana Bank Official Fixing (Market Average Rate, MAR)",2026-10-01 01:53:36
738,2026_04_13,2026_04,Korea,KRW,대한민국 원,1480.5,Daily,"KEB Hana Bank Official Fixing (Market Average Rate, MAR)",2026-10-01 01:53:36
739,2026_04_14,2026_04,Korea,KRW,대한민국 원,1473.5,Daily,"KEB Hana Bank Official Fixing (Market Average Rate, MAR)",2026-10-01 01:53:36
740,2026_04_15,2026_04,Korea,KRW,대한민국 원,1476.5,Daily,"KEB Hana Bank Official Fixing (Market Average Rate, MAR)",2026-10-01 01:53:36
741,2026_04_16,2026_04,Korea,KRW,대한민국 원,1480.8,Daily,"KEB Hana Bank Official Fixing (Market Average Rate, MAR)",2026-10-01 01:53:36
742,2026_04_17,2026_04,Korea,KRW,대한민국 원,1479.3,Daily,"KEB Hana Bank Official Fixing (Market Average Rate, MAR)",2026-10-01 01:53:36
743,2026_04_20,2026_04,Korea,KRW,대한민국 원,1472.3,Daily,"KEB Hana Bank Official Fixing (Market Average Rate, MAR)",2026-10-01 01:53:36
744,2026_04_21,2026_04,Korea,KRW,대한민국 원,1482.0,Daily,"KEB Hana Bank Official Fixing (Market Average Rate, MAR)",2026-10-01 01:53:36
745,2026_04_22,2026_04,Korea,KRW,대한민국 원,1479.5,Daily,"KEB Hana Bank Official Fixing (Market Average Rate, MAR)",2026-10-01 01:53:36
746,2026_04_23,2026_04,Korea,KRW,대한민국 원,1484.0,Daily,"KEB Hana Bank Official Fixing (Market Average Rate, MAR)",2026-10-01 01:53:36
747,2026_04_24,2026_04,Korea,KRW,대한민국 원,1478.0,Daily,"KEB Hana Bank Official Fixing (Market Average Rate, MAR)",2026-10-01 01:53:36
748,2026_04_27,2026_04,Korea,KRW,대한민국 원,1475.0,Daily,"KEB Hana Bank Official Fixing (Market Average Rate, MAR)",2026-10-01 01:53:36
749,2026_04_28,2026_04,Korea,KRW,대한민국 원,1474.5,Daily,"KEB Hana Bank Official Fixing (Market Average Rate, MAR)",2026-10-01 01:53:36
750,2026_04_29,2026_04,Korea,KRW,대한민국 원,1488.0,Daily,"KEB Hana Bank Official Fixing (Market Average Rate, MAR)",2026-10-01 01:53:36
751,2026_04_30,2026_04,Korea,KRW,대한민국 원,1475.5,Daily,"KEB Hana Bank Official Fixing (Market Average Rate, MAR)",2026-10-01 01:53:36
752,2026_05_04,2026_05,Korea,KRW,대한민국 원,1469.0,Daily,"KEB Hana Bank Official Fixing (Market Average Rate, MAR)",2026-10-01 01:53:36
753,2026_05_06,2026_05,Korea,KRW,대한민국 원,1449.0,Daily,"KEB Hana Bank Official Fixing (Market Average Rate, MAR)",2026-10-01 01:53:36
754,2026_05_07,2026_05,Korea,KRW,대한민국 원,1458.0,Daily,"KEB Hana Bank Official Fixing (Market Average Rate, MAR)",2026-10-01 01:53:36
755,2026_05_08,2026_05,Korea,KRW,대한민국 원,1464.0,Daily,"KEB Hana Bank Official Fixing (Market Average Rate, MAR)",2026-10-01 01:53:36
756,2026_05_11,2026_05,Korea,KRW,대한민국 원,1475.0,Daily,"KEB Hana Bank Official Fixing (Market Average Rate, MAR)",2026-10-01 01:53:36
757,2026_05_12,2026_05,Korea,KRW,대한민국 원,1492.0,Daily,"KEB Hana Bank Official Fixing (Market Average Rate, MAR)",2026-10-01 01:53:36
758,2026_05_13,2026_05,Korea,KRW,대한민국 원,1489.5,Daily,"KEB Hana Bank Official Fixing (Market Average Rate, MAR)",2026-10-01 01:53:36
759,2026_05_14,2026_05,Korea,KRW,대한민국 원,1493.5,Daily,"KEB Hana Bank Official Fixing (Market Average Rate, MAR)",2026-10-01 01:53:36
760,2026_05_15,2026_05,Korea,KRW,대한민국 원,1498.0,Daily,"KEB Hana Bank Official Fixing (Market Average Rate, MAR)",2026-10-01 01:53:36
761,2026_05_18,2026_05,Korea,KRW,대한민국 원,1492.0,Daily,"KEB Hana Bank Official Fixing (Market Average Rate, MAR)",2026-10-01 01:53:36
762,2026_05_19,2026_05,Korea,KRW,대한민국 원,1507.8,Daily,"KEB Hana Bank Official Fixing (Market Average Rate, MAR)",2026-10-01 01:53:36
763,2026_05_20,2026_05,Korea,KRW,대한민국 원,1498.5,Daily,"KEB Hana Bank Official Fixing (Market Average Rate, MAR)",2026-10-01 01:53:36
764,2026_05_21,2026_05,Korea,KRW,대한민국 원,1505.5,Daily,"KEB Hana Bank Official Fixing (Market Average Rate, MAR)",2026-10-01 01:53:36
765,2026_05_22,2026_05,Korea,KRW,대한민국 원,1512.0,Daily,"KEB Hana Bank Official Fixing (Market Average Rate, MAR)",2026-10-01 01:53:36
766,2026_05_26,2026_05,Korea,KRW,대한민국 원,1507.5,Daily,"KEB Hana Bank Official Fixing (Market Average Rate, MAR)",2026-10-01 01:53:36
767,2026_05_27,2026_05,Korea,KRW,대한민국 원,1502.0,Daily,"KEB Hana Bank Official Fixing (Market Average Rate, MAR)",2026-10-01 01:53:36
768,2026_05_28,2026_05,Korea,KRW,대한민국 원,1496.5,Daily,"KEB Hana Bank Official Fixing (Market Average Rate, MAR)",2026-10-01 01:53:36
769,2026_05_29,2026_05,Korea,KRW,대한민국 원,1507.5,Daily,"KEB Hana Bank Official Fixing (Market Average Rate, MAR)",2026-10-01 01:53:36
770,2026_06_01,2026_06,Korea,KRW,대한민국 원,1514.5,Daily,"KEB Hana Bank Official Fixing (Market Average Rate, MAR)",2026-10-01 01:53:36
771,2026_06_02,2026_06,Korea,KRW,대한민국 원,1535.0,Daily,"KEB Hana Bank Official Fixing (Market Average Rate, MAR)",2026-10-01 01:53:36
772,2026_06_04,2026_06,Korea,KRW,대한민국 원,1534.0,Daily,"KEB Hana Bank Official Fixing (Market Average Rate, MAR)",2026-10-01 01:53:36
773,2026_06_05,2026_06,Korea,KRW,대한민국 원,1559.5,Daily,"KEB Hana Bank Official Fixing (Market Average Rate, MAR)",2026-10-01 01:53:36
774,2026_06_08,2026_06,Korea,KRW,대한민국 원,1527.8,Daily,"KEB Hana Bank Official Fixing (Market Average Rate, MAR)",2026-10-01 01:53:36
775,2026_06_09,2026_06,Korea,KRW,대한민국 원,1524.5,Daily,"KEB Hana Bank Official Fixing (Market Average Rate, MAR)",2026-10-01 01:53:36
776,2026_06_10,2026_06,Korea,KRW,대한민국 원,1524.5,Daily,"KEB Hana Bank Official Fixing (Market Average Rate, MAR)",2026-10-01 01:53:36
777,2026_06_11,2026_06,Korea,KRW,대한민국 원,1519.0,Daily,"KEB Hana Bank Official Fixing (Market Average Rate, MAR)",2026-10-01 01:53:36
778,2026_06_12,2026_06,Korea,KRW,대한민국 원,1514.7,Daily,"KEB Hana Bank Official Fixing (Market Average Rate, MAR)",2026-10-01 01:53:36
779,2026_06_15,2026_06,Korea,KRW,대한민국 원,1515.5,Daily,"KEB Hana Bank Official Fixing (Market Average Rate, MAR)",2026-10-01 01:53:36
780,2026_06_16,2026_06,Korea,KRW,대한민국 원,1511.0,Daily,"KEB Hana Bank Official Fixing (Market Average Rate, MAR)",2026-10-01 01:53:36
781,2026_06_17,2026_06,Korea,KRW,대한민국 원,1525.5,Daily,"KEB Hana Bank Official Fixing (Market Average Rate, MAR)",2026-10-01 01:53:36
782,2026_06_18,2026_06,Korea,KRW,대한민국 원,1538.0,Daily,"KEB Hana Bank Official Fixing (Market Average Rate, MAR)",2026-10-01 01:53:36
783,2026_06_19,2026_06,Korea,KRW,대한민국 원,1533.0,Daily,"KEB Hana Bank Official Fixing (Market Average Rate, MAR)",2026-10-01 01:53:36
784,2026_06_22,2026_06,Korea,KRW,대한민국 원,1538.5,Daily,"KEB Hana Bank Official Fixing (Market Average Rate, MAR)",2026-10-01 01:53:36
785,2026_06_23,2026_06,Korea,KRW,대한민국 원,1533.5,Daily,"KEB Hana Bank Official Fixing (Market Average Rate, MAR)",2026-10-01 01:53:36
786,2026_06_24,2026_06,Korea,KRW,대한민국 원,1543.5,Daily,"KEB Hana Bank Official Fixing (Market Average Rate, MAR)",2026-10-01 01:53:36
787,2026_06_25,2026_06,Korea,KRW,대한민국 원,1545.0,Daily,"KEB Hana Bank Official Fixing (Market Average Rate, MAR)",2026-10-01 01:53:36
788,2026_06_26,2026_06,Korea,KRW,대한민국 원,1537.5,Daily,"KEB Hana Bank Official Fixing (Market Average Rate, MAR)",2026-10-01 01:53:36
789,2026_06_29,2026_06,Korea,KRW,대한민국 원,1541.5,Daily,"KEB Hana Bank Official Fixing (Market Average Rate, MAR)",2026-10-01 01:53:36
790,2026_06_30,2026_06,Korea,KRW,대한민국 원,1548.0,Daily,"KEB Hana Bank Official Fixing (Market Average Rate, MAR)",2026-10-01 01:53:36
791,2026_07_01,2026_07,Korea,KRW,대한민국 원,1552.5,Daily,"KEB Hana Bank Official Fixing (Market Average Rate, MAR)",2026-10-01 01:53:36
792,2026_07_02,2026_07,Korea,KRW,대한민국 원,1542.5,Daily,"KEB Hana Bank Official Fixing (Market Average Rate, MAR)",2026-10-01 01:53:36
793,2026_07_03,2026_07,Korea,KRW,대한민국 원,1529.0,Daily,"KEB Hana Bank Official Fixing (Market Average Rate, MAR)",2026-10-01 01:53:36
794,2026_07_06,2026_07,Korea,KRW,대한민국 원,1530.5,Daily,"KEB Hana Bank Official Fixing (Market Average Rate, MAR)",2026-10-01 01:53:36
795,2026_07_07,2026_07,Korea,KRW,대한민국 원,1517.2,Daily,"KEB Hana Bank Official Fixing (Market Average Rate, MAR)",2026-10-01 01:53:36
796,2026_07_08,2026_07,Korea,KRW,대한민국 원,1507.0,Daily,"KEB Hana Bank Official Fixing (Market Average Rate, MAR)",2026-10-01 01:53:36
797,2026_07_09,2026_07,Korea,KRW,대한민국 원,1507.0,Daily,"KEB Hana Bank Official Fixing (Market Average Rate, MAR)",2026-10-01 01:53:36
798,2026_07_10,2026_07,Korea,KRW,대한민국 원,1502.0,Daily,"KEB Hana Bank Official Fixing (Market Average Rate, MAR)",2026-10-01 01:53:36
799,2026_07_13,2026_07,Korea,KRW,대한민국 원,1499.5,Daily,"KEB Hana Bank Official Fixing (Market Average Rate, MAR)",2026-10-01 01:53:36
800,2026_07_14,2026_07,Korea,KRW,대한민국 원,1491.0,Daily,"KEB Hana Bank Official Fixing (Market Average Rate, MAR)",2026-10-01 01:53:36
801,2026_07_15,2026_07,Korea,KRW,대한민국 원,1488.5,Daily,"KEB Hana Bank Official Fixing (Market Average Rate, MAR)",2026-10-01 01:53:36
802,2026_07_16,2026_07,Korea,KRW,대한민국 원,1491.0,Daily,"KEB Hana Bank Official Fixing (Market Average Rate, MAR)",2026-10-01 01:53:36
803,2026_07_20,2026_07,Korea,KRW,대한민국 원,1478.5,Daily,"KEB Hana Bank Official Fixing (Market Average Rate, MAR)",2026-10-01 01:53:36
804,2026_07_21,2026_07,Korea,KRW,대한민국 원,1482.5,Daily,"KEB Hana Bank Official Fixing (Market Average Rate, MAR)",2026-10-01 01:53:36
805,2026_07_22,2026_07,Korea,KRW,대한민국 원,1479.0,Daily,"KEB Hana Bank Official Fixing (Market Average Rate, MAR)",2026-10-01 01:53:36
806,2026_07_23,2026_07,Korea,KRW,대한민국 원,1476.5,Daily,"KEB Hana Bank Official Fixing (Market Average Rate, MAR)",2026-10-01 01:53:36
807,2026_07_24,2026_07,Korea,KRW,대한민국 원,1462.5,Daily,"KEB Hana Bank Official Fixing (Market Average Rate, MAR)",2026-10-01 01:53:36
808,2026_07_27,2026_07,Korea,KRW,대한민국 원,1466.0,Daily,"KEB Hana Bank Official Fixing (Market Average Rate, MAR)",2026-10-01 01:53:36
809,2026_07_28,2026_07,Korea,KRW,대한민국 원,1455.2,Daily,"KEB Hana Bank Official Fixing (Market Average Rate, MAR)",2026-10-01 01:53:36
810,2026_07_29,2026_07,Korea,KRW,대한민국 원,1446.0,Daily,"KEB Hana Bank Official Fixing (Market Average Rate, MAR)",2026-10-01 01:53:36
811,2026_07_30,2026_07,Korea,KRW,대한민국 원,1426.2,Daily,"KEB Hana Bank Official Fixing (Market Average Rate, MAR)",2026-10-01 01:53:36
812,2026_07_31,2026_07,Korea,KRW,대한민국 원,1440.0,Daily,"KEB Hana Bank Official Fixing (Market Average Rate, MAR)",2026-10-01 01:53:36
813,2026_08_03,2026_08,Korea,KRW,대한민국 원,1430.8,Daily,"KEB Hana Bank Official Fixing (Market Average Rate, MAR)",2026-10-01 01:53:36
814,2026_08_04,2026_08,Korea,KRW,대한민국 원,1431.0,Daily,"KEB Hana Bank Official Fixing (Market Average Rate, MAR)",2026-10-01 01:53:36
815,2026_08_05,2026_08,Korea,KRW,대한민국 원,1423.5,Daily,"KEB Hana Bank Official Fixing (Market Average Rate, MAR)",2026-10-01 01:53:36
816,2026_08_06,2026_08,Korea,KRW,대한민국 원,1424.5,Daily,"KEB Hana Bank Official Fixing (Market Average Rate, MAR)",2026-10-01 01:53:36
817,2026_08_07,2026_08,Korea,KRW,대한민국 원,1411.0,Daily,"KEB Hana Bank Official Fixing (Market Average Rate, MAR)",2026-10-01 01:53:36
818,2026_08_10,2026_08,Korea,KRW,대한민국 원,1419.5,Daily,"KEB Hana Bank Official Fixing (Market Average Rate, MAR)",2026-10-01 01:53:36
819,2026_08_11,2026_08,Korea,KRW,대한민국 원,1413.5,Daily,"KEB Hana Bank Official Fixing (Market Average Rate, MAR)",2026-10-01 01:53:36
820,2026_08_12,2026_08,Korea,KRW,대한민국 원,1419.0,Daily,"KEB Hana Bank Official Fixing (Market Average Rate, MAR)",2026-10-01 01:53:36
821,2026_08_13,2026_08,Korea,KRW,대한민국 원,1420.2,Daily,"KEB Hana Bank Official Fixing (Market Average Rate, MAR)",2026-10-01 01:53:36
822,2026_08_14,2026_08,Korea,KRW,대한민국 원,1417.5,Daily,"KEB Hana Bank Official Fixing (Market Average Rate, MAR)",2026-10-01 01:53:36
823,2026_08_18,2026_08,Korea,KRW,대한민국 원,1413.5,Daily,"KEB Hana Bank Official Fixing (Market Average Rate, MAR)",2026-10-01 01:53:36
824,2026_08_19,2026_08,Korea,KRW,대한민국 원,1390.0,Daily,"KEB Hana Bank Official Fixing (Market Average Rate, MAR)",2026-10-01 01:53:36
825,2026_08_20,2026_08,Korea,KRW,대한민국 원,1394.8,Daily,"KEB Hana Bank Official Fixing (Market Average Rate, MAR)",2026-10-01 01:53:36
826,2026_08_21,2026_08,Korea,KRW,대한민국 원,1387.0,Daily,"KEB Hana Bank Official Fixing (Market Average Rate, MAR)",2026-10-01 01:53:36
827,2026_08_24,2026_08,Korea,KRW,대한민국 원,1384.0,Daily,"KEB Hana Bank Official Fixing (Market Average Rate, MAR)",2026-10-01 01:53:36
828,2026_08_25,2026_08,Korea,KRW,대한민국 원,1383.5,Daily,"KEB Hana Bank Official Fixing (Market Average Rate, MAR)",2026-10-01 01:53:36
829,2026_08_26,2026_08,Korea,KRW,대한민국 원,1386.0,Daily,"KEB Hana Bank Official Fixing (Market Average Rate, MAR)",2026-10-01 01:53:36
830,2026_08_27,2026_08,Korea,KRW,대한민국 원,1382.0,Daily,"KEB Hana Bank Official Fixing (Market Average Rate, MAR)",2026-10-01 01:53:36
831,2026_08_28,2026_08,Korea,KRW,대한민국 원,1381.0,Daily,"KEB Hana Bank Official Fixing (Market Average Rate, MAR)",2026-10-01 01:53:36
832,2026_08_31,2026_08,Korea,KRW,대한민국 원,1369.5,Daily,"KEB Hana Bank Official Fixing (Market Average Rate, MAR)",2026-10-01 01:53:36
3510,2026_09_01,2026_09,Korea,KRW,South Korean Won,1375.5,Daily,Hana Bank Official Portal (1st Notice),2026-10-01 07:12:07
3511,2026_09_02,2026_09,Korea,KRW,South Korean Won,1360.3,Daily,Hana Bank Official Portal (1st Notice),2026-10-01 07:12:07
3512,2026_09_03,2026_09,Korea,KRW,South Korean Won,1358.0,Daily,Hana Bank Official Portal (1st Notice),2026-10-01 07:12:07
3513,2026_09_04,2026_09,Korea,KRW,South Korean Won,1349.5,Daily,Hana Bank Official Portal (1st Notice),2026-10-01 07:12:07
3514,2026_09_07,2026_09,Korea,KRW,South Korean Won,1346.0,Daily,Hana Bank Official Portal (1st Notice),2026-10-01 07:12:07
3515,2026_09_08,2026_09,Korea,KRW,South Korean Won,1341.5,Daily,Hana Bank Official Portal (1st Notice),2026-10-01 07:12:07
3516,2026_09_09,2026_09,Korea,KRW,South Korean Won,1340.5,Daily,Hana Bank Official Portal (1st Notice),2026-10-01 07:12:07
3517,2026_09_10,2026_09,Korea,KRW,South Korean Won,1351.0,Daily,Hana Bank Official Portal (1st Notice),2026-10-01 07:12:07
3518,2026_09_11,2026_09,Korea,KRW,South Korean Won,1345.0,Daily,Hana Bank Official Portal (1st Notice),2026-10-01 07:12:07
3519,2026_09_14,2026_09,Korea,KRW,South Korean Won,1348.5,Daily,Hana Bank Official Portal (1st Notice),2026-10-01 07:12:07
3520,2026_09_15,2026_09,Korea,KRW,South Korean Won,1363.7,Daily,Hana Bank Official Portal (1st Notice),2026-10-01 07:12:07
3521,2026_09_16,2026_09,Korea,KRW,South Korean Won,1377.5,Daily,Hana Bank Official Portal (1st Notice),2026-10-01 07:12:07
3522,2026_09_17,2026_09,Korea,KRW,South Korean Won,1381.0,Daily,Hana Bank Official Portal (1st Notice),2026-10-01 07:12:07
3523,2026_09_18,2026_09,Korea,KRW,South Korean Won,1388.0,Daily,Hana Bank Official Portal (1st Notice),2026-10-01 07:12:07
3524,2026_09_21,2026_09,Korea,KRW,South Korean Won,1374.0,Daily,Hana Bank Official Portal (1st Notice),2026-10-01 07:12:07
3525,2026_09_22,2026_09,Korea,KRW,South Korean Won,1355.5,Daily,Hana Bank Official Portal (1st Notice),2026-10-01 07:12:07
3526,2026_09_23,2026_09,Korea,KRW,South Korean Won,1359.0,Daily,Hana Bank Official Portal (1st Notice),2026-10-01 07:12:07
3527,2026_09_28,2026_09,Korea,KRW,South Korean Won,1360.0,Daily,Hana Bank Official Portal (1st Notice),2026-10-01 07:12:07
3528,2026_09_29,2026_09,Korea,KRW,South Korean Won,1351.5,Daily,Hana Bank Official Portal (1st Notice),2026-10-01 07:12:07
3529,2026_09_30,2026_09,Korea,KRW,South Korean Won,1358.0,Daily,Hana Bank Official Portal (1st Notice),2026-10-01 07:12:07
846,2026_10_01,2026_10,Korea,KRW,대한민국 원,1355.7,Daily,Bank of Korea / Seoul Money Brokerage Services (SMBS MAR) / KEB Hana Bank 1st Fixing,2026-10-01 01:53:36
847,2025_01_02,2025_01,Poland,PLN,폴란드 즐로티,4.12,Daily,Narodowy Bank Polski (NBP Official Web API),2026-10-01 01:53:36
848,2025_01_03,2025_01,Poland,PLN,폴란드 즐로티,4.15,Daily,Narodowy Bank Polski (NBP Official Web API),2026-10-01 01:53:36
849,2025_01_07,2025_01,Poland,PLN,폴란드 즐로티,4.08,Daily,Narodowy Bank Polski (NBP Official Web API),2026-10-01 01:53:36
850,2025_01_08,2025_01,Poland,PLN,폴란드 즐로티,4.13,Daily,Narodowy Bank Polski (NBP Official Web API),2026-10-01 01:53:36
851,2025_01_09,2025_01,Poland,PLN,폴란드 즐로티,4.15,Daily,Narodowy Bank Polski (NBP Official Web API),2026-10-01 01:53:36
852,2025_01_10,2025_01,Poland,PLN,폴란드 즐로티,4.14,Daily,Narodowy Bank Polski (NBP Official Web API),2026-10-01 01:53:36
853,2025_01_13,2025_01,Poland,PLN,폴란드 즐로티,4.19,Daily,Narodowy Bank Polski (NBP Official Web API),2026-10-01 01:53:36
854,2025_01_14,2025_01,Poland,PLN,폴란드 즐로티,4.17,Daily,Narodowy Bank Polski (NBP Official Web API),2026-10-01 01:53:36
855,2025_01_15,2025_01,Poland,PLN,폴란드 즐로티,4.13,Daily,Narodowy Bank Polski (NBP Official Web API),2026-10-01 01:53:36
856,2025_01_16,2025_01,Poland,PLN,폴란드 즐로티,4.14,Daily,Narodowy Bank Polski (NBP Official Web API),2026-10-01 01:53:36
857,2025_01_17,2025_01,Poland,PLN,폴란드 즐로티,4.15,Daily,Narodowy Bank Polski (NBP Official Web API),2026-10-01 01:53:36
858,2025_01_20,2025_01,Poland,PLN,폴란드 즐로티,4.13,Daily,Narodowy Bank Polski (NBP Official Web API),2026-10-01 01:53:36
859,2025_01_21,2025_01,Poland,PLN,폴란드 즐로티,4.11,Daily,Narodowy Bank Polski (NBP Official Web API),2026-10-01 01:53:36
860,2025_01_22,2025_01,Poland,PLN,폴란드 즐로티,4.06,Daily,Narodowy Bank Polski (NBP Official Web API),2026-10-01 01:53:36
861,2025_01_23,2025_01,Poland,PLN,폴란드 즐로티,4.05,Daily,Narodowy Bank Polski (NBP Official Web API),2026-10-01 01:53:36
862,2025_01_24,2025_01,Poland,PLN,폴란드 즐로티,4.01,Daily,Narodowy Bank Polski (NBP Official Web API),2026-10-01 01:53:36
863,2025_01_27,2025_01,Poland,PLN,폴란드 즐로티,4.02,Daily,Narodowy Bank Polski (NBP Official Web API),2026-10-01 01:53:36
864,2025_01_28,2025_01,Poland,PLN,폴란드 즐로티,4.03,Daily,Narodowy Bank Polski (NBP Official Web API),2026-10-01 01:53:36
865,2025_01_29,2025_01,Poland,PLN,폴란드 즐로티,4.04,Daily,Narodowy Bank Polski (NBP Official Web API),2026-10-01 01:53:36
866,2025_01_30,2025_01,Poland,PLN,폴란드 즐로티,4.04,Daily,Narodowy Bank Polski (NBP Official Web API),2026-10-01 01:53:36
867,2025_01_31,2025_01,Poland,PLN,폴란드 즐로티,4.06,Daily,Narodowy Bank Polski (NBP Official Web API),2026-10-01 01:53:36
868,2025_02_03,2025_02,Poland,PLN,폴란드 즐로티,4.14,Daily,Narodowy Bank Polski (NBP Official Web API),2026-10-01 01:53:36
869,2025_02_04,2025_02,Poland,PLN,폴란드 즐로티,4.09,Daily,Narodowy Bank Polski (NBP Official Web API),2026-10-01 01:53:36
870,2025_02_05,2025_02,Poland,PLN,폴란드 즐로티,4.04,Daily,Narodowy Bank Polski (NBP Official Web API),2026-10-01 01:53:36
871,2025_02_06,2025_02,Poland,PLN,폴란드 즐로티,4.06,Daily,Narodowy Bank Polski (NBP Official Web API),2026-10-01 01:53:36
872,2025_02_07,2025_02,Poland,PLN,폴란드 즐로티,4.03,Daily,Narodowy Bank Polski (NBP Official Web API),2026-10-01 01:53:36
873,2025_02_10,2025_02,Poland,PLN,폴란드 즐로티,4.05,Daily,Narodowy Bank Polski (NBP Official Web API),2026-10-01 01:53:36
874,2025_02_11,2025_02,Poland,PLN,폴란드 즐로티,4.05,Daily,Narodowy Bank Polski (NBP Official Web API),2026-10-01 01:53:36
875,2025_02_12,2025_02,Poland,PLN,폴란드 즐로티,4.02,Daily,Narodowy Bank Polski (NBP Official Web API),2026-10-01 01:53:36
876,2025_02_13,2025_02,Poland,PLN,폴란드 즐로티,4.0,Daily,Narodowy Bank Polski (NBP Official Web API),2026-10-01 01:53:36
877,2025_02_14,2025_02,Poland,PLN,폴란드 즐로티,3.97,Daily,Narodowy Bank Polski (NBP Official Web API),2026-10-01 01:53:36
878,2025_02_17,2025_02,Poland,PLN,폴란드 즐로티,3.97,Daily,Narodowy Bank Polski (NBP Official Web API),2026-10-01 01:53:36
879,2025_02_18,2025_02,Poland,PLN,폴란드 즐로티,3.97,Daily,Narodowy Bank Polski (NBP Official Web API),2026-10-01 01:53:36
880,2025_02_19,2025_02,Poland,PLN,폴란드 즐로티,3.99,Daily,Narodowy Bank Polski (NBP Official Web API),2026-10-01 01:53:36
881,2025_02_20,2025_02,Poland,PLN,폴란드 즐로티,4.0,Daily,Narodowy Bank Polski (NBP Official Web API),2026-10-01 01:53:36
882,2025_02_21,2025_02,Poland,PLN,폴란드 즐로티,3.98,Daily,Narodowy Bank Polski (NBP Official Web API),2026-10-01 01:53:36
883,2025_02_24,2025_02,Poland,PLN,폴란드 즐로티,3.97,Daily,Narodowy Bank Polski (NBP Official Web API),2026-10-01 01:53:36
884,2025_02_25,2025_02,Poland,PLN,폴란드 즐로티,3.95,Daily,Narodowy Bank Polski (NBP Official Web API),2026-10-01 01:53:36
885,2025_02_26,2025_02,Poland,PLN,폴란드 즐로티,3.94,Daily,Narodowy Bank Polski (NBP Official Web API),2026-10-01 01:53:36
886,2025_02_27,2025_02,Poland,PLN,폴란드 즐로티,3.95,Daily,Narodowy Bank Polski (NBP Official Web API),2026-10-01 01:53:36
887,2025_02_28,2025_02,Poland,PLN,폴란드 즐로티,4.0,Daily,Narodowy Bank Polski (NBP Official Web API),2026-10-01 01:53:36
888,2025_03_03,2025_03,Poland,PLN,폴란드 즐로티,4.01,Daily,Narodowy Bank Polski (NBP Official Web API),2026-10-01 01:53:36
889,2025_03_04,2025_03,Poland,PLN,폴란드 즐로티,3.95,Daily,Narodowy Bank Polski (NBP Official Web API),2026-10-01 01:53:36
890,2025_03_05,2025_03,Poland,PLN,폴란드 즐로티,3.88,Daily,Narodowy Bank Polski (NBP Official Web API),2026-10-01 01:53:36
891,2025_03_06,2025_03,Poland,PLN,폴란드 즐로티,3.87,Daily,Narodowy Bank Polski (NBP Official Web API),2026-10-01 01:53:36
892,2025_03_07,2025_03,Poland,PLN,폴란드 즐로티,3.84,Daily,Narodowy Bank Polski (NBP Official Web API),2026-10-01 01:53:36
893,2025_03_10,2025_03,Poland,PLN,폴란드 즐로티,3.86,Daily,Narodowy Bank Polski (NBP Official Web API),2026-10-01 01:53:36
894,2025_03_11,2025_03,Poland,PLN,폴란드 즐로티,3.85,Daily,Narodowy Bank Polski (NBP Official Web API),2026-10-01 01:53:36
895,2025_03_12,2025_03,Poland,PLN,폴란드 즐로티,3.85,Daily,Narodowy Bank Polski (NBP Official Web API),2026-10-01 01:53:36
896,2025_03_13,2025_03,Poland,PLN,폴란드 즐로티,3.86,Daily,Narodowy Bank Polski (NBP Official Web API),2026-10-01 01:53:36
897,2025_03_14,2025_03,Poland,PLN,폴란드 즐로티,3.85,Daily,Narodowy Bank Polski (NBP Official Web API),2026-10-01 01:53:36
898,2025_03_17,2025_03,Poland,PLN,폴란드 즐로티,3.83,Daily,Narodowy Bank Polski (NBP Official Web API),2026-10-01 01:53:36
899,2025_03_18,2025_03,Poland,PLN,폴란드 즐로티,3.82,Daily,Narodowy Bank Polski (NBP Official Web API),2026-10-01 01:53:36
900,2025_03_19,2025_03,Poland,PLN,폴란드 즐로티,3.85,Daily,Narodowy Bank Polski (NBP Official Web API),2026-10-01 01:53:36
901,2025_03_20,2025_03,Poland,PLN,폴란드 즐로티,3.87,Daily,Narodowy Bank Polski (NBP Official Web API),2026-10-01 01:53:36
902,2025_03_21,2025_03,Poland,PLN,폴란드 즐로티,3.88,Daily,Narodowy Bank Polski (NBP Official Web API),2026-10-01 01:53:36
903,2025_03_24,2025_03,Poland,PLN,폴란드 즐로티,3.86,Daily,Narodowy Bank Polski (NBP Official Web API),2026-10-01 01:53:36
904,2025_03_25,2025_03,Poland,PLN,폴란드 즐로티,3.86,Daily,Narodowy Bank Polski (NBP Official Web API),2026-10-01 01:53:36
905,2025_03_26,2025_03,Poland,PLN,폴란드 즐로티,3.86,Daily,Narodowy Bank Polski (NBP Official Web API),2026-10-01 01:53:36
906,2025_03_27,2025_03,Poland,PLN,폴란드 즐로티,3.89,Daily,Narodowy Bank Polski (NBP Official Web API),2026-10-01 01:53:36
907,2025_03_28,2025_03,Poland,PLN,폴란드 즐로티,3.88,Daily,Narodowy Bank Polski (NBP Official Web API),2026-10-01 01:53:36
908,2025_03_31,2025_03,Poland,PLN,폴란드 즐로티,3.86,Daily,Narodowy Bank Polski (NBP Official Web API),2026-10-01 01:53:36
909,2025_04_01,2025_04,Poland,PLN,폴란드 즐로티,3.87,Daily,Narodowy Bank Polski (NBP Official Web API),2026-10-01 01:53:36
910,2025_04_02,2025_04,Poland,PLN,폴란드 즐로티,3.87,Daily,Narodowy Bank Polski (NBP Official Web API),2026-10-01 01:53:36
911,2025_04_03,2025_04,Poland,PLN,폴란드 즐로티,3.8,Daily,Narodowy Bank Polski (NBP Official Web API),2026-10-01 01:53:36
912,2025_04_04,2025_04,Poland,PLN,폴란드 즐로티,3.86,Daily,Narodowy Bank Polski (NBP Official Web API),2026-10-01 01:53:36
913,2025_04_07,2025_04,Poland,PLN,폴란드 즐로티,3.91,Daily,Narodowy Bank Polski (NBP Official Web API),2026-10-01 01:53:36
914,2025_04_08,2025_04,Poland,PLN,폴란드 즐로티,3.93,Daily,Narodowy Bank Polski (NBP Official Web API),2026-10-01 01:53:36
915,2025_04_09,2025_04,Poland,PLN,폴란드 즐로티,3.88,Daily,Narodowy Bank Polski (NBP Official Web API),2026-10-01 01:53:36
916,2025_04_10,2025_04,Poland,PLN,폴란드 즐로티,3.86,Daily,Narodowy Bank Polski (NBP Official Web API),2026-10-01 01:53:36
917,2025_04_11,2025_04,Poland,PLN,폴란드 즐로티,3.76,Daily,Narodowy Bank Polski (NBP Official Web API),2026-10-01 01:53:36
918,2025_04_14,2025_04,Poland,PLN,폴란드 즐로티,3.76,Daily,Narodowy Bank Polski (NBP Official Web API),2026-10-01 01:53:36
919,2025_04_15,2025_04,Poland,PLN,폴란드 즐로티,3.77,Daily,Narodowy Bank Polski (NBP Official Web API),2026-10-01 01:53:36
920,2025_04_16,2025_04,Poland,PLN,폴란드 즐로티,3.79,Daily,Narodowy Bank Polski (NBP Official Web API),2026-10-01 01:53:36
921,2025_04_17,2025_04,Poland,PLN,폴란드 즐로티,3.77,Daily,Narodowy Bank Polski (NBP Official Web API),2026-10-01 01:53:36
922,2025_04_18,2025_04,Poland,PLN,폴란드 즐로티,3.77,Daily,Narodowy Bank Polski (NBP Official Web API),2026-10-01 01:53:36
923,2025_04_22,2025_04,Poland,PLN,폴란드 즐로티,3.72,Daily,Narodowy Bank Polski (NBP Official Web API),2026-10-01 01:53:36
924,2025_04_23,2025_04,Poland,PLN,폴란드 즐로티,3.76,Daily,Narodowy Bank Polski (NBP Official Web API),2026-10-01 01:53:36
925,2025_04_24,2025_04,Poland,PLN,폴란드 즐로티,3.76,Daily,Narodowy Bank Polski (NBP Official Web API),2026-10-01 01:53:36
926,2025_04_25,2025_04,Poland,PLN,폴란드 즐로티,3.76,Daily,Narodowy Bank Polski (NBP Official Web API),2026-10-01 01:53:36
927,2025_04_28,2025_04,Poland,PLN,폴란드 즐로티,3.77,Daily,Narodowy Bank Polski (NBP Official Web API),2026-10-01 01:53:36
928,2025_04_29,2025_04,Poland,PLN,폴란드 즐로티,3.75,Daily,Narodowy Bank Polski (NBP Official Web API),2026-10-01 01:53:36
929,2025_04_30,2025_04,Poland,PLN,폴란드 즐로티,3.76,Daily,Narodowy Bank Polski (NBP Official Web API),2026-10-01 01:53:36
930,2025_05_02,2025_05,Poland,PLN,폴란드 즐로티,3.77,Daily,Narodowy Bank Polski (NBP Official Web API),2026-10-01 01:53:36
931,2025_05_05,2025_05,Poland,PLN,폴란드 즐로티,3.78,Daily,Narodowy Bank Polski (NBP Official Web API),2026-10-01 01:53:36
932,2025_05_06,2025_05,Poland,PLN,폴란드 즐로티,3.78,Daily,Narodowy Bank Polski (NBP Official Web API),2026-10-01 01:53:36
933,2025_05_07,2025_05,Poland,PLN,폴란드 즐로티,3.76,Daily,Narodowy Bank Polski (NBP Official Web API),2026-10-01 01:53:36
934,2025_05_08,2025_05,Poland,PLN,폴란드 즐로티,3.78,Daily,Narodowy Bank Polski (NBP Official Web API),2026-10-01 01:53:36
935,2025_05_09,2025_05,Poland,PLN,폴란드 즐로티,3.77,Daily,Narodowy Bank Polski (NBP Official Web API),2026-10-01 01:53:36
936,2025_05_12,2025_05,Poland,PLN,폴란드 즐로티,3.8,Daily,Narodowy Bank Polski (NBP Official Web API),2026-10-01 01:53:36
937,2025_05_13,2025_05,Poland,PLN,폴란드 즐로티,3.83,Daily,Narodowy Bank Polski (NBP Official Web API),2026-10-01 01:53:36
938,2025_05_14,2025_05,Poland,PLN,폴란드 즐로티,3.78,Daily,Narodowy Bank Polski (NBP Official Web API),2026-10-01 01:53:36
939,2025_05_15,2025_05,Poland,PLN,폴란드 즐로티,3.78,Daily,Narodowy Bank Polski (NBP Official Web API),2026-10-01 01:53:36
940,2025_05_16,2025_05,Poland,PLN,폴란드 즐로티,3.79,Daily,Narodowy Bank Polski (NBP Official Web API),2026-10-01 01:53:36
941,2025_05_19,2025_05,Poland,PLN,폴란드 즐로티,3.8,Daily,Narodowy Bank Polski (NBP Official Web API),2026-10-01 01:53:36
942,2025_05_20,2025_05,Poland,PLN,폴란드 즐로티,3.77,Daily,Narodowy Bank Polski (NBP Official Web API),2026-10-01 01:53:36
943,2025_05_21,2025_05,Poland,PLN,폴란드 즐로티,3.75,Daily,Narodowy Bank Polski (NBP Official Web API),2026-10-01 01:53:36
944,2025_05_22,2025_05,Poland,PLN,폴란드 즐로티,3.76,Daily,Narodowy Bank Polski (NBP Official Web API),2026-10-01 01:53:36
945,2025_05_23,2025_05,Poland,PLN,폴란드 즐로티,3.75,Daily,Narodowy Bank Polski (NBP Official Web API),2026-10-01 01:53:36
946,2025_05_26,2025_05,Poland,PLN,폴란드 즐로티,3.73,Daily,Narodowy Bank Polski (NBP Official Web API),2026-10-01 01:53:36
947,2025_05_27,2025_05,Poland,PLN,폴란드 즐로티,3.74,Daily,Narodowy Bank Polski (NBP Official Web API),2026-10-01 01:53:36
948,2025_05_28,2025_05,Poland,PLN,폴란드 즐로티,3.75,Daily,Narodowy Bank Polski (NBP Official Web API),2026-10-01 01:53:36
949,2025_05_29,2025_05,Poland,PLN,폴란드 즐로티,3.76,Daily,Narodowy Bank Polski (NBP Official Web API),2026-10-01 01:53:36
950,2025_05_30,2025_05,Poland,PLN,폴란드 즐로티,3.75,Daily,Narodowy Bank Polski (NBP Official Web API),2026-10-01 01:53:36
951,2025_06_02,2025_06,Poland,PLN,폴란드 즐로티,3.73,Daily,Narodowy Bank Polski (NBP Official Web API),2026-10-01 01:53:36
952,2025_06_03,2025_06,Poland,PLN,폴란드 즐로티,3.74,Daily,Narodowy Bank Polski (NBP Official Web API),2026-10-01 01:53:36
953,2025_06_04,2025_06,Poland,PLN,폴란드 즐로티,3.75,Daily,Narodowy Bank Polski (NBP Official Web API),2026-10-01 01:53:36
954,2025_06_05,2025_06,Poland,PLN,폴란드 즐로티,3.75,Daily,Narodowy Bank Polski (NBP Official Web API),2026-10-01 01:53:36
955,2025_06_06,2025_06,Poland,PLN,폴란드 즐로티,3.76,Daily,Narodowy Bank Polski (NBP Official Web API),2026-10-01 01:53:36
956,2025_06_09,2025_06,Poland,PLN,폴란드 즐로티,3.74,Daily,Narodowy Bank Polski (NBP Official Web API),2026-10-01 01:53:36
957,2025_06_10,2025_06,Poland,PLN,폴란드 즐로티,3.74,Daily,Narodowy Bank Polski (NBP Official Web API),2026-10-01 01:53:36
958,2025_06_11,2025_06,Poland,PLN,폴란드 즐로티,3.73,Daily,Narodowy Bank Polski (NBP Official Web API),2026-10-01 01:53:36
959,2025_06_12,2025_06,Poland,PLN,폴란드 즐로티,3.69,Daily,Narodowy Bank Polski (NBP Official Web API),2026-10-01 01:53:36
960,2025_06_13,2025_06,Poland,PLN,폴란드 즐로티,3.71,Daily,Narodowy Bank Polski (NBP Official Web API),2026-10-01 01:53:36
961,2025_06_16,2025_06,Poland,PLN,폴란드 즐로티,3.68,Daily,Narodowy Bank Polski (NBP Official Web API),2026-10-01 01:53:36
962,2025_06_17,2025_06,Poland,PLN,폴란드 즐로티,3.7,Daily,Narodowy Bank Polski (NBP Official Web API),2026-10-01 01:53:36
963,2025_06_18,2025_06,Poland,PLN,폴란드 즐로티,3.71,Daily,Narodowy Bank Polski (NBP Official Web API),2026-10-01 01:53:36
964,2025_06_20,2025_06,Poland,PLN,폴란드 즐로티,3.71,Daily,Narodowy Bank Polski (NBP Official Web API),2026-10-01 01:53:36
965,2025_06_23,2025_06,Poland,PLN,폴란드 즐로티,3.72,Daily,Narodowy Bank Polski (NBP Official Web API),2026-10-01 01:53:36
966,2025_06_24,2025_06,Poland,PLN,폴란드 즐로티,3.68,Daily,Narodowy Bank Polski (NBP Official Web API),2026-10-01 01:53:36
967,2025_06_25,2025_06,Poland,PLN,폴란드 즐로티,3.66,Daily,Narodowy Bank Polski (NBP Official Web API),2026-10-01 01:53:36
968,2025_06_26,2025_06,Poland,PLN,폴란드 즐로티,3.62,Daily,Narodowy Bank Polski (NBP Official Web API),2026-10-01 01:53:36
969,2025_06_27,2025_06,Poland,PLN,폴란드 즐로티,3.62,Daily,Narodowy Bank Polski (NBP Official Web API),2026-10-01 01:53:36
970,2025_06_30,2025_06,Poland,PLN,폴란드 즐로티,3.62,Daily,Narodowy Bank Polski (NBP Official Web API),2026-10-01 01:53:36
971,2025_07_01,2025_07,Poland,PLN,폴란드 즐로티,3.59,Daily,Narodowy Bank Polski (NBP Official Web API),2026-10-01 01:53:36
972,2025_07_02,2025_07,Poland,PLN,폴란드 즐로티,3.61,Daily,Narodowy Bank Polski (NBP Official Web API),2026-10-01 01:53:36
973,2025_07_03,2025_07,Poland,PLN,폴란드 즐로티,3.61,Daily,Narodowy Bank Polski (NBP Official Web API),2026-10-01 01:53:36
974,2025_07_04,2025_07,Poland,PLN,폴란드 즐로티,3.61,Daily,Narodowy Bank Polski (NBP Official Web API),2026-10-01 01:53:36
975,2025_07_07,2025_07,Poland,PLN,폴란드 즐로티,3.63,Daily,Narodowy Bank Polski (NBP Official Web API),2026-10-01 01:53:36
976,2025_07_08,2025_07,Poland,PLN,폴란드 즐로티,3.61,Daily,Narodowy Bank Polski (NBP Official Web API),2026-10-01 01:53:36
977,2025_07_09,2025_07,Poland,PLN,폴란드 즐로티,3.62,Daily,Narodowy Bank Polski (NBP Official Web API),2026-10-01 01:53:36
978,2025_07_10,2025_07,Poland,PLN,폴란드 즐로티,3.62,Daily,Narodowy Bank Polski (NBP Official Web API),2026-10-01 01:53:36
979,2025_07_11,2025_07,Poland,PLN,폴란드 즐로티,3.64,Daily,Narodowy Bank Polski (NBP Official Web API),2026-10-01 01:53:36
980,2025_07_14,2025_07,Poland,PLN,폴란드 즐로티,3.65,Daily,Narodowy Bank Polski (NBP Official Web API),2026-10-01 01:53:36
981,2025_07_15,2025_07,Poland,PLN,폴란드 즐로티,3.64,Daily,Narodowy Bank Polski (NBP Official Web API),2026-10-01 01:53:36
982,2025_07_16,2025_07,Poland,PLN,폴란드 즐로티,3.66,Daily,Narodowy Bank Polski (NBP Official Web API),2026-10-01 01:53:36
983,2025_07_17,2025_07,Poland,PLN,폴란드 즐로티,3.67,Daily,Narodowy Bank Polski (NBP Official Web API),2026-10-01 01:53:36
984,2025_07_18,2025_07,Poland,PLN,폴란드 즐로티,3.65,Daily,Narodowy Bank Polski (NBP Official Web API),2026-10-01 01:53:36
985,2025_07_21,2025_07,Poland,PLN,폴란드 즐로티,3.65,Daily,Narodowy Bank Polski (NBP Official Web API),2026-10-01 01:53:36
986,2025_07_22,2025_07,Poland,PLN,폴란드 즐로티,3.64,Daily,Narodowy Bank Polski (NBP Official Web API),2026-10-01 01:53:36
987,2025_07_23,2025_07,Poland,PLN,폴란드 즐로티,3.63,Daily,Narodowy Bank Polski (NBP Official Web API),2026-10-01 01:53:36
988,2025_07_24,2025_07,Poland,PLN,폴란드 즐로티,3.62,Daily,Narodowy Bank Polski (NBP Official Web API),2026-10-01 01:53:36
989,2025_07_25,2025_07,Poland,PLN,폴란드 즐로티,3.62,Daily,Narodowy Bank Polski (NBP Official Web API),2026-10-01 01:53:36
990,2025_07_28,2025_07,Poland,PLN,폴란드 즐로티,3.64,Daily,Narodowy Bank Polski (NBP Official Web API),2026-10-01 01:53:36
991,2025_07_29,2025_07,Poland,PLN,폴란드 즐로티,3.69,Daily,Narodowy Bank Polski (NBP Official Web API),2026-10-01 01:53:36
992,2025_07_30,2025_07,Poland,PLN,폴란드 즐로티,3.7,Daily,Narodowy Bank Polski (NBP Official Web API),2026-10-01 01:53:36
993,2025_07_31,2025_07,Poland,PLN,폴란드 즐로티,3.73,Daily,Narodowy Bank Polski (NBP Official Web API),2026-10-01 01:53:36
994,2025_08_01,2025_08,Poland,PLN,폴란드 즐로티,3.75,Daily,Narodowy Bank Polski (NBP Official Web API),2026-10-01 01:53:36
995,2025_08_04,2025_08,Poland,PLN,폴란드 즐로티,3.7,Daily,Narodowy Bank Polski (NBP Official Web API),2026-10-01 01:53:36
996,2025_08_05,2025_08,Poland,PLN,폴란드 즐로티,3.71,Daily,Narodowy Bank Polski (NBP Official Web API),2026-10-01 01:53:36
997,2025_08_06,2025_08,Poland,PLN,폴란드 즐로티,3.7,Daily,Narodowy Bank Polski (NBP Official Web API),2026-10-01 01:53:36
998,2025_08_07,2025_08,Poland,PLN,폴란드 즐로티,3.65,Daily,Narodowy Bank Polski (NBP Official Web API),2026-10-01 01:53:36
999,2025_08_08,2025_08,Poland,PLN,폴란드 즐로티,3.66,Daily,Narodowy Bank Polski (NBP Official Web API),2026-10-01 01:53:36
1000,2025_08_11,2025_08,Poland,PLN,폴란드 즐로티,3.65,Daily,Narodowy Bank Polski (NBP Official Web API),2026-10-01 01:53:36
1001,2025_08_12,2025_08,Poland,PLN,폴란드 즐로티,3.67,Daily,Narodowy Bank Polski (NBP Official Web API),2026-10-01 01:53:36
1002,2025_08_13,2025_08,Poland,PLN,폴란드 즐로티,3.64,Daily,Narodowy Bank Polski (NBP Official Web API),2026-10-01 01:53:36
1003,2025_08_14,2025_08,Poland,PLN,폴란드 즐로티,3.65,Daily,Narodowy Bank Polski (NBP Official Web API),2026-10-01 01:53:36
1004,2025_08_18,2025_08,Poland,PLN,폴란드 즐로티,3.64,Daily,Narodowy Bank Polski (NBP Official Web API),2026-10-01 01:53:36
1005,2025_08_19,2025_08,Poland,PLN,폴란드 즐로티,3.63,Daily,Narodowy Bank Polski (NBP Official Web API),2026-10-01 01:53:36
1006,2025_08_20,2025_08,Poland,PLN,폴란드 즐로티,3.65,Daily,Narodowy Bank Polski (NBP Official Web API),2026-10-01 01:53:36
1007,2025_08_21,2025_08,Poland,PLN,폴란드 즐로티,3.65,Daily,Narodowy Bank Polski (NBP Official Web API),2026-10-01 01:53:36
1008,2025_08_22,2025_08,Poland,PLN,폴란드 즐로티,3.68,Daily,Narodowy Bank Polski (NBP Official Web API),2026-10-01 01:53:36
1009,2025_08_25,2025_08,Poland,PLN,폴란드 즐로티,3.64,Daily,Narodowy Bank Polski (NBP Official Web API),2026-10-01 01:53:36
1010,2025_08_26,2025_08,Poland,PLN,폴란드 즐로티,3.67,Daily,Narodowy Bank Polski (NBP Official Web API),2026-10-01 01:53:36
1011,2025_08_27,2025_08,Poland,PLN,폴란드 즐로티,3.68,Daily,Narodowy Bank Polski (NBP Official Web API),2026-10-01 01:53:36
1012,2025_08_28,2025_08,Poland,PLN,폴란드 즐로티,3.67,Daily,Narodowy Bank Polski (NBP Official Web API),2026-10-01 01:53:36
1013,2025_08_29,2025_08,Poland,PLN,폴란드 즐로티,3.66,Daily,Narodowy Bank Polski (NBP Official Web API),2026-10-01 01:53:36
1014,2025_09_01,2025_09,Poland,PLN,폴란드 즐로티,3.63,Daily,Narodowy Bank Polski (NBP Official Web API),2026-10-01 01:53:36
1015,2025_09_02,2025_09,Poland,PLN,폴란드 즐로티,3.66,Daily,Narodowy Bank Polski (NBP Official Web API),2026-10-01 01:53:36
1016,2025_09_03,2025_09,Poland,PLN,폴란드 즐로티,3.65,Daily,Narodowy Bank Polski (NBP Official Web API),2026-10-01 01:53:36
1017,2025_09_04,2025_09,Poland,PLN,폴란드 즐로티,3.65,Daily,Narodowy Bank Polski (NBP Official Web API),2026-10-01 01:53:36
1018,2025_09_05,2025_09,Poland,PLN,폴란드 즐로티,3.64,Daily,Narodowy Bank Polski (NBP Official Web API),2026-10-01 01:53:36
1019,2025_09_08,2025_09,Poland,PLN,폴란드 즐로티,3.62,Daily,Narodowy Bank Polski (NBP Official Web API),2026-10-01 01:53:36
1020,2025_09_09,2025_09,Poland,PLN,폴란드 즐로티,3.62,Daily,Narodowy Bank Polski (NBP Official Web API),2026-10-01 01:53:36
1021,2025_09_10,2025_09,Poland,PLN,폴란드 즐로티,3.64,Daily,Narodowy Bank Polski (NBP Official Web API),2026-10-01 01:53:36
1022,2025_09_11,2025_09,Poland,PLN,폴란드 즐로티,3.65,Daily,Narodowy Bank Polski (NBP Official Web API),2026-10-01 01:53:36
1023,2025_09_12,2025_09,Poland,PLN,폴란드 즐로티,3.63,Daily,Narodowy Bank Polski (NBP Official Web API),2026-10-01 01:53:36
1024,2025_09_15,2025_09,Poland,PLN,폴란드 즐로티,3.62,Daily,Narodowy Bank Polski (NBP Official Web API),2026-10-01 01:53:36
1025,2025_09_16,2025_09,Poland,PLN,폴란드 즐로티,3.6,Daily,Narodowy Bank Polski (NBP Official Web API),2026-10-01 01:53:36
1026,2025_09_17,2025_09,Poland,PLN,폴란드 즐로티,3.59,Daily,Narodowy Bank Polski (NBP Official Web API),2026-10-01 01:53:36
1027,2025_09_18,2025_09,Poland,PLN,폴란드 즐로티,3.6,Daily,Narodowy Bank Polski (NBP Official Web API),2026-10-01 01:53:36
1028,2025_09_19,2025_09,Poland,PLN,폴란드 즐로티,3.63,Daily,Narodowy Bank Polski (NBP Official Web API),2026-10-01 01:53:36
1029,2025_09_22,2025_09,Poland,PLN,폴란드 즐로티,3.63,Daily,Narodowy Bank Polski (NBP Official Web API),2026-10-01 01:53:36
1030,2025_09_23,2025_09,Poland,PLN,폴란드 즐로티,3.6,Daily,Narodowy Bank Polski (NBP Official Web API),2026-10-01 01:53:36
1031,2025_09_24,2025_09,Poland,PLN,폴란드 즐로티,3.63,Daily,Narodowy Bank Polski (NBP Official Web API),2026-10-01 01:53:36
1032,2025_09_25,2025_09,Poland,PLN,폴란드 즐로티,3.63,Daily,Narodowy Bank Polski (NBP Official Web API),2026-10-01 01:53:36
1033,2025_09_26,2025_09,Poland,PLN,폴란드 즐로티,3.65,Daily,Narodowy Bank Polski (NBP Official Web API),2026-10-01 01:53:36
1034,2025_09_29,2025_09,Poland,PLN,폴란드 즐로티,3.64,Daily,Narodowy Bank Polski (NBP Official Web API),2026-10-01 01:53:36
1035,2025_09_30,2025_09,Poland,PLN,폴란드 즐로티,3.63,Daily,Narodowy Bank Polski (NBP Official Web API),2026-10-01 01:53:36
1036,2025_10_01,2025_10,Poland,PLN,폴란드 즐로티,3.62,Daily,Narodowy Bank Polski (NBP Official Web API),2026-10-01 01:53:36
1037,2025_10_02,2025_10,Poland,PLN,폴란드 즐로티,3.62,Daily,Narodowy Bank Polski (NBP Official Web API),2026-10-01 01:53:36
1038,2025_10_03,2025_10,Poland,PLN,폴란드 즐로티,3.63,Daily,Narodowy Bank Polski (NBP Official Web API),2026-10-01 01:53:36
1039,2025_10_06,2025_10,Poland,PLN,폴란드 즐로티,3.64,Daily,Narodowy Bank Polski (NBP Official Web API),2026-10-01 01:53:36
1040,2025_10_07,2025_10,Poland,PLN,폴란드 즐로티,3.65,Daily,Narodowy Bank Polski (NBP Official Web API),2026-10-01 01:53:36
1041,2025_10_08,2025_10,Poland,PLN,폴란드 즐로티,3.66,Daily,Narodowy Bank Polski (NBP Official Web API),2026-10-01 01:53:36
1042,2025_10_09,2025_10,Poland,PLN,폴란드 즐로티,3.67,Daily,Narodowy Bank Polski (NBP Official Web API),2026-10-01 01:53:36
1043,2025_10_10,2025_10,Poland,PLN,폴란드 즐로티,3.68,Daily,Narodowy Bank Polski (NBP Official Web API),2026-10-01 01:53:36
1044,2025_10_13,2025_10,Poland,PLN,폴란드 즐로티,3.68,Daily,Narodowy Bank Polski (NBP Official Web API),2026-10-01 01:53:36
1045,2025_10_14,2025_10,Poland,PLN,폴란드 즐로티,3.69,Daily,Narodowy Bank Polski (NBP Official Web API),2026-10-01 01:53:36
1046,2025_10_15,2025_10,Poland,PLN,폴란드 즐로티,3.66,Daily,Narodowy Bank Polski (NBP Official Web API),2026-10-01 01:53:36
1047,2025_10_16,2025_10,Poland,PLN,폴란드 즐로티,3.65,Daily,Narodowy Bank Polski (NBP Official Web API),2026-10-01 01:53:36
1048,2025_10_17,2025_10,Poland,PLN,폴란드 즐로티,3.64,Daily,Narodowy Bank Polski (NBP Official Web API),2026-10-01 01:53:36
1049,2025_10_20,2025_10,Poland,PLN,폴란드 즐로티,3.63,Daily,Narodowy Bank Polski (NBP Official Web API),2026-10-01 01:53:36
1050,2025_10_21,2025_10,Poland,PLN,폴란드 즐로티,3.65,Daily,Narodowy Bank Polski (NBP Official Web API),2026-10-01 01:53:36
1051,2025_10_22,2025_10,Poland,PLN,폴란드 즐로티,3.66,Daily,Narodowy Bank Polski (NBP Official Web API),2026-10-01 01:53:36
1052,2025_10_23,2025_10,Poland,PLN,폴란드 즐로티,3.65,Daily,Narodowy Bank Polski (NBP Official Web API),2026-10-01 01:53:36
1053,2025_10_24,2025_10,Poland,PLN,폴란드 즐로티,3.65,Daily,Narodowy Bank Polski (NBP Official Web API),2026-10-01 01:53:36
1054,2025_10_27,2025_10,Poland,PLN,폴란드 즐로티,3.64,Daily,Narodowy Bank Polski (NBP Official Web API),2026-10-01 01:53:36
1055,2025_10_28,2025_10,Poland,PLN,폴란드 즐로티,3.63,Daily,Narodowy Bank Polski (NBP Official Web API),2026-10-01 01:53:36
1056,2025_10_29,2025_10,Poland,PLN,폴란드 즐로티,3.64,Daily,Narodowy Bank Polski (NBP Official Web API),2026-10-01 01:53:36
1057,2025_10_30,2025_10,Poland,PLN,폴란드 즐로티,3.65,Daily,Narodowy Bank Polski (NBP Official Web API),2026-10-01 01:53:36
1058,2025_10_31,2025_10,Poland,PLN,폴란드 즐로티,3.68,Daily,Narodowy Bank Polski (NBP Official Web API),2026-10-01 01:53:36
1059,2025_11_03,2025_11,Poland,PLN,폴란드 즐로티,3.69,Daily,Narodowy Bank Polski (NBP Official Web API),2026-10-01 01:53:36
1060,2025_11_04,2025_11,Poland,PLN,폴란드 즐로티,3.7,Daily,Narodowy Bank Polski (NBP Official Web API),2026-10-01 01:53:36
1061,2025_11_05,2025_11,Poland,PLN,폴란드 즐로티,3.71,Daily,Narodowy Bank Polski (NBP Official Web API),2026-10-01 01:53:36
1062,2025_11_06,2025_11,Poland,PLN,폴란드 즐로티,3.7,Daily,Narodowy Bank Polski (NBP Official Web API),2026-10-01 01:53:36
1063,2025_11_07,2025_11,Poland,PLN,폴란드 즐로티,3.68,Daily,Narodowy Bank Polski (NBP Official Web API),2026-10-01 01:53:36
1064,2025_11_10,2025_11,Poland,PLN,폴란드 즐로티,3.66,Daily,Narodowy Bank Polski (NBP Official Web API),2026-10-01 01:53:36
1065,2025_11_12,2025_11,Poland,PLN,폴란드 즐로티,3.66,Daily,Narodowy Bank Polski (NBP Official Web API),2026-10-01 01:53:36
1066,2025_11_13,2025_11,Poland,PLN,폴란드 즐로티,3.64,Daily,Narodowy Bank Polski (NBP Official Web API),2026-10-01 01:53:36
1067,2025_11_14,2025_11,Poland,PLN,폴란드 즐로티,3.64,Daily,Narodowy Bank Polski (NBP Official Web API),2026-10-01 01:53:36
1068,2025_11_17,2025_11,Poland,PLN,폴란드 즐로티,3.64,Daily,Narodowy Bank Polski (NBP Official Web API),2026-10-01 01:53:36
1069,2025_11_18,2025_11,Poland,PLN,폴란드 즐로티,3.65,Daily,Narodowy Bank Polski (NBP Official Web API),2026-10-01 01:53:36
1070,2025_11_19,2025_11,Poland,PLN,폴란드 즐로티,3.67,Daily,Narodowy Bank Polski (NBP Official Web API),2026-10-01 01:53:36
1071,2025_11_20,2025_11,Poland,PLN,폴란드 즐로티,3.67,Daily,Narodowy Bank Polski (NBP Official Web API),2026-10-01 01:53:36
1072,2025_11_21,2025_11,Poland,PLN,폴란드 즐로티,3.69,Daily,Narodowy Bank Polski (NBP Official Web API),2026-10-01 01:53:36
1073,2025_11_24,2025_11,Poland,PLN,폴란드 즐로티,3.67,Daily,Narodowy Bank Polski (NBP Official Web API),2026-10-01 01:53:36
1074,2025_11_25,2025_11,Poland,PLN,폴란드 즐로티,3.67,Daily,Narodowy Bank Polski (NBP Official Web API),2026-10-01 01:53:36
1075,2025_11_26,2025_11,Poland,PLN,폴란드 즐로티,3.66,Daily,Narodowy Bank Polski (NBP Official Web API),2026-10-01 01:53:36
1076,2025_11_27,2025_11,Poland,PLN,폴란드 즐로티,3.65,Daily,Narodowy Bank Polski (NBP Official Web API),2026-10-01 01:53:36
1077,2025_11_28,2025_11,Poland,PLN,폴란드 즐로티,3.66,Daily,Narodowy Bank Polski (NBP Official Web API),2026-10-01 01:53:36
1078,2025_12_01,2025_12,Poland,PLN,폴란드 즐로티,3.64,Daily,Narodowy Bank Polski (NBP Official Web API),2026-10-01 01:53:36
1079,2025_12_02,2025_12,Poland,PLN,폴란드 즐로티,3.65,Daily,Narodowy Bank Polski (NBP Official Web API),2026-10-01 01:53:36
1080,2025_12_03,2025_12,Poland,PLN,폴란드 즐로티,3.63,Daily,Narodowy Bank Polski (NBP Official Web API),2026-10-01 01:53:36
1081,2025_12_04,2025_12,Poland,PLN,폴란드 즐로티,3.62,Daily,Narodowy Bank Polski (NBP Official Web API),2026-10-01 01:53:36
1082,2025_12_05,2025_12,Poland,PLN,폴란드 즐로티,3.63,Daily,Narodowy Bank Polski (NBP Official Web API),2026-10-01 01:53:36
1083,2025_12_08,2025_12,Poland,PLN,폴란드 즐로티,3.63,Daily,Narodowy Bank Polski (NBP Official Web API),2026-10-01 01:53:36
1084,2025_12_09,2025_12,Poland,PLN,폴란드 즐로티,3.63,Daily,Narodowy Bank Polski (NBP Official Web API),2026-10-01 01:53:36
1085,2025_12_10,2025_12,Poland,PLN,폴란드 즐로티,3.63,Daily,Narodowy Bank Polski (NBP Official Web API),2026-10-01 01:53:36
1086,2025_12_11,2025_12,Poland,PLN,폴란드 즐로티,3.61,Daily,Narodowy Bank Polski (NBP Official Web API),2026-10-01 01:53:36
1087,2025_12_12,2025_12,Poland,PLN,폴란드 즐로티,3.6,Daily,Narodowy Bank Polski (NBP Official Web API),2026-10-01 01:53:36
1088,2025_12_15,2025_12,Poland,PLN,폴란드 즐로티,3.59,Daily,Narodowy Bank Polski (NBP Official Web API),2026-10-01 01:53:36
1089,2025_12_16,2025_12,Poland,PLN,폴란드 즐로티,3.59,Daily,Narodowy Bank Polski (NBP Official Web API),2026-10-01 01:53:36
1090,2025_12_17,2025_12,Poland,PLN,폴란드 즐로티,3.6,Daily,Narodowy Bank Polski (NBP Official Web API),2026-10-01 01:53:36
1091,2025_12_18,2025_12,Poland,PLN,폴란드 즐로티,3.59,Daily,Narodowy Bank Polski (NBP Official Web API),2026-10-01 01:53:36
1092,2025_12_19,2025_12,Poland,PLN,폴란드 즐로티,3.59,Daily,Narodowy Bank Polski (NBP Official Web API),2026-10-01 01:53:36
1093,2025_12_22,2025_12,Poland,PLN,폴란드 즐로티,3.59,Daily,Narodowy Bank Polski (NBP Official Web API),2026-10-01 01:53:36
1094,2025_12_23,2025_12,Poland,PLN,폴란드 즐로티,3.58,Daily,Narodowy Bank Polski (NBP Official Web API),2026-10-01 01:53:36
1095,2025_12_29,2025_12,Poland,PLN,폴란드 즐로티,3.59,Daily,Narodowy Bank Polski (NBP Official Web API),2026-10-01 01:53:36
1096,2025_12_30,2025_12,Poland,PLN,폴란드 즐로티,3.59,Daily,Narodowy Bank Polski (NBP Official Web API),2026-10-01 01:53:36
1097,2025_12_31,2025_12,Poland,PLN,폴란드 즐로티,3.6,Daily,Narodowy Bank Polski (NBP Official Web API),2026-10-01 01:53:36
1098,2026_01_02,2026_01,Poland,PLN,폴란드 즐로티,3.6,Daily,Narodowy Bank Polski (NBP Official Web API),2026-10-01 01:53:36
1099,2026_01_05,2026_01,Poland,PLN,폴란드 즐로티,3.6,Daily,Narodowy Bank Polski (NBP Official Web API),2026-10-01 01:53:36
1100,2026_01_07,2026_01,Poland,PLN,폴란드 즐로티,3.6,Daily,Narodowy Bank Polski (NBP Official Web API),2026-10-01 01:53:36
1101,2026_01_08,2026_01,Poland,PLN,폴란드 즐로티,3.61,Daily,Narodowy Bank Polski (NBP Official Web API),2026-10-01 01:53:36
1102,2026_01_09,2026_01,Poland,PLN,폴란드 즐로티,3.62,Daily,Narodowy Bank Polski (NBP Official Web API),2026-10-01 01:53:36
1103,2026_01_12,2026_01,Poland,PLN,폴란드 즐로티,3.6,Daily,Narodowy Bank Polski (NBP Official Web API),2026-10-01 01:53:36
1104,2026_01_13,2026_01,Poland,PLN,폴란드 즐로티,3.61,Daily,Narodowy Bank Polski (NBP Official Web API),2026-10-01 01:53:36
1105,2026_01_14,2026_01,Poland,PLN,폴란드 즐로티,3.61,Daily,Narodowy Bank Polski (NBP Official Web API),2026-10-01 01:53:36
1106,2026_01_15,2026_01,Poland,PLN,폴란드 즐로티,3.62,Daily,Narodowy Bank Polski (NBP Official Web API),2026-10-01 01:53:36
1107,2026_01_16,2026_01,Poland,PLN,폴란드 즐로티,3.63,Daily,Narodowy Bank Polski (NBP Official Web API),2026-10-01 01:53:36
1108,2026_01_19,2026_01,Poland,PLN,폴란드 즐로티,3.63,Daily,Narodowy Bank Polski (NBP Official Web API),2026-10-01 01:53:36
1109,2026_01_20,2026_01,Poland,PLN,폴란드 즐로티,3.61,Daily,Narodowy Bank Polski (NBP Official Web API),2026-10-01 01:53:36
1110,2026_01_21,2026_01,Poland,PLN,폴란드 즐로티,3.61,Daily,Narodowy Bank Polski (NBP Official Web API),2026-10-01 01:53:36
1111,2026_01_22,2026_01,Poland,PLN,폴란드 즐로티,3.6,Daily,Narodowy Bank Polski (NBP Official Web API),2026-10-01 01:53:36
1112,2026_01_23,2026_01,Poland,PLN,폴란드 즐로티,3.58,Daily,Narodowy Bank Polski (NBP Official Web API),2026-10-01 01:53:36
1113,2026_01_26,2026_01,Poland,PLN,폴란드 즐로티,3.55,Daily,Narodowy Bank Polski (NBP Official Web API),2026-10-01 01:53:36
1114,2026_01_27,2026_01,Poland,PLN,폴란드 즐로티,3.54,Daily,Narodowy Bank Polski (NBP Official Web API),2026-10-01 01:53:36
1115,2026_01_28,2026_01,Poland,PLN,폴란드 즐로티,3.5,Daily,Narodowy Bank Polski (NBP Official Web API),2026-10-01 01:53:36
1116,2026_01_29,2026_01,Poland,PLN,폴란드 즐로티,3.52,Daily,Narodowy Bank Polski (NBP Official Web API),2026-10-01 01:53:36
1117,2026_01_30,2026_01,Poland,PLN,폴란드 즐로티,3.54,Daily,Narodowy Bank Polski (NBP Official Web API),2026-10-01 01:53:36
1118,2026_02_02,2026_02,Poland,PLN,폴란드 즐로티,3.55,Daily,Narodowy Bank Polski (NBP Official Web API),2026-10-01 01:53:36
1119,2026_02_03,2026_02,Poland,PLN,폴란드 즐로티,3.58,Daily,Narodowy Bank Polski (NBP Official Web API),2026-10-01 01:53:36
1120,2026_02_04,2026_02,Poland,PLN,폴란드 즐로티,3.58,Daily,Narodowy Bank Polski (NBP Official Web API),2026-10-01 01:53:36
1121,2026_02_05,2026_02,Poland,PLN,폴란드 즐로티,3.58,Daily,Narodowy Bank Polski (NBP Official Web API),2026-10-01 01:53:36
1122,2026_02_06,2026_02,Poland,PLN,폴란드 즐로티,3.57,Daily,Narodowy Bank Polski (NBP Official Web API),2026-10-01 01:53:36
1123,2026_02_09,2026_02,Poland,PLN,폴란드 즐로티,3.55,Daily,Narodowy Bank Polski (NBP Official Web API),2026-10-01 01:53:36
1124,2026_02_10,2026_02,Poland,PLN,폴란드 즐로티,3.54,Daily,Narodowy Bank Polski (NBP Official Web API),2026-10-01 01:53:36
1125,2026_02_11,2026_02,Poland,PLN,폴란드 즐로티,3.54,Daily,Narodowy Bank Polski (NBP Official Web API),2026-10-01 01:53:36
1126,2026_02_12,2026_02,Poland,PLN,폴란드 즐로티,3.54,Daily,Narodowy Bank Polski (NBP Official Web API),2026-10-01 01:53:36
1127,2026_02_13,2026_02,Poland,PLN,폴란드 즐로티,3.55,Daily,Narodowy Bank Polski (NBP Official Web API),2026-10-01 01:53:36
1128,2026_02_16,2026_02,Poland,PLN,폴란드 즐로티,3.55,Daily,Narodowy Bank Polski (NBP Official Web API),2026-10-01 01:53:36
1129,2026_02_17,2026_02,Poland,PLN,폴란드 즐로티,3.56,Daily,Narodowy Bank Polski (NBP Official Web API),2026-10-01 01:53:36
1130,2026_02_18,2026_02,Poland,PLN,폴란드 즐로티,3.56,Daily,Narodowy Bank Polski (NBP Official Web API),2026-10-01 01:53:36
1131,2026_02_19,2026_02,Poland,PLN,폴란드 즐로티,3.58,Daily,Narodowy Bank Polski (NBP Official Web API),2026-10-01 01:53:36
1132,2026_02_20,2026_02,Poland,PLN,폴란드 즐로티,3.59,Daily,Narodowy Bank Polski (NBP Official Web API),2026-10-01 01:53:36
1133,2026_02_23,2026_02,Poland,PLN,폴란드 즐로티,3.57,Daily,Narodowy Bank Polski (NBP Official Web API),2026-10-01 01:53:36
1134,2026_02_24,2026_02,Poland,PLN,폴란드 즐로티,3.58,Daily,Narodowy Bank Polski (NBP Official Web API),2026-10-01 01:53:36
1135,2026_02_25,2026_02,Poland,PLN,폴란드 즐로티,3.58,Daily,Narodowy Bank Polski (NBP Official Web API),2026-10-01 01:53:36
1136,2026_02_26,2026_02,Poland,PLN,폴란드 즐로티,3.58,Daily,Narodowy Bank Polski (NBP Official Web API),2026-10-01 01:53:36
1137,2026_02_27,2026_02,Poland,PLN,폴란드 즐로티,3.58,Daily,Narodowy Bank Polski (NBP Official Web API),2026-10-01 01:53:36
1138,2026_03_02,2026_03,Poland,PLN,폴란드 즐로티,3.61,Daily,Narodowy Bank Polski (NBP Official Web API),2026-10-01 01:53:36
1139,2026_03_03,2026_03,Poland,PLN,폴란드 즐로티,3.68,Daily,Narodowy Bank Polski (NBP Official Web API),2026-10-01 01:53:36
1140,2026_03_04,2026_03,Poland,PLN,폴란드 즐로티,3.68,Daily,Narodowy Bank Polski (NBP Official Web API),2026-10-01 01:53:36
1141,2026_03_05,2026_03,Poland,PLN,폴란드 즐로티,3.68,Daily,Narodowy Bank Polski (NBP Official Web API),2026-10-01 01:53:36
1142,2026_03_06,2026_03,Poland,PLN,폴란드 즐로티,3.7,Daily,Narodowy Bank Polski (NBP Official Web API),2026-10-01 01:53:36
1143,2026_03_09,2026_03,Poland,PLN,폴란드 즐로티,3.71,Daily,Narodowy Bank Polski (NBP Official Web API),2026-10-01 01:53:36
1144,2026_03_10,2026_03,Poland,PLN,폴란드 즐로티,3.65,Daily,Narodowy Bank Polski (NBP Official Web API),2026-10-01 01:53:36
1145,2026_03_11,2026_03,Poland,PLN,폴란드 즐로티,3.69,Daily,Narodowy Bank Polski (NBP Official Web API),2026-10-01 01:53:36
1146,2026_03_12,2026_03,Poland,PLN,폴란드 즐로티,3.69,Daily,Narodowy Bank Polski (NBP Official Web API),2026-10-01 01:53:36
1147,2026_03_13,2026_03,Poland,PLN,폴란드 즐로티,3.73,Daily,Narodowy Bank Polski (NBP Official Web API),2026-10-01 01:53:36
1148,2026_03_16,2026_03,Poland,PLN,폴란드 즐로티,3.73,Daily,Narodowy Bank Polski (NBP Official Web API),2026-10-01 01:53:36
1149,2026_03_17,2026_03,Poland,PLN,폴란드 즐로티,3.7,Daily,Narodowy Bank Polski (NBP Official Web API),2026-10-01 01:53:36
1150,2026_03_18,2026_03,Poland,PLN,폴란드 즐로티,3.69,Daily,Narodowy Bank Polski (NBP Official Web API),2026-10-01 01:53:36
1151,2026_03_19,2026_03,Poland,PLN,폴란드 즐로티,3.73,Daily,Narodowy Bank Polski (NBP Official Web API),2026-10-01 01:53:36
1152,2026_03_20,2026_03,Poland,PLN,폴란드 즐로티,3.7,Daily,Narodowy Bank Polski (NBP Official Web API),2026-10-01 01:53:36
1153,2026_03_23,2026_03,Poland,PLN,폴란드 즐로티,3.73,Daily,Narodowy Bank Polski (NBP Official Web API),2026-10-01 01:53:36
1154,2026_03_24,2026_03,Poland,PLN,폴란드 즐로티,3.69,Daily,Narodowy Bank Polski (NBP Official Web API),2026-10-01 01:53:36
1155,2026_03_25,2026_03,Poland,PLN,폴란드 즐로티,3.68,Daily,Narodowy Bank Polski (NBP Official Web API),2026-10-01 01:53:36
1156,2026_03_26,2026_03,Poland,PLN,폴란드 즐로티,3.69,Daily,Narodowy Bank Polski (NBP Official Web API),2026-10-01 01:53:36
1157,2026_03_27,2026_03,Poland,PLN,폴란드 즐로티,3.72,Daily,Narodowy Bank Polski (NBP Official Web API),2026-10-01 01:53:36
1158,2026_03_30,2026_03,Poland,PLN,폴란드 즐로티,3.73,Daily,Narodowy Bank Polski (NBP Official Web API),2026-10-01 01:53:36
1159,2026_03_31,2026_03,Poland,PLN,폴란드 즐로티,3.74,Daily,Narodowy Bank Polski (NBP Official Web API),2026-10-01 01:53:36
1160,2026_04_01,2026_04,Poland,PLN,폴란드 즐로티,3.7,Daily,Narodowy Bank Polski (NBP Official Web API),2026-10-01 01:53:36
1161,2026_04_02,2026_04,Poland,PLN,폴란드 즐로티,3.72,Daily,Narodowy Bank Polski (NBP Official Web API),2026-10-01 01:53:36
1162,2026_04_03,2026_04,Poland,PLN,폴란드 즐로티,3.71,Daily,Narodowy Bank Polski (NBP Official Web API),2026-10-01 01:53:36
1163,2026_04_07,2026_04,Poland,PLN,폴란드 즐로티,3.69,Daily,Narodowy Bank Polski (NBP Official Web API),2026-10-01 01:53:36
1164,2026_04_08,2026_04,Poland,PLN,폴란드 즐로티,3.65,Daily,Narodowy Bank Polski (NBP Official Web API),2026-10-01 01:53:36
1165,2026_04_09,2026_04,Poland,PLN,폴란드 즐로티,3.65,Daily,Narodowy Bank Polski (NBP Official Web API),2026-10-01 01:53:36
1166,2026_04_10,2026_04,Poland,PLN,폴란드 즐로티,3.64,Daily,Narodowy Bank Polski (NBP Official Web API),2026-10-01 01:53:36
1167,2026_04_13,2026_04,Poland,PLN,폴란드 즐로티,3.64,Daily,Narodowy Bank Polski (NBP Official Web API),2026-10-01 01:53:36
1168,2026_04_14,2026_04,Poland,PLN,폴란드 즐로티,3.6,Daily,Narodowy Bank Polski (NBP Official Web API),2026-10-01 01:53:36
1169,2026_04_15,2026_04,Poland,PLN,폴란드 즐로티,3.59,Daily,Narodowy Bank Polski (NBP Official Web API),2026-10-01 01:53:36
1170,2026_04_16,2026_04,Poland,PLN,폴란드 즐로티,3.6,Daily,Narodowy Bank Polski (NBP Official Web API),2026-10-01 01:53:36
1171,2026_04_17,2026_04,Poland,PLN,폴란드 즐로티,3.59,Daily,Narodowy Bank Polski (NBP Official Web API),2026-10-01 01:53:36
1172,2026_04_20,2026_04,Poland,PLN,폴란드 즐로티,3.6,Daily,Narodowy Bank Polski (NBP Official Web API),2026-10-01 01:53:36
1173,2026_04_21,2026_04,Poland,PLN,폴란드 즐로티,3.6,Daily,Narodowy Bank Polski (NBP Official Web API),2026-10-01 01:53:36
1174,2026_04_22,2026_04,Poland,PLN,폴란드 즐로티,3.61,Daily,Narodowy Bank Polski (NBP Official Web API),2026-10-01 01:53:36
1175,2026_04_23,2026_04,Poland,PLN,폴란드 즐로티,3.63,Daily,Narodowy Bank Polski (NBP Official Web API),2026-10-01 01:53:36
1176,2026_04_24,2026_04,Poland,PLN,폴란드 즐로티,3.63,Daily,Narodowy Bank Polski (NBP Official Web API),2026-10-01 01:53:36
1177,2026_04_27,2026_04,Poland,PLN,폴란드 즐로티,3.61,Daily,Narodowy Bank Polski (NBP Official Web API),2026-10-01 01:53:36
1178,2026_04_28,2026_04,Poland,PLN,폴란드 즐로티,3.63,Daily,Narodowy Bank Polski (NBP Official Web API),2026-10-01 01:53:36
1179,2026_04_29,2026_04,Poland,PLN,폴란드 즐로티,3.64,Daily,Narodowy Bank Polski (NBP Official Web API),2026-10-01 01:53:36
1180,2026_04_30,2026_04,Poland,PLN,폴란드 즐로티,3.65,Daily,Narodowy Bank Polski (NBP Official Web API),2026-10-01 01:53:36
1181,2026_05_04,2026_05,Poland,PLN,폴란드 즐로티,3.63,Daily,Narodowy Bank Polski (NBP Official Web API),2026-10-01 01:53:36
1182,2026_05_05,2026_05,Poland,PLN,폴란드 즐로티,3.64,Daily,Narodowy Bank Polski (NBP Official Web API),2026-10-01 01:53:36
1183,2026_05_06,2026_05,Poland,PLN,폴란드 즐로티,3.6,Daily,Narodowy Bank Polski (NBP Official Web API),2026-10-01 01:53:36
1184,2026_05_07,2026_05,Poland,PLN,폴란드 즐로티,3.59,Daily,Narodowy Bank Polski (NBP Official Web API),2026-10-01 01:53:36
1185,2026_05_08,2026_05,Poland,PLN,폴란드 즐로티,3.59,Daily,Narodowy Bank Polski (NBP Official Web API),2026-10-01 01:53:36
1186,2026_05_11,2026_05,Poland,PLN,폴란드 즐로티,3.6,Daily,Narodowy Bank Polski (NBP Official Web API),2026-10-01 01:53:36
1187,2026_05_12,2026_05,Poland,PLN,폴란드 즐로티,3.62,Daily,Narodowy Bank Polski (NBP Official Web API),2026-10-01 01:53:36
1188,2026_05_13,2026_05,Poland,PLN,폴란드 즐로티,3.63,Daily,Narodowy Bank Polski (NBP Official Web API),2026-10-01 01:53:36
1189,2026_05_14,2026_05,Poland,PLN,폴란드 즐로티,3.62,Daily,Narodowy Bank Polski (NBP Official Web API),2026-10-01 01:53:36
1190,2026_05_15,2026_05,Poland,PLN,폴란드 즐로티,3.65,Daily,Narodowy Bank Polski (NBP Official Web API),2026-10-01 01:53:36
1191,2026_05_18,2026_05,Poland,PLN,폴란드 즐로티,3.65,Daily,Narodowy Bank Polski (NBP Official Web API),2026-10-01 01:53:36
1192,2026_05_19,2026_05,Poland,PLN,폴란드 즐로티,3.65,Daily,Narodowy Bank Polski (NBP Official Web API),2026-10-01 01:53:36
1193,2026_05_20,2026_05,Poland,PLN,폴란드 즐로티,3.67,Daily,Narodowy Bank Polski (NBP Official Web API),2026-10-01 01:53:36
1194,2026_05_21,2026_05,Poland,PLN,폴란드 즐로티,3.65,Daily,Narodowy Bank Polski (NBP Official Web API),2026-10-01 01:53:36
1195,2026_05_22,2026_05,Poland,PLN,폴란드 즐로티,3.66,Daily,Narodowy Bank Polski (NBP Official Web API),2026-10-01 01:53:36
1196,2026_05_25,2026_05,Poland,PLN,폴란드 즐로티,3.64,Daily,Narodowy Bank Polski (NBP Official Web API),2026-10-01 01:53:36
1197,2026_05_26,2026_05,Poland,PLN,폴란드 즐로티,3.64,Daily,Narodowy Bank Polski (NBP Official Web API),2026-10-01 01:53:36
1198,2026_05_27,2026_05,Poland,PLN,폴란드 즐로티,3.64,Daily,Narodowy Bank Polski (NBP Official Web API),2026-10-01 01:53:36
1199,2026_05_28,2026_05,Poland,PLN,폴란드 즐로티,3.65,Daily,Narodowy Bank Polski (NBP Official Web API),2026-10-01 01:53:36
1200,2026_05_29,2026_05,Poland,PLN,폴란드 즐로티,3.64,Daily,Narodowy Bank Polski (NBP Official Web API),2026-10-01 01:53:36
1201,2026_06_01,2026_06,Poland,PLN,폴란드 즐로티,3.63,Daily,Narodowy Bank Polski (NBP Official Web API),2026-10-01 01:53:36
1202,2026_06_02,2026_06,Poland,PLN,폴란드 즐로티,3.64,Daily,Narodowy Bank Polski (NBP Official Web API),2026-10-01 01:53:36
1203,2026_06_03,2026_06,Poland,PLN,폴란드 즐로티,3.66,Daily,Narodowy Bank Polski (NBP Official Web API),2026-10-01 01:53:36
1204,2026_06_05,2026_06,Poland,PLN,폴란드 즐로티,3.64,Daily,Narodowy Bank Polski (NBP Official Web API),2026-10-01 01:53:36
1205,2026_06_08,2026_06,Poland,PLN,폴란드 즐로티,3.69,Daily,Narodowy Bank Polski (NBP Official Web API),2026-10-01 01:53:36
1206,2026_06_09,2026_06,Poland,PLN,폴란드 즐로티,3.67,Daily,Narodowy Bank Polski (NBP Official Web API),2026-10-01 01:53:36
1207,2026_06_10,2026_06,Poland,PLN,폴란드 즐로티,3.68,Daily,Narodowy Bank Polski (NBP Official Web API),2026-10-01 01:53:36
1208,2026_06_11,2026_06,Poland,PLN,폴란드 즐로티,3.69,Daily,Narodowy Bank Polski (NBP Official Web API),2026-10-01 01:53:36
1209,2026_06_12,2026_06,Poland,PLN,폴란드 즐로티,3.67,Daily,Narodowy Bank Polski (NBP Official Web API),2026-10-01 01:53:36
1210,2026_06_15,2026_06,Poland,PLN,폴란드 즐로티,3.66,Daily,Narodowy Bank Polski (NBP Official Web API),2026-10-01 01:53:36
1211,2026_06_16,2026_06,Poland,PLN,폴란드 즐로티,3.66,Daily,Narodowy Bank Polski (NBP Official Web API),2026-10-01 01:53:36
1212,2026_06_17,2026_06,Poland,PLN,폴란드 즐로티,3.65,Daily,Narodowy Bank Polski (NBP Official Web API),2026-10-01 01:53:36
1213,2026_06_18,2026_06,Poland,PLN,폴란드 즐로티,3.71,Daily,Narodowy Bank Polski (NBP Official Web API),2026-10-01 01:53:36
1214,2026_06_19,2026_06,Poland,PLN,폴란드 즐로티,3.72,Daily,Narodowy Bank Polski (NBP Official Web API),2026-10-01 01:53:36
1215,2026_06_22,2026_06,Poland,PLN,폴란드 즐로티,3.73,Daily,Narodowy Bank Polski (NBP Official Web API),2026-10-01 01:53:36
1216,2026_06_23,2026_06,Poland,PLN,폴란드 즐로티,3.76,Daily,Narodowy Bank Polski (NBP Official Web API),2026-10-01 01:53:36
1217,2026_06_24,2026_06,Poland,PLN,폴란드 즐로티,3.78,Daily,Narodowy Bank Polski (NBP Official Web API),2026-10-01 01:53:36
1218,2026_06_25,2026_06,Poland,PLN,폴란드 즐로티,3.77,Daily,Narodowy Bank Polski (NBP Official Web API),2026-10-01 01:53:36
1219,2026_06_26,2026_06,Poland,PLN,폴란드 즐로티,3.76,Daily,Narodowy Bank Polski (NBP Official Web API),2026-10-01 01:53:36
1220,2026_06_29,2026_06,Poland,PLN,폴란드 즐로티,3.76,Daily,Narodowy Bank Polski (NBP Official Web API),2026-10-01 01:53:36
1221,2026_06_30,2026_06,Poland,PLN,폴란드 즐로티,3.77,Daily,Narodowy Bank Polski (NBP Official Web API),2026-10-01 01:53:36
1222,2026_07_01,2026_07,Poland,PLN,폴란드 즐로티,3.77,Daily,Narodowy Bank Polski (NBP Official Web API),2026-10-01 01:53:36
1223,2026_07_02,2026_07,Poland,PLN,폴란드 즐로티,3.76,Daily,Narodowy Bank Polski (NBP Official Web API),2026-10-01 01:53:36
1224,2026_07_03,2026_07,Poland,PLN,폴란드 즐로티,3.74,Daily,Narodowy Bank Polski (NBP Official Web API),2026-10-01 01:53:36
1225,2026_07_06,2026_07,Poland,PLN,폴란드 즐로티,3.75,Daily,Narodowy Bank Polski (NBP Official Web API),2026-10-01 01:53:36
1226,2026_07_07,2026_07,Poland,PLN,폴란드 즐로티,3.76,Daily,Narodowy Bank Polski (NBP Official Web API),2026-10-01 01:53:36
1227,2026_07_08,2026_07,Poland,PLN,폴란드 즐로티,3.78,Daily,Narodowy Bank Polski (NBP Official Web API),2026-10-01 01:53:36
1228,2026_07_09,2026_07,Poland,PLN,폴란드 즐로티,3.77,Daily,Narodowy Bank Polski (NBP Official Web API),2026-10-01 01:53:36
1229,2026_07_10,2026_07,Poland,PLN,폴란드 즐로티,3.8,Daily,Narodowy Bank Polski (NBP Official Web API),2026-10-01 01:53:36
1230,2026_07_13,2026_07,Poland,PLN,폴란드 즐로티,3.78,Daily,Narodowy Bank Polski (NBP Official Web API),2026-10-01 01:53:36
1231,2026_07_14,2026_07,Poland,PLN,폴란드 즐로티,3.81,Daily,Narodowy Bank Polski (NBP Official Web API),2026-10-01 01:53:36
1232,2026_07_15,2026_07,Poland,PLN,폴란드 즐로티,3.79,Daily,Narodowy Bank Polski (NBP Official Web API),2026-10-01 01:53:36
1233,2026_07_16,2026_07,Poland,PLN,폴란드 즐로티,3.77,Daily,Narodowy Bank Polski (NBP Official Web API),2026-10-01 01:53:36
1234,2026_07_17,2026_07,Poland,PLN,폴란드 즐로티,3.8,Daily,Narodowy Bank Polski (NBP Official Web API),2026-10-01 01:53:36
1235,2026_07_20,2026_07,Poland,PLN,폴란드 즐로티,3.79,Daily,Narodowy Bank Polski (NBP Official Web API),2026-10-01 01:53:36
1236,2026_07_21,2026_07,Poland,PLN,폴란드 즐로티,3.79,Daily,Narodowy Bank Polski (NBP Official Web API),2026-10-01 01:53:36
1237,2026_07_22,2026_07,Poland,PLN,폴란드 즐로티,3.79,Daily,Narodowy Bank Polski (NBP Official Web API),2026-10-01 01:53:36
1238,2026_07_23,2026_07,Poland,PLN,폴란드 즐로티,3.79,Daily,Narodowy Bank Polski (NBP Official Web API),2026-10-01 01:53:36
1239,2026_07_24,2026_07,Poland,PLN,폴란드 즐로티,3.8,Daily,Narodowy Bank Polski (NBP Official Web API),2026-10-01 01:53:36
1240,2026_07_27,2026_07,Poland,PLN,폴란드 즐로티,3.78,Daily,Narodowy Bank Polski (NBP Official Web API),2026-10-01 01:53:36
1241,2026_07_28,2026_07,Poland,PLN,폴란드 즐로티,3.8,Daily,Narodowy Bank Polski (NBP Official Web API),2026-10-01 01:53:36
1242,2026_07_29,2026_07,Poland,PLN,폴란드 즐로티,3.8,Daily,Narodowy Bank Polski (NBP Official Web API),2026-10-01 01:53:36
1243,2026_07_30,2026_07,Poland,PLN,폴란드 즐로티,3.76,Daily,Narodowy Bank Polski (NBP Official Web API),2026-10-01 01:53:36
1244,2026_07_31,2026_07,Poland,PLN,폴란드 즐로티,3.74,Daily,Narodowy Bank Polski (NBP Official Web API),2026-10-01 01:53:36
1245,2026_08_03,2026_08,Poland,PLN,폴란드 즐로티,3.73,Daily,Narodowy Bank Polski (NBP Official Web API),2026-10-01 01:53:36
1246,2026_08_04,2026_08,Poland,PLN,폴란드 즐로티,3.75,Daily,Narodowy Bank Polski (NBP Official Web API),2026-10-01 01:53:36
1247,2026_08_05,2026_08,Poland,PLN,폴란드 즐로티,3.73,Daily,Narodowy Bank Polski (NBP Official Web API),2026-10-01 01:53:36
1248,2026_08_06,2026_08,Poland,PLN,폴란드 즐로티,3.72,Daily,Narodowy Bank Polski (NBP Official Web API),2026-10-01 01:53:36
1249,2026_08_07,2026_08,Poland,PLN,폴란드 즐로티,3.73,Daily,Narodowy Bank Polski (NBP Official Web API),2026-10-01 01:53:36
1250,2026_08_10,2026_08,Poland,PLN,폴란드 즐로티,3.72,Daily,Narodowy Bank Polski (NBP Official Web API),2026-10-01 01:53:36
1251,2026_08_11,2026_08,Poland,PLN,폴란드 즐로티,3.73,Daily,Narodowy Bank Polski (NBP Official Web API),2026-10-01 01:53:36
1252,2026_08_12,2026_08,Poland,PLN,폴란드 즐로티,3.73,Daily,Narodowy Bank Polski (NBP Official Web API),2026-10-01 01:53:36
1253,2026_08_13,2026_08,Poland,PLN,폴란드 즐로티,3.74,Daily,Narodowy Bank Polski (NBP Official Web API),2026-10-01 01:53:36
1254,2026_08_14,2026_08,Poland,PLN,폴란드 즐로티,3.73,Daily,Narodowy Bank Polski (NBP Official Web API),2026-10-01 01:53:36
1255,2026_08_17,2026_08,Poland,PLN,폴란드 즐로티,3.71,Daily,Narodowy Bank Polski (NBP Official Web API),2026-10-01 01:53:36
1256,2026_08_18,2026_08,Poland,PLN,폴란드 즐로티,3.73,Daily,Narodowy Bank Polski (NBP Official Web API),2026-10-01 01:53:36
1257,2026_08_19,2026_08,Poland,PLN,폴란드 즐로티,3.73,Daily,Narodowy Bank Polski (NBP Official Web API),2026-10-01 01:53:36
1258,2026_08_20,2026_08,Poland,PLN,폴란드 즐로티,3.69,Daily,Narodowy Bank Polski (NBP Official Web API),2026-10-01 01:53:36
1259,2026_08_21,2026_08,Poland,PLN,폴란드 즐로티,3.68,Daily,Narodowy Bank Polski (NBP Official Web API),2026-10-01 01:53:36
1260,2026_08_24,2026_08,Poland,PLN,폴란드 즐로티,3.7,Daily,Narodowy Bank Polski (NBP Official Web API),2026-10-01 01:53:36
1261,2026_08_25,2026_08,Poland,PLN,폴란드 즐로티,3.69,Daily,Narodowy Bank Polski (NBP Official Web API),2026-10-01 01:53:36
1262,2026_08_26,2026_08,Poland,PLN,폴란드 즐로티,3.69,Daily,Narodowy Bank Polski (NBP Official Web API),2026-10-01 01:53:36
1263,2026_08_27,2026_08,Poland,PLN,폴란드 즐로티,3.72,Daily,Narodowy Bank Polski (NBP Official Web API),2026-10-01 01:53:36
1264,2026_08_28,2026_08,Poland,PLN,폴란드 즐로티,3.72,Daily,Narodowy Bank Polski (NBP Official Web API),2026-10-01 01:53:36
1265,2026_08_31,2026_08,Poland,PLN,폴란드 즐로티,3.73,Daily,Narodowy Bank Polski (NBP Official Web API),2026-10-01 01:53:36
1266,2026_09_01,2026_09,Poland,PLN,폴란드 즐로티,3.74,Daily,Narodowy Bank Polski (NBP Official Web API),2026-10-01 01:53:36
1267,2026_09_02,2026_09,Poland,PLN,폴란드 즐로티,3.74,Daily,Narodowy Bank Polski (NBP Official Web API),2026-10-01 01:53:36
1268,2026_09_03,2026_09,Poland,PLN,폴란드 즐로티,3.72,Daily,Narodowy Bank Polski (NBP Official Web API),2026-10-01 01:53:36
1269,2026_09_04,2026_09,Poland,PLN,폴란드 즐로티,3.71,Daily,Narodowy Bank Polski (NBP Official Web API),2026-10-01 01:53:36
1270,2026_09_07,2026_09,Poland,PLN,폴란드 즐로티,3.71,Daily,Narodowy Bank Polski (NBP Official Web API),2026-10-01 01:53:36
1271,2026_09_08,2026_09,Poland,PLN,폴란드 즐로티,3.72,Daily,Narodowy Bank Polski (NBP Official Web API),2026-10-01 01:53:36
1272,2026_09_09,2026_09,Poland,PLN,폴란드 즐로티,3.71,Daily,Narodowy Bank Polski (NBP Official Web API),2026-10-01 01:53:36
1273,2026_09_10,2026_09,Poland,PLN,폴란드 즐로티,3.71,Daily,Narodowy Bank Polski (NBP Official Web API),2026-10-01 01:53:36
1274,2026_09_11,2026_09,Poland,PLN,폴란드 즐로티,3.73,Daily,Narodowy Bank Polski (NBP Official Web API),2026-10-01 01:53:36
1275,2026_09_14,2026_09,Poland,PLN,폴란드 즐로티,3.76,Daily,Narodowy Bank Polski (NBP Official Web API),2026-10-01 01:53:36
1276,2026_09_15,2026_09,Poland,PLN,폴란드 즐로티,3.77,Daily,Narodowy Bank Polski (NBP Official Web API),2026-10-01 01:53:36
1277,2026_09_28,2026_09,Poland,PLN,폴란드 즐로티,3.85,Daily,Narodowy Bank Polski (NBP Official Web API),2026-10-01 01:53:36
1278,2026_09_29,2026_09,Poland,PLN,폴란드 즐로티,3.85,Daily,Narodowy Bank Polski (NBP Official Web API),2026-10-01 01:53:36
1279,2026_09_30,2026_09,Poland,PLN,폴란드 즐로티,3.84,Daily,Narodowy Bank Polski (NBP Official Web API),2026-10-01 01:53:36
3445,2025_01_02,2025_01,Vietnam,VND,베트남 동,24335,Daily,State Bank of Vietnam (sbv.gov.vn Official Central Rate),2026-10-01 06:32:04
3446,2025_01_03,2025_01,Vietnam,VND,베트남 동,24334,Daily,State Bank of Vietnam (sbv.gov.vn Official Central Rate),2026-10-01 06:32:04
3447,2025_02_03,2025_02,Vietnam,VND,베트남 동,24325,Daily,State Bank of Vietnam (sbv.gov.vn Official Central Rate),2026-10-01 06:32:04
3448,2025_03_03,2025_03,Vietnam,VND,베트남 동,24758,Daily,State Bank of Vietnam (sbv.gov.vn Official Central Rate),2026-10-01 06:32:04
3449,2025_04_01,2025_04,Vietnam,VND,베트남 동,24835,Daily,State Bank of Vietnam (sbv.gov.vn Official Central Rate),2026-10-01 06:32:04
3007,2025_04_24,2025_04,Vietnam,VND,베트남 동,24928,Daily,State Bank of Vietnam (sbv.gov.vn Official Central Rate),2026-10-01 06:31:13
3008,2025_04_25,2025_04,Vietnam,VND,베트남 동,24948,Daily,State Bank of Vietnam (sbv.gov.vn Official Central Rate),2026-10-01 06:31:13
3009,2025_04_26,2025_04,Vietnam,VND,베트남 동,24963,Daily,State Bank of Vietnam (sbv.gov.vn Official Central Rate),2026-10-01 06:31:13
3010,2025_04_28,2025_04,Vietnam,VND,베트남 동,24960,Daily,State Bank of Vietnam (sbv.gov.vn Official Central Rate),2026-10-01 06:31:13
3011,2025_05_02,2025_05,Vietnam,VND,베트남 동,24956,Daily,State Bank of Vietnam (sbv.gov.vn Official Central Rate),2026-10-01 06:31:13
3012,2025_05_05,2025_05,Vietnam,VND,베트남 동,24944,Daily,State Bank of Vietnam (sbv.gov.vn Official Central Rate),2026-10-01 06:31:13
3013,2025_05_06,2025_05,Vietnam,VND,베트남 동,24938,Daily,State Bank of Vietnam (sbv.gov.vn Official Central Rate),2026-10-01 06:31:13
3014,2025_05_07,2025_05,Vietnam,VND,베트남 동,24930,Daily,State Bank of Vietnam (sbv.gov.vn Official Central Rate),2026-10-01 06:31:13
3015,2025_05_08,2025_05,Vietnam,VND,베트남 동,24927,Daily,State Bank of Vietnam (sbv.gov.vn Official Central Rate),2026-10-01 06:31:13
3016,2025_05_09,2025_05,Vietnam,VND,베트남 동,24951,Daily,State Bank of Vietnam (sbv.gov.vn Official Central Rate),2026-10-01 06:31:13
3017,2025_05_10,2025_05,Vietnam,VND,베트남 동,24951,Daily,State Bank of Vietnam (sbv.gov.vn Official Central Rate),2026-10-01 06:31:13
3018,2025_05_12,2025_05,Vietnam,VND,베트남 동,24945,Daily,State Bank of Vietnam (sbv.gov.vn Official Central Rate),2026-10-01 06:31:13
3019,2025_05_13,2025_05,Vietnam,VND,베트남 동,24973,Daily,State Bank of Vietnam (sbv.gov.vn Official Central Rate),2026-10-01 06:31:13
3020,2025_05_14,2025_05,Vietnam,VND,베트남 동,24973,Daily,State Bank of Vietnam (sbv.gov.vn Official Central Rate),2026-10-01 06:31:13
3021,2025_05_15,2025_05,Vietnam,VND,베트남 동,24970,Daily,State Bank of Vietnam (sbv.gov.vn Official Central Rate),2026-10-01 06:31:13
3022,2025_05_16,2025_05,Vietnam,VND,베트남 동,24960,Daily,State Bank of Vietnam (sbv.gov.vn Official Central Rate),2026-10-01 06:31:13
3023,2025_05_17,2025_05,Vietnam,VND,베트남 동,24960,Daily,State Bank of Vietnam (sbv.gov.vn Official Central Rate),2026-10-01 06:31:13
3024,2025_05_19,2025_05,Vietnam,VND,베트남 동,24970,Daily,State Bank of Vietnam (sbv.gov.vn Official Central Rate),2026-10-01 06:31:13
3025,2025_05_20,2025_05,Vietnam,VND,베트남 동,24968,Daily,State Bank of Vietnam (sbv.gov.vn Official Central Rate),2026-10-01 06:31:13
3026,2025_05_21,2025_05,Vietnam,VND,베트남 동,24962,Daily,State Bank of Vietnam (sbv.gov.vn Official Central Rate),2026-10-01 06:31:13
3027,2025_05_22,2025_05,Vietnam,VND,베트남 동,24955,Daily,State Bank of Vietnam (sbv.gov.vn Official Central Rate),2026-10-01 06:31:13
3028,2025_05_23,2025_05,Vietnam,VND,베트남 동,24960,Daily,State Bank of Vietnam (sbv.gov.vn Official Central Rate),2026-10-01 06:31:13
3029,2025_05_24,2025_05,Vietnam,VND,베트남 동,24960,Daily,State Bank of Vietnam (sbv.gov.vn Official Central Rate),2026-10-01 06:31:13
3030,2025_05_26,2025_05,Vietnam,VND,베트남 동,24940,Daily,State Bank of Vietnam (sbv.gov.vn Official Central Rate),2026-10-01 06:31:13
3031,2025_05_27,2025_05,Vietnam,VND,베트남 동,24935,Daily,State Bank of Vietnam (sbv.gov.vn Official Central Rate),2026-10-01 06:31:13
3032,2025_05_28,2025_05,Vietnam,VND,베트남 동,24947,Daily,State Bank of Vietnam (sbv.gov.vn Official Central Rate),2026-10-01 06:31:13
3033,2025_05_29,2025_05,Vietnam,VND,베트남 동,24962,Daily,State Bank of Vietnam (sbv.gov.vn Official Central Rate),2026-10-01 06:31:13
3034,2025_05_30,2025_05,Vietnam,VND,베트남 동,24978,Daily,State Bank of Vietnam (sbv.gov.vn Official Central Rate),2026-10-01 06:31:13
3035,2025_05_31,2025_05,Vietnam,VND,베트남 동,24978,Daily,State Bank of Vietnam (sbv.gov.vn Official Central Rate),2026-10-01 06:31:13
3036,2025_06_02,2025_06,Vietnam,VND,베트남 동,24970,Daily,State Bank of Vietnam (sbv.gov.vn Official Central Rate),2026-10-01 06:31:13
3037,2025_06_03,2025_06,Vietnam,VND,베트남 동,24982,Daily,State Bank of Vietnam (sbv.gov.vn Official Central Rate),2026-10-01 06:31:13
3038,2025_06_04,2025_06,Vietnam,VND,베트남 동,25004,Daily,State Bank of Vietnam (sbv.gov.vn Official Central Rate),2026-10-01 06:31:13
3039,2025_06_05,2025_06,Vietnam,VND,베트남 동,24955,Daily,State Bank of Vietnam (sbv.gov.vn Official Central Rate),2026-10-01 06:31:13
3040,2025_06_06,2025_06,Vietnam,VND,베트남 동,24992,Daily,State Bank of Vietnam (sbv.gov.vn Official Central Rate),2026-10-01 06:31:13
3041,2025_06_07,2025_06,Vietnam,VND,베트남 동,24992,Daily,State Bank of Vietnam (sbv.gov.vn Official Central Rate),2026-10-01 06:31:13
3042,2025_06_09,2025_06,Vietnam,VND,베트남 동,24992,Daily,State Bank of Vietnam (sbv.gov.vn Official Central Rate),2026-10-01 06:31:13
3043,2025_06_10,2025_06,Vietnam,VND,베트남 동,24985,Daily,State Bank of Vietnam (sbv.gov.vn Official Central Rate),2026-10-01 06:31:13
3044,2025_06_11,2025_06,Vietnam,VND,베트남 동,24982,Daily,State Bank of Vietnam (sbv.gov.vn Official Central Rate),2026-10-01 06:31:13
3045,2025_06_12,2025_06,Vietnam,VND,베트남 동,24990,Daily,State Bank of Vietnam (sbv.gov.vn Official Central Rate),2026-10-01 06:31:13
3046,2025_06_13,2025_06,Vietnam,VND,베트남 동,24975,Daily,State Bank of Vietnam (sbv.gov.vn Official Central Rate),2026-10-01 06:31:13
3047,2025_06_14,2025_06,Vietnam,VND,베트남 동,24975,Daily,State Bank of Vietnam (sbv.gov.vn Official Central Rate),2026-10-01 06:31:13
3048,2025_06_16,2025_06,Vietnam,VND,베트남 동,24993,Daily,State Bank of Vietnam (sbv.gov.vn Official Central Rate),2026-10-01 06:31:13
3049,2025_06_17,2025_06,Vietnam,VND,베트남 동,24998,Daily,State Bank of Vietnam (sbv.gov.vn Official Central Rate),2026-10-01 06:31:13
3050,2025_06_18,2025_06,Vietnam,VND,베트남 동,24994,Daily,State Bank of Vietnam (sbv.gov.vn Official Central Rate),2026-10-01 06:31:13
3051,2025_06_19,2025_06,Vietnam,VND,베트남 동,25025,Daily,State Bank of Vietnam (sbv.gov.vn Official Central Rate),2026-10-01 06:31:13
3052,2025_06_20,2025_06,Vietnam,VND,베트남 동,25031,Daily,State Bank of Vietnam (sbv.gov.vn Official Central Rate),2026-10-01 06:31:13
3053,2025_06_21,2025_06,Vietnam,VND,베트남 동,25031,Daily,State Bank of Vietnam (sbv.gov.vn Official Central Rate),2026-10-01 06:31:13
3054,2025_06_23,2025_06,Vietnam,VND,베트남 동,25028,Daily,State Bank of Vietnam (sbv.gov.vn Official Central Rate),2026-10-01 06:31:13
3055,2025_06_24,2025_06,Vietnam,VND,베트남 동,25058,Daily,State Bank of Vietnam (sbv.gov.vn Official Central Rate),2026-10-01 06:31:13
3056,2025_06_25,2025_06,Vietnam,VND,베트남 동,25055,Daily,State Bank of Vietnam (sbv.gov.vn Official Central Rate),2026-10-01 06:31:13
3057,2025_06_26,2025_06,Vietnam,VND,베트남 동,25053,Daily,State Bank of Vietnam (sbv.gov.vn Official Central Rate),2026-10-01 06:31:13
3058,2025_06_27,2025_06,Vietnam,VND,베트남 동,25048,Daily,State Bank of Vietnam (sbv.gov.vn Official Central Rate),2026-10-01 06:31:13
3059,2025_06_28,2025_06,Vietnam,VND,베트남 동,25048,Daily,State Bank of Vietnam (sbv.gov.vn Official Central Rate),2026-10-01 06:31:13
3060,2025_06_30,2025_06,Vietnam,VND,베트남 동,25052,Daily,State Bank of Vietnam (sbv.gov.vn Official Central Rate),2026-10-01 06:31:13
3061,2025_07_01,2025_07,Vietnam,VND,베트남 동,25058,Daily,State Bank of Vietnam (sbv.gov.vn Official Central Rate),2026-10-01 06:31:13
3062,2025_07_02,2025_07,Vietnam,VND,베트남 동,25070,Daily,State Bank of Vietnam (sbv.gov.vn Official Central Rate),2026-10-01 06:31:13
3063,2025_07_03,2025_07,Vietnam,VND,베트남 동,25091,Daily,State Bank of Vietnam (sbv.gov.vn Official Central Rate),2026-10-01 06:31:13
3064,2025_07_04,2025_07,Vietnam,VND,베트남 동,25116,Daily,State Bank of Vietnam (sbv.gov.vn Official Central Rate),2026-10-01 06:31:13
3065,2025_07_05,2025_07,Vietnam,VND,베트남 동,25116,Daily,State Bank of Vietnam (sbv.gov.vn Official Central Rate),2026-10-01 06:31:13
3066,2025_07_07,2025_07,Vietnam,VND,베트남 동,25113,Daily,State Bank of Vietnam (sbv.gov.vn Official Central Rate),2026-10-01 06:31:13
3067,2025_07_08,2025_07,Vietnam,VND,베트남 동,25121,Daily,State Bank of Vietnam (sbv.gov.vn Official Central Rate),2026-10-01 06:31:13
3068,2025_07_09,2025_07,Vietnam,VND,베트남 동,25119,Daily,State Bank of Vietnam (sbv.gov.vn Official Central Rate),2026-10-01 06:31:13
3069,2025_07_10,2025_07,Vietnam,VND,베트남 동,25131,Daily,State Bank of Vietnam (sbv.gov.vn Official Central Rate),2026-10-01 06:31:13
3070,2025_07_11,2025_07,Vietnam,VND,베트남 동,25128,Daily,State Bank of Vietnam (sbv.gov.vn Official Central Rate),2026-10-01 06:31:13
3071,2025_07_12,2025_07,Vietnam,VND,베트남 동,25128,Daily,State Bank of Vietnam (sbv.gov.vn Official Central Rate),2026-10-01 06:31:13
3072,2025_07_14,2025_07,Vietnam,VND,베트남 동,25126,Daily,State Bank of Vietnam (sbv.gov.vn Official Central Rate),2026-10-01 06:31:13
3073,2025_07_15,2025_07,Vietnam,VND,베트남 동,25148,Daily,State Bank of Vietnam (sbv.gov.vn Official Central Rate),2026-10-01 06:31:13
3074,2025_07_16,2025_07,Vietnam,VND,베트남 동,25168,Daily,State Bank of Vietnam (sbv.gov.vn Official Central Rate),2026-10-01 06:31:13
3075,2025_07_17,2025_07,Vietnam,VND,베트남 동,25176,Daily,State Bank of Vietnam (sbv.gov.vn Official Central Rate),2026-10-01 06:31:13
3076,2025_07_18,2025_07,Vietnam,VND,베트남 동,25185,Daily,State Bank of Vietnam (sbv.gov.vn Official Central Rate),2026-10-01 06:31:13
3077,2025_07_19,2025_07,Vietnam,VND,베트남 동,25185,Daily,State Bank of Vietnam (sbv.gov.vn Official Central Rate),2026-10-01 06:31:13
3078,2025_07_21,2025_07,Vietnam,VND,베트남 동,25191,Daily,State Bank of Vietnam (sbv.gov.vn Official Central Rate),2026-10-01 06:31:13
3079,2025_07_22,2025_07,Vietnam,VND,베트남 동,25179,Daily,State Bank of Vietnam (sbv.gov.vn Official Central Rate),2026-10-01 06:31:13
3080,2025_07_23,2025_07,Vietnam,VND,베트남 동,25177,Daily,State Bank of Vietnam (sbv.gov.vn Official Central Rate),2026-10-01 06:31:13
3081,2025_07_24,2025_07,Vietnam,VND,베트남 동,25166,Daily,State Bank of Vietnam (sbv.gov.vn Official Central Rate),2026-10-01 06:31:13
3082,2025_07_25,2025_07,Vietnam,VND,베트남 동,25164,Daily,State Bank of Vietnam (sbv.gov.vn Official Central Rate),2026-10-01 06:31:13
3083,2025_07_26,2025_07,Vietnam,VND,베트남 동,25164,Daily,State Bank of Vietnam (sbv.gov.vn Official Central Rate),2026-10-01 06:31:13
3084,2025_07_28,2025_07,Vietnam,VND,베트남 동,25182,Daily,State Bank of Vietnam (sbv.gov.vn Official Central Rate),2026-10-01 06:31:13
3085,2025_07_29,2025_07,Vietnam,VND,베트남 동,25206,Daily,State Bank of Vietnam (sbv.gov.vn Official Central Rate),2026-10-01 06:31:13
3086,2025_07_30,2025_07,Vietnam,VND,베트남 동,25228,Daily,State Bank of Vietnam (sbv.gov.vn Official Central Rate),2026-10-01 06:31:13
3087,2025_07_31,2025_07,Vietnam,VND,베트남 동,25240,Daily,State Bank of Vietnam (sbv.gov.vn Official Central Rate),2026-10-01 06:31:13
3088,2025_08_01,2025_08,Vietnam,VND,베트남 동,25249,Daily,State Bank of Vietnam (sbv.gov.vn Official Central Rate),2026-10-01 06:31:13
3089,2025_08_02,2025_08,Vietnam,VND,베트남 동,25249,Daily,State Bank of Vietnam (sbv.gov.vn Official Central Rate),2026-10-01 06:31:13
3090,2025_08_04,2025_08,Vietnam,VND,베트남 동,25240,Daily,State Bank of Vietnam (sbv.gov.vn Official Central Rate),2026-10-01 06:31:13
3091,2025_08_05,2025_08,Vietnam,VND,베트남 동,25219,Daily,State Bank of Vietnam (sbv.gov.vn Official Central Rate),2026-10-01 06:31:13
3092,2025_08_06,2025_08,Vietnam,VND,베트남 동,25232,Daily,State Bank of Vietnam (sbv.gov.vn Official Central Rate),2026-10-01 06:31:13
3093,2025_08_07,2025_08,Vietnam,VND,베트남 동,25239,Daily,State Bank of Vietnam (sbv.gov.vn Official Central Rate),2026-10-01 06:31:13
3094,2025_08_08,2025_08,Vietnam,VND,베트남 동,25228,Daily,State Bank of Vietnam (sbv.gov.vn Official Central Rate),2026-10-01 06:31:13
3095,2025_08_09,2025_08,Vietnam,VND,베트남 동,25228,Daily,State Bank of Vietnam (sbv.gov.vn Official Central Rate),2026-10-01 06:31:13
3096,2025_08_11,2025_08,Vietnam,VND,베트남 동,25231,Daily,State Bank of Vietnam (sbv.gov.vn Official Central Rate),2026-10-01 06:31:13
3097,2025_08_12,2025_08,Vietnam,VND,베트남 동,25243,Daily,State Bank of Vietnam (sbv.gov.vn Official Central Rate),2026-10-01 06:31:13
3098,2025_08_13,2025_08,Vietnam,VND,베트남 동,25247,Daily,State Bank of Vietnam (sbv.gov.vn Official Central Rate),2026-10-01 06:31:13
3099,2025_08_14,2025_08,Vietnam,VND,베트남 동,25240,Daily,State Bank of Vietnam (sbv.gov.vn Official Central Rate),2026-10-01 06:31:13
3100,2025_08_15,2025_08,Vietnam,VND,베트남 동,25249,Daily,State Bank of Vietnam (sbv.gov.vn Official Central Rate),2026-10-01 06:31:13
3101,2025_08_16,2025_08,Vietnam,VND,베트남 동,25249,Daily,State Bank of Vietnam (sbv.gov.vn Official Central Rate),2026-10-01 06:31:13
3102,2025_08_18,2025_08,Vietnam,VND,베트남 동,25245,Daily,State Bank of Vietnam (sbv.gov.vn Official Central Rate),2026-10-01 06:31:13
3103,2025_08_19,2025_08,Vietnam,VND,베트남 동,25255,Daily,State Bank of Vietnam (sbv.gov.vn Official Central Rate),2026-10-01 06:31:13
3104,2025_08_20,2025_08,Vietnam,VND,베트남 동,25263,Daily,State Bank of Vietnam (sbv.gov.vn Official Central Rate),2026-10-01 06:31:13
3105,2025_08_21,2025_08,Vietnam,VND,베트남 동,25273,Daily,State Bank of Vietnam (sbv.gov.vn Official Central Rate),2026-10-01 06:31:13
3106,2025_08_22,2025_08,Vietnam,VND,베트남 동,25298,Daily,State Bank of Vietnam (sbv.gov.vn Official Central Rate),2026-10-01 06:31:13
3107,2025_08_23,2025_08,Vietnam,VND,베트남 동,25298,Daily,State Bank of Vietnam (sbv.gov.vn Official Central Rate),2026-10-01 06:31:13
3108,2025_08_25,2025_08,Vietnam,VND,베트남 동,25291,Daily,State Bank of Vietnam (sbv.gov.vn Official Central Rate),2026-10-01 06:31:13
3109,2025_08_26,2025_08,Vietnam,VND,베트남 동,25273,Daily,State Bank of Vietnam (sbv.gov.vn Official Central Rate),2026-10-01 06:31:13
3110,2025_08_27,2025_08,Vietnam,VND,베트남 동,25273,Daily,State Bank of Vietnam (sbv.gov.vn Official Central Rate),2026-10-01 06:31:13
3111,2025_08_28,2025_08,Vietnam,VND,베트남 동,25268,Daily,State Bank of Vietnam (sbv.gov.vn Official Central Rate),2026-10-01 06:31:13
3112,2025_08_29,2025_08,Vietnam,VND,베트남 동,25240,Daily,State Bank of Vietnam (sbv.gov.vn Official Central Rate),2026-10-01 06:31:13
3113,2025_08_30,2025_08,Vietnam,VND,베트남 동,25240,Daily,State Bank of Vietnam (sbv.gov.vn Official Central Rate),2026-10-01 06:31:13
3114,2025_08_31,2025_08,Vietnam,VND,베트남 동,25240,Daily,State Bank of Vietnam (sbv.gov.vn Official Central Rate),2026-10-01 06:31:13
3115,2025_09_01,2025_09,Vietnam,VND,베트남 동,25240,Daily,State Bank of Vietnam (sbv.gov.vn Official Central Rate),2026-10-01 06:31:13
3116,2025_09_02,2025_09,Vietnam,VND,베트남 동,25240,Daily,State Bank of Vietnam (sbv.gov.vn Official Central Rate),2026-10-01 06:31:13
3117,2025_09_03,2025_09,Vietnam,VND,베트남 동,25246,Daily,State Bank of Vietnam (sbv.gov.vn Official Central Rate),2026-10-01 06:31:13
3118,2025_09_04,2025_09,Vietnam,VND,베트남 동,25248,Daily,State Bank of Vietnam (sbv.gov.vn Official Central Rate),2026-10-01 06:31:13
3119,2025_09_05,2025_09,Vietnam,VND,베트남 동,25248,Daily,State Bank of Vietnam (sbv.gov.vn Official Central Rate),2026-10-01 06:31:13
3120,2025_09_06,2025_09,Vietnam,VND,베트남 동,25248,Daily,State Bank of Vietnam (sbv.gov.vn Official Central Rate),2026-10-01 06:31:13
3121,2025_09_08,2025_09,Vietnam,VND,베트남 동,25236,Daily,State Bank of Vietnam (sbv.gov.vn Official Central Rate),2026-10-01 06:31:13
3122,2025_09_09,2025_09,Vietnam,VND,베트남 동,25236,Daily,State Bank of Vietnam (sbv.gov.vn Official Central Rate),2026-10-01 06:31:13
3123,2025_09_10,2025_09,Vietnam,VND,베트남 동,25221,Daily,State Bank of Vietnam (sbv.gov.vn Official Central Rate),2026-10-01 06:31:13
3124,2025_09_11,2025_09,Vietnam,VND,베트남 동,25221,Daily,State Bank of Vietnam (sbv.gov.vn Official Central Rate),2026-10-01 06:31:13
3125,2025_09_12,2025_09,Vietnam,VND,베트남 동,25216,Daily,State Bank of Vietnam (sbv.gov.vn Official Central Rate),2026-10-01 06:31:13
3126,2025_09_13,2025_09,Vietnam,VND,베트남 동,25216,Daily,State Bank of Vietnam (sbv.gov.vn Official Central Rate),2026-10-01 06:31:13
3127,2025_09_15,2025_09,Vietnam,VND,베트남 동,25216,Daily,State Bank of Vietnam (sbv.gov.vn Official Central Rate),2026-10-01 06:31:13
3128,2025_09_16,2025_09,Vietnam,VND,베트남 동,25208,Daily,State Bank of Vietnam (sbv.gov.vn Official Central Rate),2026-10-01 06:31:13
3129,2025_09_17,2025_09,Vietnam,VND,베트남 동,25198,Daily,State Bank of Vietnam (sbv.gov.vn Official Central Rate),2026-10-01 06:31:13
3130,2025_09_18,2025_09,Vietnam,VND,베트남 동,25186,Daily,State Bank of Vietnam (sbv.gov.vn Official Central Rate),2026-10-01 06:31:13
3131,2025_09_19,2025_09,Vietnam,VND,베트남 동,25186,Daily,State Bank of Vietnam (sbv.gov.vn Official Central Rate),2026-10-01 06:31:13
3132,2025_09_20,2025_09,Vietnam,VND,베트남 동,25186,Daily,State Bank of Vietnam (sbv.gov.vn Official Central Rate),2026-10-01 06:31:13
3133,2025_09_22,2025_09,Vietnam,VND,베트남 동,25189,Daily,State Bank of Vietnam (sbv.gov.vn Official Central Rate),2026-10-01 06:31:13
3134,2025_09_23,2025_09,Vietnam,VND,베트남 동,25189,Daily,State Bank of Vietnam (sbv.gov.vn Official Central Rate),2026-10-01 06:31:13
3135,2025_09_24,2025_09,Vietnam,VND,베트남 동,25186,Daily,State Bank of Vietnam (sbv.gov.vn Official Central Rate),2026-10-01 06:31:13
3136,2025_09_25,2025_09,Vietnam,VND,베트남 동,25191,Daily,State Bank of Vietnam (sbv.gov.vn Official Central Rate),2026-10-01 06:31:13
3137,2025_09_26,2025_09,Vietnam,VND,베트남 동,25194,Daily,State Bank of Vietnam (sbv.gov.vn Official Central Rate),2026-10-01 06:31:13
3138,2025_09_27,2025_09,Vietnam,VND,베트남 동,25194,Daily,State Bank of Vietnam (sbv.gov.vn Official Central Rate),2026-10-01 06:31:13
3139,2025_09_29,2025_09,Vietnam,VND,베트남 동,25192,Daily,State Bank of Vietnam (sbv.gov.vn Official Central Rate),2026-10-01 06:31:13
3140,2025_09_30,2025_09,Vietnam,VND,베트남 동,25187,Daily,State Bank of Vietnam (sbv.gov.vn Official Central Rate),2026-10-01 06:31:13
3141,2025_10_01,2025_10,Vietnam,VND,베트남 동,25187,Daily,State Bank of Vietnam (sbv.gov.vn Official Central Rate),2026-10-01 06:31:13
3142,2025_10_02,2025_10,Vietnam,VND,베트남 동,25177,Daily,State Bank of Vietnam (sbv.gov.vn Official Central Rate),2026-10-01 06:31:13
3143,2025_10_03,2025_10,Vietnam,VND,베트남 동,25162,Daily,State Bank of Vietnam (sbv.gov.vn Official Central Rate),2026-10-01 06:31:13
3144,2025_10_04,2025_10,Vietnam,VND,베트남 동,25162,Daily,State Bank of Vietnam (sbv.gov.vn Official Central Rate),2026-10-01 06:31:13
3145,2025_10_06,2025_10,Vietnam,VND,베트남 동,25146,Daily,State Bank of Vietnam (sbv.gov.vn Official Central Rate),2026-10-01 06:31:13
3146,2025_10_07,2025_10,Vietnam,VND,베트남 동,25141,Daily,State Bank of Vietnam (sbv.gov.vn Official Central Rate),2026-10-01 06:31:13
3147,2025_10_08,2025_10,Vietnam,VND,베트남 동,25133,Daily,State Bank of Vietnam (sbv.gov.vn Official Central Rate),2026-10-01 06:31:13
3148,2025_10_09,2025_10,Vietnam,VND,베트남 동,25130,Daily,State Bank of Vietnam (sbv.gov.vn Official Central Rate),2026-10-01 06:31:13
3149,2025_10_10,2025_10,Vietnam,VND,베트남 동,25128,Daily,State Bank of Vietnam (sbv.gov.vn Official Central Rate),2026-10-01 06:31:13
3150,2025_10_11,2025_10,Vietnam,VND,베트남 동,25128,Daily,State Bank of Vietnam (sbv.gov.vn Official Central Rate),2026-10-01 06:31:13
3151,2025_10_13,2025_10,Vietnam,VND,베트남 동,25112,Daily,State Bank of Vietnam (sbv.gov.vn Official Central Rate),2026-10-01 06:31:13
3152,2025_10_14,2025_10,Vietnam,VND,베트남 동,25114,Daily,State Bank of Vietnam (sbv.gov.vn Official Central Rate),2026-10-01 06:31:13
3153,2025_10_15,2025_10,Vietnam,VND,베트남 동,25114,Daily,State Bank of Vietnam (sbv.gov.vn Official Central Rate),2026-10-01 06:31:13
3154,2025_10_16,2025_10,Vietnam,VND,베트남 동,25109,Daily,State Bank of Vietnam (sbv.gov.vn Official Central Rate),2026-10-01 06:31:13
3155,2025_10_17,2025_10,Vietnam,VND,베트남 동,25101,Daily,State Bank of Vietnam (sbv.gov.vn Official Central Rate),2026-10-01 06:31:13
3156,2025_10_18,2025_10,Vietnam,VND,베트남 동,25101,Daily,State Bank of Vietnam (sbv.gov.vn Official Central Rate),2026-10-01 06:31:13
3157,2025_10_20,2025_10,Vietnam,VND,베트남 동,25101,Daily,State Bank of Vietnam (sbv.gov.vn Official Central Rate),2026-10-01 06:31:13
3158,2025_10_21,2025_10,Vietnam,VND,베트남 동,25099,Daily,State Bank of Vietnam (sbv.gov.vn Official Central Rate),2026-10-01 06:31:13
3159,2025_10_22,2025_10,Vietnam,VND,베트남 동,25099,Daily,State Bank of Vietnam (sbv.gov.vn Official Central Rate),2026-10-01 06:31:13
3160,2025_10_23,2025_10,Vietnam,VND,베트남 동,25098,Daily,State Bank of Vietnam (sbv.gov.vn Official Central Rate),2026-10-01 06:31:13
3161,2025_10_24,2025_10,Vietnam,VND,베트남 동,25098,Daily,State Bank of Vietnam (sbv.gov.vn Official Central Rate),2026-10-01 06:31:13
3162,2025_10_25,2025_10,Vietnam,VND,베트남 동,25098,Daily,State Bank of Vietnam (sbv.gov.vn Official Central Rate),2026-10-01 06:31:13
3163,2025_10_27,2025_10,Vietnam,VND,베트남 동,25097,Daily,State Bank of Vietnam (sbv.gov.vn Official Central Rate),2026-10-01 06:31:13
3164,2025_10_28,2025_10,Vietnam,VND,베트남 동,25095,Daily,State Bank of Vietnam (sbv.gov.vn Official Central Rate),2026-10-01 06:31:13
3165,2025_10_29,2025_10,Vietnam,VND,베트남 동,25091,Daily,State Bank of Vietnam (sbv.gov.vn Official Central Rate),2026-10-01 06:31:13
3166,2025_10_30,2025_10,Vietnam,VND,베트남 동,25091,Daily,State Bank of Vietnam (sbv.gov.vn Official Central Rate),2026-10-01 06:31:13
3167,2025_10_31,2025_10,Vietnam,VND,베트남 동,25093,Daily,State Bank of Vietnam (sbv.gov.vn Official Central Rate),2026-10-01 06:31:13
3168,2025_11_01,2025_11,Vietnam,VND,베트남 동,25093,Daily,State Bank of Vietnam (sbv.gov.vn Official Central Rate),2026-10-01 06:31:13
3169,2025_11_03,2025_11,Vietnam,VND,베트남 동,25093,Daily,State Bank of Vietnam (sbv.gov.vn Official Central Rate),2026-10-01 06:31:13
3170,2025_11_04,2025_11,Vietnam,VND,베트남 동,25095,Daily,State Bank of Vietnam (sbv.gov.vn Official Central Rate),2026-10-01 06:31:13
3171,2025_11_05,2025_11,Vietnam,VND,베트남 동,25097,Daily,State Bank of Vietnam (sbv.gov.vn Official Central Rate),2026-10-01 06:31:13
3172,2025_11_06,2025_11,Vietnam,VND,베트남 동,25100,Daily,State Bank of Vietnam (sbv.gov.vn Official Central Rate),2026-10-01 06:31:13
3173,2025_11_07,2025_11,Vietnam,VND,베트남 동,25103,Daily,State Bank of Vietnam (sbv.gov.vn Official Central Rate),2026-10-01 06:31:13
3174,2025_11_08,2025_11,Vietnam,VND,베트남 동,25103,Daily,State Bank of Vietnam (sbv.gov.vn Official Central Rate),2026-10-01 06:31:13
3175,2025_11_10,2025_11,Vietnam,VND,베트남 동,25106,Daily,State Bank of Vietnam (sbv.gov.vn Official Central Rate),2026-10-01 06:31:13
3176,2025_11_11,2025_11,Vietnam,VND,베트남 동,25118,Daily,State Bank of Vietnam (sbv.gov.vn Official Central Rate),2026-10-01 06:31:13
3177,2025_11_12,2025_11,Vietnam,VND,베트남 동,25129,Daily,State Bank of Vietnam (sbv.gov.vn Official Central Rate),2026-10-01 06:31:13
3178,2025_11_13,2025_11,Vietnam,VND,베트남 동,25125,Daily,State Bank of Vietnam (sbv.gov.vn Official Central Rate),2026-10-01 06:31:13
3179,2025_11_14,2025_11,Vietnam,VND,베트남 동,25122,Daily,State Bank of Vietnam (sbv.gov.vn Official Central Rate),2026-10-01 06:31:13
3180,2025_11_15,2025_11,Vietnam,VND,베트남 동,25122,Daily,State Bank of Vietnam (sbv.gov.vn Official Central Rate),2026-10-01 06:31:13
3181,2025_11_17,2025_11,Vietnam,VND,베트남 동,25120,Daily,State Bank of Vietnam (sbv.gov.vn Official Central Rate),2026-10-01 06:31:13
3182,2025_11_18,2025_11,Vietnam,VND,베트남 동,25132,Daily,State Bank of Vietnam (sbv.gov.vn Official Central Rate),2026-10-01 06:31:13
3183,2025_11_19,2025_11,Vietnam,VND,베트남 동,25132,Daily,State Bank of Vietnam (sbv.gov.vn Official Central Rate),2026-10-01 06:31:13
3184,2025_11_20,2025_11,Vietnam,VND,베트남 동,25130,Daily,State Bank of Vietnam (sbv.gov.vn Official Central Rate),2026-10-01 06:31:13
3185,2025_11_21,2025_11,Vietnam,VND,베트남 동,25136,Daily,State Bank of Vietnam (sbv.gov.vn Official Central Rate),2026-10-01 06:31:13
3186,2025_11_22,2025_11,Vietnam,VND,베트남 동,25136,Daily,State Bank of Vietnam (sbv.gov.vn Official Central Rate),2026-10-01 06:31:13
3187,2025_11_24,2025_11,Vietnam,VND,베트남 동,25144,Daily,State Bank of Vietnam (sbv.gov.vn Official Central Rate),2026-10-01 06:31:13
3188,2025_11_25,2025_11,Vietnam,VND,베트남 동,25146,Daily,State Bank of Vietnam (sbv.gov.vn Official Central Rate),2026-10-01 06:31:13
3189,2025_11_26,2025_11,Vietnam,VND,베트남 동,25146,Daily,State Bank of Vietnam (sbv.gov.vn Official Central Rate),2026-10-01 06:31:13
3190,2025_11_27,2025_11,Vietnam,VND,베트남 동,25152,Daily,State Bank of Vietnam (sbv.gov.vn Official Central Rate),2026-10-01 06:31:13
3191,2025_11_28,2025_11,Vietnam,VND,베트남 동,25155,Daily,State Bank of Vietnam (sbv.gov.vn Official Central Rate),2026-10-01 06:31:13
3192,2025_11_29,2025_11,Vietnam,VND,베트남 동,25155,Daily,State Bank of Vietnam (sbv.gov.vn Official Central Rate),2026-10-01 06:31:13
3193,2025_12_01,2025_12,Vietnam,VND,베트남 동,25156,Daily,State Bank of Vietnam (sbv.gov.vn Official Central Rate),2026-10-01 06:31:13
3194,2025_12_02,2025_12,Vietnam,VND,베트남 동,25153,Daily,State Bank of Vietnam (sbv.gov.vn Official Central Rate),2026-10-01 06:31:13
3195,2025_12_03,2025_12,Vietnam,VND,베트남 동,25153,Daily,State Bank of Vietnam (sbv.gov.vn Official Central Rate),2026-10-01 06:31:13
3196,2025_12_04,2025_12,Vietnam,VND,베트남 동,25152,Daily,State Bank of Vietnam (sbv.gov.vn Official Central Rate),2026-10-01 06:31:13
3197,2025_12_05,2025_12,Vietnam,VND,베트남 동,25151,Daily,State Bank of Vietnam (sbv.gov.vn Official Central Rate),2026-10-01 06:31:13
3198,2025_12_06,2025_12,Vietnam,VND,베트남 동,25151,Daily,State Bank of Vietnam (sbv.gov.vn Official Central Rate),2026-10-01 06:31:13
3199,2025_12_08,2025_12,Vietnam,VND,베트남 동,25152,Daily,State Bank of Vietnam (sbv.gov.vn Official Central Rate),2026-10-01 06:31:13
3200,2025_12_09,2025_12,Vietnam,VND,베트남 동,25155,Daily,State Bank of Vietnam (sbv.gov.vn Official Central Rate),2026-10-01 06:31:13
3201,2025_12_10,2025_12,Vietnam,VND,베트남 동,25155,Daily,State Bank of Vietnam (sbv.gov.vn Official Central Rate),2026-10-01 06:31:13
3202,2025_12_11,2025_12,Vietnam,VND,베트남 동,25154,Daily,State Bank of Vietnam (sbv.gov.vn Official Central Rate),2026-10-01 06:31:13
3203,2025_12_12,2025_12,Vietnam,VND,베트남 동,25148,Daily,State Bank of Vietnam (sbv.gov.vn Official Central Rate),2026-10-01 06:31:13
3204,2025_12_13,2025_12,Vietnam,VND,베트남 동,25148,Daily,State Bank of Vietnam (sbv.gov.vn Official Central Rate),2026-10-01 06:31:13
3205,2025_12_15,2025_12,Vietnam,VND,베트남 동,25144,Daily,State Bank of Vietnam (sbv.gov.vn Official Central Rate),2026-10-01 06:31:13
3206,2025_12_16,2025_12,Vietnam,VND,베트남 동,25141,Daily,State Bank of Vietnam (sbv.gov.vn Official Central Rate),2026-10-01 06:31:13
3207,2025_12_17,2025_12,Vietnam,VND,베트남 동,25146,Daily,State Bank of Vietnam (sbv.gov.vn Official Central Rate),2026-10-01 06:31:13
3208,2025_12_18,2025_12,Vietnam,VND,베트남 동,25151,Daily,State Bank of Vietnam (sbv.gov.vn Official Central Rate),2026-10-01 06:31:13
3209,2025_12_19,2025_12,Vietnam,VND,베트남 동,25148,Daily,State Bank of Vietnam (sbv.gov.vn Official Central Rate),2026-10-01 06:31:13
3210,2025_12_20,2025_12,Vietnam,VND,베트남 동,25148,Daily,State Bank of Vietnam (sbv.gov.vn Official Central Rate),2026-10-01 06:31:13
3211,2025_12_22,2025_12,Vietnam,VND,베트남 동,25149,Daily,State Bank of Vietnam (sbv.gov.vn Official Central Rate),2026-10-01 06:31:13
3212,2025_12_23,2025_12,Vietnam,VND,베트남 동,25146,Daily,State Bank of Vietnam (sbv.gov.vn Official Central Rate),2026-10-01 06:31:13
3213,2025_12_24,2025_12,Vietnam,VND,베트남 동,25146,Daily,State Bank of Vietnam (sbv.gov.vn Official Central Rate),2026-10-01 06:31:13
3214,2025_12_25,2025_12,Vietnam,VND,베트남 동,25133,Daily,State Bank of Vietnam (sbv.gov.vn Official Central Rate),2026-10-01 06:31:13
3215,2025_12_26,2025_12,Vietnam,VND,베트남 동,25128,Daily,State Bank of Vietnam (sbv.gov.vn Official Central Rate),2026-10-01 06:31:13
3216,2025_12_27,2025_12,Vietnam,VND,베트남 동,25128,Daily,State Bank of Vietnam (sbv.gov.vn Official Central Rate),2026-10-01 06:31:13
3217,2025_12_29,2025_12,Vietnam,VND,베트남 동,25125,Daily,State Bank of Vietnam (sbv.gov.vn Official Central Rate),2026-10-01 06:31:13
3218,2025_12_30,2025_12,Vietnam,VND,베트남 동,25124,Daily,State Bank of Vietnam (sbv.gov.vn Official Central Rate),2026-10-01 06:31:13
3219,2025_12_31,2025_12,Vietnam,VND,베트남 동,25121,Daily,State Bank of Vietnam (sbv.gov.vn Official Central Rate),2026-10-01 06:31:13
3220,2026_01_02,2026_01,Vietnam,VND,베트남 동,25121,Daily,State Bank of Vietnam (sbv.gov.vn Official Central Rate),2026-10-01 06:31:13
3221,2026_01_03,2026_01,Vietnam,VND,베트남 동,25121,Daily,State Bank of Vietnam (sbv.gov.vn Official Central Rate),2026-10-01 06:31:13
3222,2026_01_05,2026_01,Vietnam,VND,베트남 동,25124,Daily,State Bank of Vietnam (sbv.gov.vn Official Central Rate),2026-10-01 06:31:13
3223,2026_01_06,2026_01,Vietnam,VND,베트남 동,25122,Daily,State Bank of Vietnam (sbv.gov.vn Official Central Rate),2026-10-01 06:31:13
3224,2026_01_07,2026_01,Vietnam,VND,베트남 동,25122,Daily,State Bank of Vietnam (sbv.gov.vn Official Central Rate),2026-10-01 06:31:13
3225,2026_01_08,2026_01,Vietnam,VND,베트남 동,25125,Daily,State Bank of Vietnam (sbv.gov.vn Official Central Rate),2026-10-01 06:31:13
3226,2026_01_09,2026_01,Vietnam,VND,베트남 동,25127,Daily,State Bank of Vietnam (sbv.gov.vn Official Central Rate),2026-10-01 06:31:13
3227,2026_01_10,2026_01,Vietnam,VND,베트남 동,25131,Daily,State Bank of Vietnam (sbv.gov.vn Official Central Rate),2026-10-01 06:31:13
3228,2026_01_12,2026_01,Vietnam,VND,베트남 동,25129,Daily,State Bank of Vietnam (sbv.gov.vn Official Central Rate),2026-10-01 06:31:13
3229,2026_01_13,2026_01,Vietnam,VND,베트남 동,25129,Daily,State Bank of Vietnam (sbv.gov.vn Official Central Rate),2026-10-01 06:31:13
3230,2026_01_14,2026_01,Vietnam,VND,베트남 동,25135,Daily,State Bank of Vietnam (sbv.gov.vn Official Central Rate),2026-10-01 06:31:13
3231,2026_01_15,2026_01,Vietnam,VND,베트남 동,25135,Daily,State Bank of Vietnam (sbv.gov.vn Official Central Rate),2026-10-01 06:31:13
3232,2026_01_16,2026_01,Vietnam,VND,베트남 동,25131,Daily,State Bank of Vietnam (sbv.gov.vn Official Central Rate),2026-10-01 06:31:13
3233,2026_01_17,2026_01,Vietnam,VND,베트남 동,25131,Daily,State Bank of Vietnam (sbv.gov.vn Official Central Rate),2026-10-01 06:31:13
3234,2026_01_19,2026_01,Vietnam,VND,베트남 동,25132,Daily,State Bank of Vietnam (sbv.gov.vn Official Central Rate),2026-10-01 06:31:13
3235,2026_01_20,2026_01,Vietnam,VND,베트남 동,25130,Daily,State Bank of Vietnam (sbv.gov.vn Official Central Rate),2026-10-01 06:31:13
3236,2026_01_21,2026_01,Vietnam,VND,베트남 동,25124,Daily,State Bank of Vietnam (sbv.gov.vn Official Central Rate),2026-10-01 06:31:13
3237,2026_01_22,2026_01,Vietnam,VND,베트남 동,25125,Daily,State Bank of Vietnam (sbv.gov.vn Official Central Rate),2026-10-01 06:31:13
3238,2026_01_23,2026_01,Vietnam,VND,베트남 동,25125,Daily,State Bank of Vietnam (sbv.gov.vn Official Central Rate),2026-10-01 06:31:13
3239,2026_01_24,2026_01,Vietnam,VND,베트남 동,25125,Daily,State Bank of Vietnam (sbv.gov.vn Official Central Rate),2026-10-01 06:31:13
3240,2026_01_26,2026_01,Vietnam,VND,베트남 동,25113,Daily,State Bank of Vietnam (sbv.gov.vn Official Central Rate),2026-10-01 06:31:13
3241,2026_01_27,2026_01,Vietnam,VND,베트남 동,25098,Daily,State Bank of Vietnam (sbv.gov.vn Official Central Rate),2026-10-01 06:31:13
3242,2026_01_28,2026_01,Vietnam,VND,베트남 동,25088,Daily,State Bank of Vietnam (sbv.gov.vn Official Central Rate),2026-10-01 06:31:13
3243,2026_01_29,2026_01,Vietnam,VND,베트남 동,25083,Daily,State Bank of Vietnam (sbv.gov.vn Official Central Rate),2026-10-01 06:31:13
3244,2026_01_30,2026_01,Vietnam,VND,베트남 동,25074,Daily,State Bank of Vietnam (sbv.gov.vn Official Central Rate),2026-10-01 06:31:13
3245,2026_01_31,2026_01,Vietnam,VND,베트남 동,25074,Daily,State Bank of Vietnam (sbv.gov.vn Official Central Rate),2026-10-01 06:31:13
3246,2026_02_02,2026_02,Vietnam,VND,베트남 동,25064,Daily,State Bank of Vietnam (sbv.gov.vn Official Central Rate),2026-10-01 06:31:13
3247,2026_02_03,2026_02,Vietnam,VND,베트남 동,25069,Daily,State Bank of Vietnam (sbv.gov.vn Official Central Rate),2026-10-01 06:31:13
3248,2026_02_04,2026_02,Vietnam,VND,베트남 동,25067,Daily,State Bank of Vietnam (sbv.gov.vn Official Central Rate),2026-10-01 06:31:13
3249,2026_02_05,2026_02,Vietnam,VND,베트남 동,25066,Daily,State Bank of Vietnam (sbv.gov.vn Official Central Rate),2026-10-01 06:31:13
3250,2026_02_06,2026_02,Vietnam,VND,베트남 동,25065,Daily,State Bank of Vietnam (sbv.gov.vn Official Central Rate),2026-10-01 06:31:13
3251,2026_02_07,2026_02,Vietnam,VND,베트남 동,25065,Daily,State Bank of Vietnam (sbv.gov.vn Official Central Rate),2026-10-01 06:31:13
3252,2026_02_09,2026_02,Vietnam,VND,베트남 동,25063,Daily,State Bank of Vietnam (sbv.gov.vn Official Central Rate),2026-10-01 06:31:13
3253,2026_02_10,2026_02,Vietnam,VND,베트남 동,25055,Daily,State Bank of Vietnam (sbv.gov.vn Official Central Rate),2026-10-01 06:31:13
3254,2026_02_11,2026_02,Vietnam,VND,베트남 동,25050,Daily,State Bank of Vietnam (sbv.gov.vn Official Central Rate),2026-10-01 06:31:13
3255,2026_02_12,2026_02,Vietnam,VND,베트남 동,25050,Daily,State Bank of Vietnam (sbv.gov.vn Official Central Rate),2026-10-01 06:31:13
3256,2026_02_13,2026_02,Vietnam,VND,베트남 동,25049,Daily,State Bank of Vietnam (sbv.gov.vn Official Central Rate),2026-10-01 06:31:13
3257,2026_02_14,2026_02,Vietnam,VND,베트남 동,25049,Daily,State Bank of Vietnam (sbv.gov.vn Official Central Rate),2026-10-01 06:31:13
3258,2026_02_21,2026_02,Vietnam,VND,베트남 동,25049,Daily,State Bank of Vietnam (sbv.gov.vn Official Central Rate),2026-10-01 06:31:13
3259,2026_02_23,2026_02,Vietnam,VND,베트남 동,25051,Daily,State Bank of Vietnam (sbv.gov.vn Official Central Rate),2026-10-01 06:31:13
3260,2026_02_24,2026_02,Vietnam,VND,베트남 동,25053,Daily,State Bank of Vietnam (sbv.gov.vn Official Central Rate),2026-10-01 06:31:13
3261,2026_02_25,2026_02,Vietnam,VND,베트남 동,25057,Daily,State Bank of Vietnam (sbv.gov.vn Official Central Rate),2026-10-01 06:31:13
3262,2026_02_26,2026_02,Vietnam,VND,베트남 동,25051,Daily,State Bank of Vietnam (sbv.gov.vn Official Central Rate),2026-10-01 06:31:13
3263,2026_02_27,2026_02,Vietnam,VND,베트남 동,25044,Daily,State Bank of Vietnam (sbv.gov.vn Official Central Rate),2026-10-01 06:31:13
3264,2026_02_28,2026_02,Vietnam,VND,베트남 동,25044,Daily,State Bank of Vietnam (sbv.gov.vn Official Central Rate),2026-10-01 06:31:13
3265,2026_03_02,2026_03,Vietnam,VND,베트남 동,25038,Daily,State Bank of Vietnam (sbv.gov.vn Official Central Rate),2026-10-01 06:31:13
3266,2026_03_03,2026_03,Vietnam,VND,베트남 동,25046,Daily,State Bank of Vietnam (sbv.gov.vn Official Central Rate),2026-10-01 06:31:13
3267,2026_03_04,2026_03,Vietnam,VND,베트남 동,25052,Daily,State Bank of Vietnam (sbv.gov.vn Official Central Rate),2026-10-01 06:31:13
3268,2026_03_05,2026_03,Vietnam,VND,베트남 동,25055,Daily,State Bank of Vietnam (sbv.gov.vn Official Central Rate),2026-10-01 06:31:13
3269,2026_03_06,2026_03,Vietnam,VND,베트남 동,25057,Daily,State Bank of Vietnam (sbv.gov.vn Official Central Rate),2026-10-01 06:31:13
3270,2026_03_07,2026_03,Vietnam,VND,베트남 동,25057,Daily,State Bank of Vietnam (sbv.gov.vn Official Central Rate),2026-10-01 06:31:13
3271,2026_03_09,2026_03,Vietnam,VND,베트남 동,25059,Daily,State Bank of Vietnam (sbv.gov.vn Official Central Rate),2026-10-01 06:31:13
3272,2026_03_10,2026_03,Vietnam,VND,베트남 동,25062,Daily,State Bank of Vietnam (sbv.gov.vn Official Central Rate),2026-10-01 06:31:13
3273,2026_03_11,2026_03,Vietnam,VND,베트남 동,25059,Daily,State Bank of Vietnam (sbv.gov.vn Official Central Rate),2026-10-01 06:31:13
3274,2026_03_12,2026_03,Vietnam,VND,베트남 동,25061,Daily,State Bank of Vietnam (sbv.gov.vn Official Central Rate),2026-10-01 06:31:13
3275,2026_03_13,2026_03,Vietnam,VND,베트남 동,25065,Daily,State Bank of Vietnam (sbv.gov.vn Official Central Rate),2026-10-01 06:31:13
3276,2026_03_14,2026_03,Vietnam,VND,베트남 동,25065,Daily,State Bank of Vietnam (sbv.gov.vn Official Central Rate),2026-10-01 06:31:13
3277,2026_03_16,2026_03,Vietnam,VND,베트남 동,25068,Daily,State Bank of Vietnam (sbv.gov.vn Official Central Rate),2026-10-01 06:31:13
3278,2026_03_17,2026_03,Vietnam,VND,베트남 동,25068,Daily,State Bank of Vietnam (sbv.gov.vn Official Central Rate),2026-10-01 06:31:13
3279,2026_03_18,2026_03,Vietnam,VND,베트남 동,25067,Daily,State Bank of Vietnam (sbv.gov.vn Official Central Rate),2026-10-01 06:31:13
3280,2026_03_19,2026_03,Vietnam,VND,베트남 동,25072,Daily,State Bank of Vietnam (sbv.gov.vn Official Central Rate),2026-10-01 06:31:13
3281,2026_03_20,2026_03,Vietnam,VND,베트남 동,25085,Daily,State Bank of Vietnam (sbv.gov.vn Official Central Rate),2026-10-01 06:31:13
3282,2026_03_21,2026_03,Vietnam,VND,베트남 동,25085,Daily,State Bank of Vietnam (sbv.gov.vn Official Central Rate),2026-10-01 06:31:13
3283,2026_03_23,2026_03,Vietnam,VND,베트남 동,25090,Daily,State Bank of Vietnam (sbv.gov.vn Official Central Rate),2026-10-01 06:31:13
3284,2026_03_24,2026_03,Vietnam,VND,베트남 동,25109,Daily,State Bank of Vietnam (sbv.gov.vn Official Central Rate),2026-10-01 06:31:13
3285,2026_03_25,2026_03,Vietnam,VND,베트남 동,25104,Daily,State Bank of Vietnam (sbv.gov.vn Official Central Rate),2026-10-01 06:31:13
3286,2026_03_26,2026_03,Vietnam,VND,베트남 동,25102,Daily,State Bank of Vietnam (sbv.gov.vn Official Central Rate),2026-10-01 06:31:13
3287,2026_03_27,2026_03,Vietnam,VND,베트남 동,25100,Daily,State Bank of Vietnam (sbv.gov.vn Official Central Rate),2026-10-01 06:31:13
3288,2026_03_28,2026_03,Vietnam,VND,베트남 동,25100,Daily,State Bank of Vietnam (sbv.gov.vn Official Central Rate),2026-10-01 06:31:13
3289,2026_03_30,2026_03,Vietnam,VND,베트남 동,25100,Daily,State Bank of Vietnam (sbv.gov.vn Official Central Rate),2026-10-01 06:31:13
3290,2026_03_31,2026_03,Vietnam,VND,베트남 동,25102,Daily,State Bank of Vietnam (sbv.gov.vn Official Central Rate),2026-10-01 06:31:13
3291,2026_04_01,2026_04,Vietnam,VND,베트남 동,25105,Daily,State Bank of Vietnam (sbv.gov.vn Official Central Rate),2026-10-01 06:31:13
3292,2026_04_02,2026_04,Vietnam,VND,베트남 동,25107,Daily,State Bank of Vietnam (sbv.gov.vn Official Central Rate),2026-10-01 06:31:13
3293,2026_04_03,2026_04,Vietnam,VND,베트남 동,25107,Daily,State Bank of Vietnam (sbv.gov.vn Official Central Rate),2026-10-01 06:31:13
3294,2026_04_04,2026_04,Vietnam,VND,베트남 동,25107,Daily,State Bank of Vietnam (sbv.gov.vn Official Central Rate),2026-10-01 06:31:13
3295,2026_04_06,2026_04,Vietnam,VND,베트남 동,25106,Daily,State Bank of Vietnam (sbv.gov.vn Official Central Rate),2026-10-01 06:31:13
3296,2026_04_07,2026_04,Vietnam,VND,베트남 동,25108,Daily,State Bank of Vietnam (sbv.gov.vn Official Central Rate),2026-10-01 06:31:13
3297,2026_04_08,2026_04,Vietnam,VND,베트남 동,25106,Daily,State Bank of Vietnam (sbv.gov.vn Official Central Rate),2026-10-01 06:31:13
3298,2026_04_09,2026_04,Vietnam,VND,베트남 동,25102,Daily,State Bank of Vietnam (sbv.gov.vn Official Central Rate),2026-10-01 06:31:13
3299,2026_04_10,2026_04,Vietnam,VND,베트남 동,25105,Daily,State Bank of Vietnam (sbv.gov.vn Official Central Rate),2026-10-01 06:31:13
3300,2026_04_11,2026_04,Vietnam,VND,베트남 동,25105,Daily,State Bank of Vietnam (sbv.gov.vn Official Central Rate),2026-10-01 06:31:13
3301,2026_04_13,2026_04,Vietnam,VND,베트남 동,25106,Daily,State Bank of Vietnam (sbv.gov.vn Official Central Rate),2026-10-01 06:31:13
3302,2026_04_14,2026_04,Vietnam,VND,베트남 동,25106,Daily,State Bank of Vietnam (sbv.gov.vn Official Central Rate),2026-10-01 06:31:13
3303,2026_04_15,2026_04,Vietnam,VND,베트남 동,25103,Daily,State Bank of Vietnam (sbv.gov.vn Official Central Rate),2026-10-01 06:31:13
3304,2026_04_16,2026_04,Vietnam,VND,베트남 동,25102,Daily,State Bank of Vietnam (sbv.gov.vn Official Central Rate),2026-10-01 06:31:13
3305,2026_04_17,2026_04,Vietnam,VND,베트남 동,25102,Daily,State Bank of Vietnam (sbv.gov.vn Official Central Rate),2026-10-01 06:31:13
3306,2026_04_18,2026_04,Vietnam,VND,베트남 동,25102,Daily,State Bank of Vietnam (sbv.gov.vn Official Central Rate),2026-10-01 06:31:13
3307,2026_04_20,2026_04,Vietnam,VND,베트남 동,25103,Daily,State Bank of Vietnam (sbv.gov.vn Official Central Rate),2026-10-01 06:31:13
3308,2026_04_21,2026_04,Vietnam,VND,베트남 동,25102,Daily,State Bank of Vietnam (sbv.gov.vn Official Central Rate),2026-10-01 06:31:13
3309,2026_04_22,2026_04,Vietnam,VND,베트남 동,25100,Daily,State Bank of Vietnam (sbv.gov.vn Official Central Rate),2026-10-01 06:31:13
3310,2026_04_23,2026_04,Vietnam,VND,베트남 동,25105,Daily,State Bank of Vietnam (sbv.gov.vn Official Central Rate),2026-10-01 06:31:13
3311,2026_04_24,2026_04,Vietnam,VND,베트남 동,25113,Daily,State Bank of Vietnam (sbv.gov.vn Official Central Rate),2026-10-01 06:31:13
3312,2026_04_25,2026_04,Vietnam,VND,베트남 동,25113,Daily,State Bank of Vietnam (sbv.gov.vn Official Central Rate),2026-10-01 06:31:13
3313,2026_04_27,2026_04,Vietnam,VND,베트남 동,25113,Daily,State Bank of Vietnam (sbv.gov.vn Official Central Rate),2026-10-01 06:31:13
3314,2026_04_28,2026_04,Vietnam,VND,베트남 동,25111,Daily,State Bank of Vietnam (sbv.gov.vn Official Central Rate),2026-10-01 06:31:13
3315,2026_04_29,2026_04,Vietnam,VND,베트남 동,25113,Daily,State Bank of Vietnam (sbv.gov.vn Official Central Rate),2026-10-01 06:31:13
3316,2026_05_02,2026_05,Vietnam,VND,베트남 동,25113,Daily,State Bank of Vietnam (sbv.gov.vn Official Central Rate),2026-10-01 06:31:13
3317,2026_05_04,2026_05,Vietnam,VND,베트남 동,25112,Daily,State Bank of Vietnam (sbv.gov.vn Official Central Rate),2026-10-01 06:31:13
3318,2026_05_05,2026_05,Vietnam,VND,베트남 동,25111,Daily,State Bank of Vietnam (sbv.gov.vn Official Central Rate),2026-10-01 06:31:13
3319,2026_05_06,2026_05,Vietnam,VND,베트남 동,25113,Daily,State Bank of Vietnam (sbv.gov.vn Official Central Rate),2026-10-01 06:31:13
3320,2026_05_07,2026_05,Vietnam,VND,베트남 동,25113,Daily,State Bank of Vietnam (sbv.gov.vn Official Central Rate),2026-10-01 06:31:13
3321,2026_05_08,2026_05,Vietnam,VND,베트남 동,25112,Daily,State Bank of Vietnam (sbv.gov.vn Official Central Rate),2026-10-01 06:31:13
3322,2026_05_09,2026_05,Vietnam,VND,베트남 동,25112,Daily,State Bank of Vietnam (sbv.gov.vn Official Central Rate),2026-10-01 06:31:13
3323,2026_05_11,2026_05,Vietnam,VND,베트남 동,25118,Daily,State Bank of Vietnam (sbv.gov.vn Official Central Rate),2026-10-01 06:31:13
3324,2026_05_12,2026_05,Vietnam,VND,베트남 동,25123,Daily,State Bank of Vietnam (sbv.gov.vn Official Central Rate),2026-10-01 06:31:13
3325,2026_05_13,2026_05,Vietnam,VND,베트남 동,25123,Daily,State Bank of Vietnam (sbv.gov.vn Official Central Rate),2026-10-01 06:31:13
3326,2026_05_14,2026_05,Vietnam,VND,베트남 동,25126,Daily,State Bank of Vietnam (sbv.gov.vn Official Central Rate),2026-10-01 06:31:13
3327,2026_05_15,2026_05,Vietnam,VND,베트남 동,25131,Daily,State Bank of Vietnam (sbv.gov.vn Official Central Rate),2026-10-01 06:31:13
3328,2026_05_16,2026_05,Vietnam,VND,베트남 동,25131,Daily,State Bank of Vietnam (sbv.gov.vn Official Central Rate),2026-10-01 06:31:13
3329,2026_05_18,2026_05,Vietnam,VND,베트남 동,25131,Daily,State Bank of Vietnam (sbv.gov.vn Official Central Rate),2026-10-01 06:31:13
3330,2026_05_19,2026_05,Vietnam,VND,베트남 동,25133,Daily,State Bank of Vietnam (sbv.gov.vn Official Central Rate),2026-10-01 06:31:13
3331,2026_05_20,2026_05,Vietnam,VND,베트남 동,25135,Daily,State Bank of Vietnam (sbv.gov.vn Official Central Rate),2026-10-01 06:31:13
3332,2026_05_21,2026_05,Vietnam,VND,베트남 동,25135,Daily,State Bank of Vietnam (sbv.gov.vn Official Central Rate),2026-10-01 06:31:13
3333,2026_05_22,2026_05,Vietnam,VND,베트남 동,25134,Daily,State Bank of Vietnam (sbv.gov.vn Official Central Rate),2026-10-01 06:31:13
3334,2026_05_23,2026_05,Vietnam,VND,베트남 동,25134,Daily,State Bank of Vietnam (sbv.gov.vn Official Central Rate),2026-10-01 06:31:13
3335,2026_05_25,2026_05,Vietnam,VND,베트남 동,25136,Daily,State Bank of Vietnam (sbv.gov.vn Official Central Rate),2026-10-01 06:31:13
3336,2026_05_26,2026_05,Vietnam,VND,베트남 동,25138,Daily,State Bank of Vietnam (sbv.gov.vn Official Central Rate),2026-10-01 06:31:13
3337,2026_05_27,2026_05,Vietnam,VND,베트남 동,25137,Daily,State Bank of Vietnam (sbv.gov.vn Official Central Rate),2026-10-01 06:31:13
3338,2026_05_28,2026_05,Vietnam,VND,베트남 동,25137,Daily,State Bank of Vietnam (sbv.gov.vn Official Central Rate),2026-10-01 06:31:13
3339,2026_05_29,2026_05,Vietnam,VND,베트남 동,25139,Daily,State Bank of Vietnam (sbv.gov.vn Official Central Rate),2026-10-01 06:31:13
3340,2026_05_30,2026_05,Vietnam,VND,베트남 동,25139,Daily,State Bank of Vietnam (sbv.gov.vn Official Central Rate),2026-10-01 06:31:13
3341,2026_06_01,2026_06,Vietnam,VND,베트남 동,25138,Daily,State Bank of Vietnam (sbv.gov.vn Official Central Rate),2026-10-01 06:31:13
3342,2026_06_02,2026_06,Vietnam,VND,베트남 동,25141,Daily,State Bank of Vietnam (sbv.gov.vn Official Central Rate),2026-10-01 06:31:13
3343,2026_06_03,2026_06,Vietnam,VND,베트남 동,25145,Daily,State Bank of Vietnam (sbv.gov.vn Official Central Rate),2026-10-01 06:31:13
3344,2026_06_04,2026_06,Vietnam,VND,베트남 동,25145,Daily,State Bank of Vietnam (sbv.gov.vn Official Central Rate),2026-10-01 06:31:13
3345,2026_06_05,2026_06,Vietnam,VND,베트남 동,25147,Daily,State Bank of Vietnam (sbv.gov.vn Official Central Rate),2026-10-01 06:31:13
3346,2026_06_06,2026_06,Vietnam,VND,베트남 동,25147,Daily,State Bank of Vietnam (sbv.gov.vn Official Central Rate),2026-10-01 06:31:13
3347,2026_06_08,2026_06,Vietnam,VND,베트남 동,25150,Daily,State Bank of Vietnam (sbv.gov.vn Official Central Rate),2026-10-01 06:31:13
3348,2026_06_09,2026_06,Vietnam,VND,베트남 동,25151,Daily,State Bank of Vietnam (sbv.gov.vn Official Central Rate),2026-10-01 06:31:13
3349,2026_06_10,2026_06,Vietnam,VND,베트남 동,25153,Daily,State Bank of Vietnam (sbv.gov.vn Official Central Rate),2026-10-01 06:31:13
3350,2026_06_11,2026_06,Vietnam,VND,베트남 동,25153,Daily,State Bank of Vietnam (sbv.gov.vn Official Central Rate),2026-10-01 06:31:13
3351,2026_06_12,2026_06,Vietnam,VND,베트남 동,25155,Daily,State Bank of Vietnam (sbv.gov.vn Official Central Rate),2026-10-01 06:31:13
3352,2026_06_13,2026_06,Vietnam,VND,베트남 동,25155,Daily,State Bank of Vietnam (sbv.gov.vn Official Central Rate),2026-10-01 06:31:13
3353,2026_06_15,2026_06,Vietnam,VND,베트남 동,25165,Daily,State Bank of Vietnam (sbv.gov.vn Official Central Rate),2026-10-01 06:31:13
3354,2026_06_16,2026_06,Vietnam,VND,베트남 동,25165,Daily,State Bank of Vietnam (sbv.gov.vn Official Central Rate),2026-10-01 06:31:13
3355,2026_06_17,2026_06,Vietnam,VND,베트남 동,25175,Daily,State Bank of Vietnam (sbv.gov.vn Official Central Rate),2026-10-01 06:31:13
3356,2026_06_18,2026_06,Vietnam,VND,베트남 동,25173,Daily,State Bank of Vietnam (sbv.gov.vn Official Central Rate),2026-10-01 06:31:13
3357,2026_06_19,2026_06,Vietnam,VND,베트남 동,25181,Daily,State Bank of Vietnam (sbv.gov.vn Official Central Rate),2026-10-01 06:31:13
3358,2026_06_20,2026_06,Vietnam,VND,베트남 동,25181,Daily,State Bank of Vietnam (sbv.gov.vn Official Central Rate),2026-10-01 06:31:13
3359,2026_06_22,2026_06,Vietnam,VND,베트남 동,25183,Daily,State Bank of Vietnam (sbv.gov.vn Official Central Rate),2026-10-01 06:31:13
3360,2026_06_23,2026_06,Vietnam,VND,베트남 동,25189,Daily,State Bank of Vietnam (sbv.gov.vn Official Central Rate),2026-10-01 06:31:13
3361,2026_06_24,2026_06,Vietnam,VND,베트남 동,25192,Daily,State Bank of Vietnam (sbv.gov.vn Official Central Rate),2026-10-01 06:31:13
3362,2026_06_25,2026_06,Vietnam,VND,베트남 동,25197,Daily,State Bank of Vietnam (sbv.gov.vn Official Central Rate),2026-10-01 06:31:13
3363,2026_06_26,2026_06,Vietnam,VND,베트남 동,25195,Daily,State Bank of Vietnam (sbv.gov.vn Official Central Rate),2026-10-01 06:31:13
3364,2026_06_27,2026_06,Vietnam,VND,베트남 동,25195,Daily,State Bank of Vietnam (sbv.gov.vn Official Central Rate),2026-10-01 06:31:13
3365,2026_06_29,2026_06,Vietnam,VND,베트남 동,25201,Daily,State Bank of Vietnam (sbv.gov.vn Official Central Rate),2026-10-01 06:31:13
3366,2026_06_30,2026_06,Vietnam,VND,베트남 동,25206,Daily,State Bank of Vietnam (sbv.gov.vn Official Central Rate),2026-10-01 06:31:13
3367,2026_07_01,2026_07,Vietnam,VND,베트남 동,25206,Daily,State Bank of Vietnam (sbv.gov.vn Official Central Rate),2026-10-01 06:31:13
3368,2026_07_02,2026_07,Vietnam,VND,베트남 동,25205,Daily,State Bank of Vietnam (sbv.gov.vn Official Central Rate),2026-10-01 06:31:13
3369,2026_07_03,2026_07,Vietnam,VND,베트남 동,25203,Daily,State Bank of Vietnam (sbv.gov.vn Official Central Rate),2026-10-01 06:31:13
3370,2026_07_04,2026_07,Vietnam,VND,베트남 동,25203,Daily,State Bank of Vietnam (sbv.gov.vn Official Central Rate),2026-10-01 06:31:13
3371,2026_07_06,2026_07,Vietnam,VND,베트남 동,25202,Daily,State Bank of Vietnam (sbv.gov.vn Official Central Rate),2026-10-01 06:31:13
3372,2026_07_07,2026_07,Vietnam,VND,베트남 동,25202,Daily,State Bank of Vietnam (sbv.gov.vn Official Central Rate),2026-10-01 06:31:13
3373,2026_07_08,2026_07,Vietnam,VND,베트남 동,25206,Daily,State Bank of Vietnam (sbv.gov.vn Official Central Rate),2026-10-01 06:31:13
3374,2026_07_09,2026_07,Vietnam,VND,베트남 동,25211,Daily,State Bank of Vietnam (sbv.gov.vn Official Central Rate),2026-10-01 06:31:13
3375,2026_07_10,2026_07,Vietnam,VND,베트남 동,25214,Daily,State Bank of Vietnam (sbv.gov.vn Official Central Rate),2026-10-01 06:31:13
3376,2026_07_11,2026_07,Vietnam,VND,베트남 동,25214,Daily,State Bank of Vietnam (sbv.gov.vn Official Central Rate),2026-10-01 06:31:13
3377,2026_07_13,2026_07,Vietnam,VND,베트남 동,25220,Daily,State Bank of Vietnam (sbv.gov.vn Official Central Rate),2026-10-01 06:31:13
3378,2026_07_14,2026_07,Vietnam,VND,베트남 동,25225,Daily,State Bank of Vietnam (sbv.gov.vn Official Central Rate),2026-10-01 06:31:13
3379,2026_07_15,2026_07,Vietnam,VND,베트남 동,25233,Daily,State Bank of Vietnam (sbv.gov.vn Official Central Rate),2026-10-01 06:31:13
3380,2026_07_16,2026_07,Vietnam,VND,베트남 동,25243,Daily,State Bank of Vietnam (sbv.gov.vn Official Central Rate),2026-10-01 06:31:13
3381,2026_07_17,2026_07,Vietnam,VND,베트남 동,25254,Daily,State Bank of Vietnam (sbv.gov.vn Official Central Rate),2026-10-01 06:31:13
3382,2026_07_18,2026_07,Vietnam,VND,베트남 동,25254,Daily,State Bank of Vietnam (sbv.gov.vn Official Central Rate),2026-10-01 06:31:13
3383,2026_07_20,2026_07,Vietnam,VND,베트남 동,25252,Daily,State Bank of Vietnam (sbv.gov.vn Official Central Rate),2026-10-01 06:31:13
3384,2026_07_21,2026_07,Vietnam,VND,베트남 동,25260,Daily,State Bank of Vietnam (sbv.gov.vn Official Central Rate),2026-10-01 06:31:13
3385,2026_07_22,2026_07,Vietnam,VND,베트남 동,25260,Daily,State Bank of Vietnam (sbv.gov.vn Official Central Rate),2026-10-01 06:31:13
3386,2026_07_23,2026_07,Vietnam,VND,베트남 동,25272,Daily,State Bank of Vietnam (sbv.gov.vn Official Central Rate),2026-10-01 06:31:13
3387,2026_07_24,2026_07,Vietnam,VND,베트남 동,25283,Daily,State Bank of Vietnam (sbv.gov.vn Official Central Rate),2026-10-01 06:31:13
3388,2026_07_25,2026_07,Vietnam,VND,베트남 동,25283,Daily,State Bank of Vietnam (sbv.gov.vn Official Central Rate),2026-10-01 06:31:13
3389,2026_07_27,2026_07,Vietnam,VND,베트남 동,25293,Daily,State Bank of Vietnam (sbv.gov.vn Official Central Rate),2026-10-01 06:31:13
3390,2026_07_28,2026_07,Vietnam,VND,베트남 동,25306,Daily,State Bank of Vietnam (sbv.gov.vn Official Central Rate),2026-10-01 06:31:13
3391,2026_07_29,2026_07,Vietnam,VND,베트남 동,25306,Daily,State Bank of Vietnam (sbv.gov.vn Official Central Rate),2026-10-01 06:31:13
3392,2026_07_30,2026_07,Vietnam,VND,베트남 동,25320,Daily,State Bank of Vietnam (sbv.gov.vn Official Central Rate),2026-10-01 06:31:13
3393,2026_07_31,2026_07,Vietnam,VND,베트남 동,25338,Daily,State Bank of Vietnam (sbv.gov.vn Official Central Rate),2026-10-01 06:31:13
3394,2026_08_01,2026_08,Vietnam,VND,베트남 동,25338,Daily,State Bank of Vietnam (sbv.gov.vn Official Central Rate),2026-10-01 06:31:13
3395,2026_08_03,2026_08,Vietnam,VND,베트남 동,25358,Daily,State Bank of Vietnam (sbv.gov.vn Official Central Rate),2026-10-01 06:31:13
3396,2026_08_04,2026_08,Vietnam,VND,베트남 동,25380,Daily,State Bank of Vietnam (sbv.gov.vn Official Central Rate),2026-10-01 06:31:13
3397,2026_08_05,2026_08,Vietnam,VND,베트남 동,25405,Daily,State Bank of Vietnam (sbv.gov.vn Official Central Rate),2026-10-01 06:31:13
3398,2026_08_06,2026_08,Vietnam,VND,베트남 동,25433,Daily,State Bank of Vietnam (sbv.gov.vn Official Central Rate),2026-10-01 06:31:13
3399,2026_08_07,2026_08,Vietnam,VND,베트남 동,25463,Daily,State Bank of Vietnam (sbv.gov.vn Official Central Rate),2026-10-01 06:31:13
3400,2026_08_08,2026_08,Vietnam,VND,베트남 동,25463,Daily,State Bank of Vietnam (sbv.gov.vn Official Central Rate),2026-10-01 06:31:13
3401,2026_08_10,2026_08,Vietnam,VND,베트남 동,25491,Daily,State Bank of Vietnam (sbv.gov.vn Official Central Rate),2026-10-01 06:31:13
3402,2026_08_11,2026_08,Vietnam,VND,베트남 동,25516,Daily,State Bank of Vietnam (sbv.gov.vn Official Central Rate),2026-10-01 06:31:13
3403,2026_08_12,2026_08,Vietnam,VND,베트남 동,25539,Daily,State Bank of Vietnam (sbv.gov.vn Official Central Rate),2026-10-01 06:31:13
3404,2026_08_13,2026_08,Vietnam,VND,베트남 동,25566,Daily,State Bank of Vietnam (sbv.gov.vn Official Central Rate),2026-10-01 06:31:13
3405,2026_08_14,2026_08,Vietnam,VND,베트남 동,25561,Daily,State Bank of Vietnam (sbv.gov.vn Official Central Rate),2026-10-01 06:31:13
3406,2026_08_15,2026_08,Vietnam,VND,베트남 동,25561,Daily,State Bank of Vietnam (sbv.gov.vn Official Central Rate),2026-10-01 06:31:13
3407,2026_08_17,2026_08,Vietnam,VND,베트남 동,25586,Daily,State Bank of Vietnam (sbv.gov.vn Official Central Rate),2026-10-01 06:31:13
3408,2026_08_18,2026_08,Vietnam,VND,베트남 동,25580,Daily,State Bank of Vietnam (sbv.gov.vn Official Central Rate),2026-10-01 06:31:13
3409,2026_08_19,2026_08,Vietnam,VND,베트남 동,25598,Daily,State Bank of Vietnam (sbv.gov.vn Official Central Rate),2026-10-01 06:31:13
3410,2026_08_20,2026_08,Vietnam,VND,베트남 동,25590,Daily,State Bank of Vietnam (sbv.gov.vn Official Central Rate),2026-10-01 06:31:13
3411,2026_08_21,2026_08,Vietnam,VND,베트남 동,25600,Daily,State Bank of Vietnam (sbv.gov.vn Official Central Rate),2026-10-01 06:31:13
3412,2026_08_22,2026_08,Vietnam,VND,베트남 동,25600,Daily,State Bank of Vietnam (sbv.gov.vn Official Central Rate),2026-10-01 06:31:13
3413,2026_08_24,2026_08,Vietnam,VND,베트남 동,25600,Daily,State Bank of Vietnam (sbv.gov.vn Official Central Rate),2026-10-01 06:31:13
3414,2026_08_25,2026_08,Vietnam,VND,베트남 동,25615,Daily,State Bank of Vietnam (sbv.gov.vn Official Central Rate),2026-10-01 06:31:13
3415,2026_08_26,2026_08,Vietnam,VND,베트남 동,25611,Daily,State Bank of Vietnam (sbv.gov.vn Official Central Rate),2026-10-01 06:31:13
3416,2026_08_27,2026_08,Vietnam,VND,베트남 동,25611,Daily,State Bank of Vietnam (sbv.gov.vn Official Central Rate),2026-10-01 06:31:13
3417,2026_08_28,2026_08,Vietnam,VND,베트남 동,25610,Daily,State Bank of Vietnam (sbv.gov.vn Official Central Rate),2026-10-01 06:31:13
3418,2026_08_29,2026_08,Vietnam,VND,베트남 동,25610,Daily,State Bank of Vietnam (sbv.gov.vn Official Central Rate),2026-10-01 06:31:13
3419,2026_08_31,2026_08,Vietnam,VND,베트남 동,25610,Daily,State Bank of Vietnam (sbv.gov.vn Official Central Rate),2026-10-01 06:31:13
3420,2026_09_03,2026_09,Vietnam,VND,베트남 동,25615,Daily,State Bank of Vietnam (sbv.gov.vn Official Central Rate),2026-10-01 06:31:13
3421,2026_09_04,2026_09,Vietnam,VND,베트남 동,25605,Daily,State Bank of Vietnam (sbv.gov.vn Official Central Rate),2026-10-01 06:31:13
3422,2026_09_05,2026_09,Vietnam,VND,베트남 동,25605,Daily,State Bank of Vietnam (sbv.gov.vn Official Central Rate),2026-10-01 06:31:13
3423,2026_09_07,2026_09,Vietnam,VND,베트남 동,25611,Daily,State Bank of Vietnam (sbv.gov.vn Official Central Rate),2026-10-01 06:31:13
3424,2026_09_08,2026_09,Vietnam,VND,베트남 동,25603,Daily,State Bank of Vietnam (sbv.gov.vn Official Central Rate),2026-10-01 06:31:13
3425,2026_09_09,2026_09,Vietnam,VND,베트남 동,25594,Daily,State Bank of Vietnam (sbv.gov.vn Official Central Rate),2026-10-01 06:31:13
3426,2026_09_10,2026_09,Vietnam,VND,베트남 동,25591,Daily,State Bank of Vietnam (sbv.gov.vn Official Central Rate),2026-10-01 06:31:13
3427,2026_09_11,2026_09,Vietnam,VND,베트남 동,25596,Daily,State Bank of Vietnam (sbv.gov.vn Official Central Rate),2026-10-01 06:31:13
3428,2026_09_12,2026_09,Vietnam,VND,베트남 동,25596,Daily,State Bank of Vietnam (sbv.gov.vn Official Central Rate),2026-10-01 06:31:13
3429,2026_09_14,2026_09,Vietnam,VND,베트남 동,25607,Daily,State Bank of Vietnam (sbv.gov.vn Official Central Rate),2026-10-01 06:31:13
3430,2026_09_15,2026_09,Vietnam,VND,베트남 동,25617,Daily,State Bank of Vietnam (sbv.gov.vn Official Central Rate),2026-10-01 06:31:13
3431,2026_09_16,2026_09,Vietnam,VND,베트남 동,25626,Daily,State Bank of Vietnam (sbv.gov.vn Official Central Rate),2026-10-01 06:31:13
3432,2026_09_17,2026_09,Vietnam,VND,베트남 동,25632,Daily,State Bank of Vietnam (sbv.gov.vn Official Central Rate),2026-10-01 06:31:13
3433,2026_09_18,2026_09,Vietnam,VND,베트남 동,25637,Daily,State Bank of Vietnam (sbv.gov.vn Official Central Rate),2026-10-01 06:31:13
3434,2026_09_19,2026_09,Vietnam,VND,베트남 동,25637,Daily,State Bank of Vietnam (sbv.gov.vn Official Central Rate),2026-10-01 06:31:13
3435,2026_09_21,2026_09,Vietnam,VND,베트남 동,25637,Daily,State Bank of Vietnam (sbv.gov.vn Official Central Rate),2026-10-01 06:31:13
3436,2026_09_22,2026_09,Vietnam,VND,베트남 동,25640,Daily,State Bank of Vietnam (sbv.gov.vn Official Central Rate),2026-10-01 06:31:13
3437,2026_09_23,2026_09,Vietnam,VND,베트남 동,25635,Daily,State Bank of Vietnam (sbv.gov.vn Official Central Rate),2026-10-01 06:31:13
3438,2026_09_24,2026_09,Vietnam,VND,베트남 동,25635,Daily,State Bank of Vietnam (sbv.gov.vn Official Central Rate),2026-10-01 06:31:13
3439,2026_09_25,2026_09,Vietnam,VND,베트남 동,25641,Daily,State Bank of Vietnam (sbv.gov.vn Official Central Rate),2026-10-01 06:31:13
3440,2026_09_26,2026_09,Vietnam,VND,베트남 동,25641,Daily,State Bank of Vietnam (sbv.gov.vn Official Central Rate),2026-10-01 06:31:13
3441,2026_09_28,2026_09,Vietnam,VND,베트남 동,25632,Daily,State Bank of Vietnam (sbv.gov.vn Official Central Rate),2026-10-01 06:31:13
3442,2026_09_29,2026_09,Vietnam,VND,베트남 동,25630,Daily,State Bank of Vietnam (sbv.gov.vn Official Central Rate),2026-10-01 06:31:13
3443,2026_09_30,2026_09,Vietnam,VND,베트남 동,25627,Daily,State Bank of Vietnam (sbv.gov.vn Official Central Rate),2026-10-01 06:31:13
3444,2026_10_01,2026_10,Vietnam,VND,베트남 동,25624,Daily,State Bank of Vietnam (sbv.gov.vn Official Central Rate),2026-10-01 06:31:13
